timestamp_sec,voltage
3e-06,-0.0006718750000000001
0.004061,-0.00053125
0.008056,0.00084375
0.012056,0.00033593750000000003
0.016056,0.0
0.020055,-0.0008359375
0.024056,7.8125e-06
0.028055,0.000421875
0.032055,0.00010156250000000001
0.036055,-0.00084375
0.040055,4.6875e-05
0.044055,0.0007578125
0.048055,7.031250000000001e-05
0.052055,-0.0017421875
0.056055,7.8125e-06
0.060055,0.00059375
0.064055,-4.6875e-05
0.068055,-0.001484375
0.072055,3.90625e-05
0.076055,0.0007890625
0.080055,-0.0004140625
0.084055,-0.0008984375
0.088055,-2.34375e-05
0.092055,0.000484375
0.096055,-1.5625e-05
0.100055,-0.000859375
0.104055,-0.000828125
0.108055,0.0005703125
0.112055,0.0003125
0.116055,5.46875e-05
0.120055,-0.0009296875000000001
0.124058,-4.6875e-05
0.128056,0.0002265625
0.132056,0.000125
0.136055,-0.0006640625
0.140056,1.5625e-05
0.144055,0.0007421875
0.148054,7.8125e-06
0.152055,-0.0017578125
0.156056,4.6875e-05
0.160056,0.000609375
0.164056,6.25e-05
0.168055,-0.0016328125
0.172055,0.0001171875
0.176055,0.00065625
0.180055,0.0002890625
0.184055,-0.0006718750000000001
0.188055,-9.375e-05
0.192056,0.000484375
0.196055,0.0001328125
0.200055,-0.000625
0.204055,-0.0006328125
0.208055,0.00078125
0.212054,0.0001953125
0.216054,-7.8125e-06
0.220054,-0.0004921875
0.224055,1.5625e-05
0.228055,0.0003515625
0.232055,4.6875e-05
0.236055,-0.0009765625
0.240055,1.5625e-05
0.244055,0.000828125
0.248055,5.46875e-05
0.252055,-0.0015546875
0.256055,3.125e-05
0.260055,0.00053125
0.264056,0.0001171875
0.268056,-0.0018437500000000001
0.272055,0.00020312500000000002
0.276055,0.000640625
0.280055,-3.125e-05
0.284055,-0.00071875
0.288056,0.00028125000000000003
0.292055,0.0005390625
0.296055,0.00028125000000000003
0.300055,-0.0006484375
0.304055,-0.000703125
0.308055,0.0004765625
0.312055,0.00034375
0.316055,3.90625e-05
0.320055,-0.0005
0.324058,2.34375e-05
0.328056,0.000375
0.332056,9.375e-05
0.336055,-0.0004296875
0.340056,4.6875e-05
0.344055,0.0005078125
0.348055,9.375e-05
0.352055,-0.0019140625
0.356055,-4.6875e-05
0.360055,0.0005
0.364056,2.34375e-05
0.368055,-0.001796875
0.372056,2.34375e-05
0.376055,0.0007578125
0.380055,7.031250000000001e-05
0.384055,-0.00190625
0.388055,-7.8125e-05
0.392055,0.000390625
0.396055,0.0001484375
0.400056,-0.0005703125
0.404055,0.0001328125
0.408055,0.0003671875
0.412055,0.00028125000000000003
0.416055,3.125e-05
0.420056,-0.00075
0.424055,2.34375e-05
0.428055,0.00046093750000000003
0.432055,7.031250000000001e-05
0.436055,-0.0010859375
0.440055,-3.125e-05
0.444055,0.0004453125
0.448055,7.031250000000001e-05
0.452055,-0.0015859375
0.456055,-2.34375e-05
0.460055,0.0005234375
0.464055,8.59375e-05
0.468055,-0.0016093750000000001
0.472055,0.0
0.476055,0.0006796875000000001
0.480056,-0.0003046875
0.484055,-0.0019453125
0.488055,2.34375e-05
0.492056,0.00053125
0.496055,-0.0002265625
0.500056,-0.00075
0.504055,-0.0003828125
0.508054,0.0
0.512055,0.0003828125
0.516055,3.125e-05
0.520055,-0.001171875
0.524058,-1.5625e-05
0.528056,0.0003125
0.532056,3.90625e-05
0.536055,-0.0009609375
0.540056,-1.5625e-05
0.544056,0.0004296875
0.548055,3.90625e-05
0.552056,-0.0016328125
0.556056,-2.34375e-05
0.560055,0.0006484375
0.564055,7.031250000000001e-05
0.568054,-0.0018828125
0.572055,7.031250000000001e-05
0.576055,0.0007890625
0.580056,-3.125e-05
0.584055,-0.0017734375
0.588055,-0.000296875
0.592055,0.000328125
0.596056,2.34375e-05
0.600055,-1.5625e-05
0.604056,7.8125e-06
0.608055,7.031250000000001e-05
0.612055,0.0003046875
0.616055,7.8125e-06
0.620056,-0.0007421875
0.624055,1.5625e-05
0.628054,0.0002578125
0.632054,9.375e-05
0.636055,-0.0009609375
0.640055,2.34375e-05
0.644055,0.0004375
0.648055,8.59375e-05
0.652055,-0.001515625
0.656055,2.34375e-05
0.660055,0.000640625
0.664055,7.031250000000001e-05
0.668055,-0.0014453125
0.672055,-7.8125e-06
0.676055,0.0008203125
0.680057,-1.5625e-05
0.684056,-0.002078125
0.688055,0.00015625
0.692056,0.000859375
0.696056,4.6875e-05
0.700055,-3.90625e-05
0.704055,0.000125
0.708055,3.90625e-05
0.712055,0.0003671875
0.716055,-2.34375e-05
0.720055,-0.0009453125
0.724058,1.5625e-05
0.728055,0.00040625000000000004
0.732056,0.0001171875
0.736055,-0.0009140625
0.740057,4.6875e-05
0.744056,0.0003203125
0.748055,0.0
0.752055,-0.0011796875
0.756057,-7.8125e-06
0.760056,0.0007109375
0.764056,0.000109375
0.768055,-0.0020546875
0.772056,0.0002265625
0.776055,0.00090625
0.780055,0.0
0.784055,-0.0021328125
0.788055,-4.6875e-05
0.792055,0.0005234375
0.796055,0.000296875
0.800055,-2.34375e-05
0.804055,-6.25e-05
0.808055,1.5625e-05
0.812056,0.000328125
0.816055,5.46875e-05
0.820055,-0.0006640625
0.824055,-4.6875e-05
0.828055,0.0003125
0.832055,6.25e-05
0.836055,-0.0012578125
0.840055,-3.125e-05
0.844055,0.000546875
0.848055,0.00010156250000000001
0.852055,-0.001703125
0.856055,6.25e-05
0.860055,0.0008203125
0.864055,0.00010156250000000001
0.868055,-0.0021328125
0.872055,0.0001875
0.876055,0.0005546875000000001
0.880055,0.00039843750000000003
0.884055,-0.00209375
0.888055,0.0001953125
0.892055,0.000890625
0.896055,-3.125e-05
0.900055,-3.125e-05
0.904055,-6.25e-05
0.908055,4.6875e-05
0.912055,0.0001640625
0.916055,2.34375e-05
0.920055,-0.00096875
0.924058,7.8125e-06
0.928056,0.000359375
0.932056,2.34375e-05
0.936055,-0.0008984375
0.940056,6.25e-05
0.944055,0.0003671875
0.948056,6.25e-05
0.952055,-0.0011796875
0.956056,7.8125e-06
0.960055,0.00075
0.964056,8.59375e-05
0.968055,-0.0017890625
0.972055,1.5625e-05
0.976056,0.000984375
0.980054,-7.031250000000001e-05
0.984055,-0.0023046875
0.988055,-0.00015625
0.992055,0.000765625
0.996055,0.0001171875
1.000055,1.5625e-05
1.004055,-5.46875e-05
1.008056,7.8125e-06
1.012056,-0.000484375
1.016055,1.5625e-05
1.020055,-0.0005390625
1.024055,5.46875e-05
1.028055,0.000296875
1.032055,7.8125e-05
1.036055,-0.00096875
1.040055,-2.34375e-05
1.044055,0.00046875
1.048055,7.031250000000001e-05
1.052055,-0.0013046875
1.056055,4.6875e-05
1.060055,0.0007734375
1.064055,8.59375e-05
1.068055,-0.0016328125
1.072055,-3.90625e-05
1.076055,0.0007890625
1.080056,-5.46875e-05
1.084055,-0.0022109375000000002
1.088055,-0.0001171875
1.092055,0.000953125
1.096055,-0.00028125000000000003
1.100055,7.8125e-06
1.104055,-0.00015625
1.108055,-3.125e-05
1.112055,0.00025
1.116055,3.125e-05
1.120055,-0.00109375
1.124057,-2.34375e-05
1.128057,0.0004140625
1.132056,0.0
1.136055,-0.0010625
1.140055,2.34375e-05
1.144056,0.00028125000000000003
1.148056,7.8125e-05
1.152055,-0.00103125
1.156056,-3.125e-05
1.160056,0.0008125000000000001
1.164055,3.125e-05
1.168055,-0.0018125
1.172055,-7.8125e-05
1.176054,0.0009765625
1.180055,-0.00034375
1.184055,-0.0024453125
1.188055,-0.00025
1.192055,0.0009296875000000001
1.196055,0.0
1.200055,3.90625e-05
1.204055,-0.000265625
1.208055,6.25e-05
1.212056,-0.00014062500000000002
1.216055,4.6875e-05
1.220055,-0.000734375
1.224055,0.0
1.228055,0.00028125000000000003
1.232055,3.90625e-05
1.236055,-0.00103125
1.240054,4.6875e-05
1.244055,0.0004765625
1.248055,4.6875e-05
1.252055,-0.0009921875
1.256055,3.90625e-05
1.260055,0.000875
1.264056,2.34375e-05
1.268055,-0.0016640625
1.272056,0.0
1.276055,0.000859375
1.280055,0.00025
1.284056,-0.00190625
1.288055,0.0001328125
1.292055,0.00065625
1.296055,-4.6875e-05
1.300055,-7.8125e-06
1.304055,0.00014062500000000002
1.308055,4.6875e-05
1.312055,0.00034375
1.316055,2.34375e-05
1.320055,-0.001140625
1.324058,-7.8125e-06
1.328056,0.0005234375
1.332056,7.8125e-06
1.336056,-0.0010859375
1.340055,7.8125e-06
1.344055,0.00025
1.348055,5.46875e-05
1.352055,-0.00115625
1.356055,0.0
1.360056,0.0007578125
1.364056,3.125e-05
1.368055,-0.0017734375
1.372055,-6.25e-05
1.376055,0.00090625
1.380055,4.6875e-05
1.384055,-0.0021171875
1.388055,0.0003515625
1.392055,0.00075
1.396055,0.0005
1.400055,-0.00209375
1.404055,0.0002109375
1.408055,3.125e-05
1.412055,-0.00046875
1.416055,3.125e-05
1.420055,1.5625e-05
1.424055,3.125e-05
1.428055,0.000421875
1.432055,7.8125e-05
1.436055,-0.0008515625
1.440055,-7.8125e-05
1.444055,0.000546875
1.448055,7.031250000000001e-05
1.452055,-0.001546875
1.456055,-3.125e-05
1.460055,0.0004140625
1.464055,6.25e-05
1.468055,-0.002
1.472055,5.46875e-05
1.476056,0.000828125
1.480055,7.031250000000001e-05
1.484055,-0.0018359375000000001
1.488056,-0.000125
1.492055,0.000765625
1.496055,-0.00033593750000000003
1.500056,-0.002171875
1.504055,-0.0001484375
1.508055,3.125e-05
1.512055,-4.6875e-05
1.516055,3.125e-05
1.520055,-0.00053125
1.524057,1.5625e-05
1.528056,0.000578125
1.532055,2.34375e-05
1.536055,-0.000984375
1.540056,3.125e-05
1.544056,0.00046875
1.548056,6.25e-05
1.552055,-0.0011328125
1.556055,3.90625e-05
1.560055,0.00065625
1.564055,5.46875e-05
1.568055,-0.0021328125
1.572055,2.34375e-05
1.576055,0.0009218750000000001
1.580055,7.031250000000001e-05
1.584055,-0.0019296875
1.588055,-9.375e-05
1.592055,0.0009218750000000001
1.596056,-4.6875e-05
1.600055,-0.0016484375
1.604055,-0.00015625
1.608055,1.5625e-05
1.612055,-0.00033593750000000003
1.616055,1.5625e-05
1.620055,6.25e-05
1.624055,-7.8125e-06
1.628055,0.0003203125
1.632055,3.125e-05
1.636055,-0.0010703125
1.640055,3.90625e-05
1.644055,0.000640625
1.648055,7.8125e-06
1.652054,-0.001734375
1.656054,5.46875e-05
1.660055,0.0005546875000000001
1.664055,-2.34375e-05
1.668055,-0.00203125
1.672055,-3.90625e-05
1.676055,0.0009375
1.680057,-7.8125e-06
1.684056,-0.0042734375
1.688055,-0.0002578125
1.692055,0.0008203125
1.696055,-0.000265625
1.700055,-0.002078125
1.704055,0.0001640625
1.708055,7.031250000000001e-05
1.712055,0.000171875
1.716055,5.46875e-05
1.720055,-0.0005234375
1.724058,7.8125e-06
1.728057,0.0005859375
1.732056,3.90625e-05
1.736055,-0.0013203125
1.740055,4.6875e-05
1.744055,0.000484375
1.748055,6.25e-05
1.752055,-0.001203125
1.756055,-3.90625e-05
1.760055,0.00059375
1.764056,3.90625e-05
1.768055,-0.0017265625
1.772055,0.0
1.776055,0.000890625
1.780055,3.125e-05
1.784055,-0.002125
1.788055,0.0001796875
1.792056,0.000890625
1.796055,0.0002109375
1.800055,-0.0018203125
1.804055,-0.00010156250000000001
1.808055,7.8125e-05
1.812055,4.6875e-05
1.816055,3.90625e-05
1.820055,0.000109375
1.824055,1.5625e-05
1.828055,0.000234375
1.832055,2.34375e-05
1.836055,-0.0009140625
1.840055,7.8125e-06
1.844055,0.0005625000000000001
1.848055,5.46875e-05
1.852055,-0.0016093750000000001
1.856055,3.125e-05
1.860055,0.0007578125
1.864056,4.6875e-05
1.868055,-0.001921875
1.872055,-1.5625e-05
1.876055,0.0008671875
1.880055,7.8125e-06
1.884055,-0.0019140625
1.888055,-0.0002265625
1.892055,0.000875
1.896055,-0.0003125
1.900056,-0.0022421875000000003
1.904055,0.0004375
1.908055,0.0009921875
1.912055,0.0001796875
1.916055,1.5625e-05
1.920055,-0.0005078125
1.924058,5.46875e-05
1.928056,-0.0001328125
1.932056,7.8125e-06
1.936055,-0.0012578125
1.940055,2.34375e-05
1.944055,0.00059375
1.948055,3.90625e-05
1.952055,-0.00109375
1.956055,5.46875e-05
1.960055,0.0006015625
1.964055,5.46875e-05
1.968055,-0.0015
1.972055,7.031250000000001e-05
1.976055,0.000875
1.980055,3.90625e-05
1.984055,-0.002046875
1.988056,-7.8125e-06
1.992055,0.001078125
1.996055,-1.5625e-05
2.000056,-0.001796875
2.004055,-0.0007109375
2.008054,0.0007734375
2.012055,-0.0001640625
2.016055,4.6875e-05
2.020055,2.34375e-05
2.024055,-3.90625e-05
2.028055,-0.00014062500000000002
2.032055,2.34375e-05
2.036055,-0.00084375
2.040055,7.8125e-06
2.044055,0.00053125
2.048055,3.90625e-05
2.052055,-0.0016484375
2.056055,4.6875e-05
2.060055,0.0006640625
2.064055,9.375e-05
2.068055,-0.0011953125
2.072055,-5.46875e-05
2.076055,0.0009296875000000001
2.080056,1.5625e-05
2.084055,-0.0017265625
2.088055,4.6875e-05
2.092055,0.0007265625
2.096055,-0.0002578125
2.100055,-0.00209375
2.104055,0.0003515625
2.108055,0.00109375
2.112055,-0.00025
2.116055,1.5625e-05
2.120055,-0.0009375
2.124058,0.0
2.128056,0.000328125
2.132056,-0.00071875
2.136057,-0.0014375
2.140056,7.8125e-05
2.144055,0.0006015625
2.148056,0.0
2.152056,-0.0009765625
2.156056,7.8125e-06
2.160056,0.0005
2.164055,7.8125e-06
2.168055,-0.0013984375
2.172055,5.46875e-05
2.176056,0.0008125000000000001
2.180055,6.25e-05
2.184055,-0.0021875
2.188055,-7.8125e-05
2.192056,0.0010859375
2.196054,-7.031250000000001e-05
2.200054,-0.0018515625000000001
2.204055,-0.00046875
2.208055,0.000953125
2.212056,0.0002890625
2.216055,6.25e-05
2.220056,-4.6875e-05
2.224055,7.8125e-06
2.228055,-7.8125e-06
2.232055,7.8125e-05
2.236055,-0.0010078125
2.240055,2.34375e-05
2.244056,0.000453125
2.248055,7.8125e-06
2.252055,-0.001453125
2.256055,-7.8125e-06
2.260054,0.00075
2.264054,7.8125e-06
2.268055,-0.0013671875000000001
2.272057,6.25e-05
2.276056,0.0011015625000000001
2.280056,2.34375e-05
2.284055,-0.001703125
2.288055,7.8125e-06
2.292055,0.0008828125
2.296055,3.125e-05
2.300055,-0.0015625
2.304056,0.00028125000000000003
2.308055,0.00109375
2.312055,8.59375e-05
2.316055,3.125e-05
2.320055,-7.8125e-06
2.324057,7.031250000000001e-05
2.328057,0.0004921875
2.332056,5.46875e-05
2.336055,-0.0013593750000000001
2.340056,2.34375e-05
2.344055,0.0006015625
2.348055,7.031250000000001e-05
2.352055,-0.0014375
2.356055,5.46875e-05
2.360054,0.0003828125
2.364056,6.25e-05
2.368055,-0.0013515625000000001
2.372055,0.0
2.376055,0.0008125000000000001
2.380056,7.031250000000001e-05
2.384055,-0.001828125
2.388055,-3.125e-05
2.392055,0.0009453125
2.396055,-4.6875e-05
2.400056,-0.0019453125
2.404055,-0.0005546875000000001
2.408055,0.0008125000000000001
2.412055,0.000421875
2.416055,7.031250000000001e-05
2.420055,-5.46875e-05
2.424055,-2.34375e-05
2.428055,-0.00028125000000000003
2.432055,7.8125e-05
2.436055,-0.000328125
2.440055,6.25e-05
2.444055,0.0004140625
2.448055,4.6875e-05
2.452055,-0.0014140625
2.456055,7.8125e-06
2.460055,0.0006953125
2.464055,7.8125e-05
2.468055,-0.0011093750000000001
2.472055,-6.25e-05
2.476055,0.000578125
2.480055,6.25e-05
2.484055,-0.0021953125
2.488055,1.5625e-05
2.492055,0.000625
2.49608,0.0
2.500065,-0.0016093750000000001
2.504058,0.000265625
2.508055,0.0010546875
2.512055,-0.0003515625
2.516065,-0.0015546875
2.520062,-0.00046093750000000003
2.524059,5.46875e-05
2.528055,0.0001640625
2.532073,1.5625e-05
2.536065,-0.0009921875
2.540071,3.90625e-05
2.54406,0.00075
2.548068,9.375e-05
2.552059,-0.001078125
2.556071,3.90625e-05
2.560067,0.0004375
2.564075,-2.34375e-05
2.568064,-0.0009140625
2.572063,-7.8125e-06
2.57607,0.0006640625
2.580064,3.90625e-05
2.58406,-0.0018046875
2.588055,-1.5625e-05
2.592055,0.0009765625
2.596054,4.6875e-05
2.600055,-0.0018671875000000001
2.604057,-0.0005234375
2.608079,0.001078125
2.612073,0.000546875
2.616074,-0.003421875
2.620073,-0.0005390625
2.624058,3.90625e-05
2.628084,-0.0003046875
2.632061,-2.34375e-05
2.636064,-0.00010156250000000001
2.64007,6.25e-05
2.64406,0.000515625
2.648083,3.125e-05
2.652059,-0.0011953125
2.656054,1.5625e-05
2.660055,0.000625
2.664066,4.6875e-05
2.668056,-0.0015078125
2.672054,0.0
2.676055,0.0005546875000000001
2.680065,9.375e-05
2.684057,-0.0016953125
2.688055,3.90625e-05
2.692054,0.0007421875
2.696054,1.5625e-05
2.700054,-0.001421875
2.704054,-0.000265625
2.708055,0.0010625
2.712054,-0.0001796875
2.716054,-0.0011953125
2.720054,-0.00010156250000000001
2.724054,3.90625e-05
2.728054,0.0006875
2.732054,4.6875e-05
2.736054,-0.0003515625
2.740054,7.8125e-06
2.744054,0.000640625
2.748054,7.031250000000001e-05
2.752053,-0.001375
2.756053,4.6875e-05
2.760054,0.00033593750000000003
2.764054,1.5625e-05
2.76806,-0.00115625
2.772055,1.5625e-05
2.776053,0.0004765625
2.780053,3.90625e-05
2.784053,-0.001546875
2.788054,-3.90625e-05
2.792053,0.0009218750000000001
2.796053,4.6875e-05
2.800053,-0.0018671875000000001
2.804053,-0.000171875
2.808054,0.0012109375
2.812053,0.000625
2.816053,-0.003375
2.820053,-0.0006328125
2.824054,1.5625e-05
2.828053,0.0
2.832053,6.25e-05
2.836053,6.25e-05
2.840054,2.34375e-05
2.844054,0.00039843750000000003
2.848053,9.375e-05
2.852053,-0.0011328125
2.856053,7.8125e-06
2.860053,0.00053125
2.864053,0.0
2.868053,-0.0014765625
2.872054,2.34375e-05
2.876053,0.0007109375
2.880053,3.90625e-05
2.884053,-0.0018671875000000001
2.888053,-4.6875e-05
2.892053,0.0007265625
2.896053,4.6875e-05
2.900053,-0.0012890625
2.904053,-7.031250000000001e-05
2.908053,0.0011640625
2.912053,-0.0004140625
2.916053,-0.0035859375
2.920053,-0.0001171875
2.924056,0.0005078125
2.928054,0.00021875
2.932053,3.125e-05
2.936053,-0.00103125
2.940053,-7.8125e-06
2.944053,0.0002890625
2.948053,3.90625e-05
2.952053,-0.001078125
2.956053,-7.8125e-06
2.960053,0.0004921875
2.964053,5.46875e-05
2.968054,-0.001140625
2.972054,-2.34375e-05
2.976053,0.0005390625
2.980053,3.90625e-05
2.984053,-0.0018125
2.988053,1.5625e-05
2.992053,0.000859375
2.996053,0.0001171875
3.000054,-0.002140625
3.004053,0.0
3.008053,0.001484375
3.012053,0.00075
3.016053,-0.000984375
3.020053,-0.000625
3.024053,0.0003828125
3.028053,3.125e-05
3.032053,7.031250000000001e-05
3.036053,-5.46875e-05
3.040053,4.6875e-05
3.044054,-0.000125
3.048054,3.90625e-05
3.052053,-0.0011328125
3.056053,-1.5625e-05
3.060053,0.00053125
3.06406,7.031250000000001e-05
3.068055,-0.0015390625
3.072053,3.125e-05
3.076053,0.0008203125
3.080053,4.6875e-05
3.084053,-0.0012734375
3.088053,-7.8125e-06
3.092054,0.0008203125
3.096054,4.6875e-05
3.100054,-0.0018203125
3.104053,1.5625e-05
3.108053,0.000640625
3.112054,-0.0005703125
3.116054,-0.000984375
3.120053,-0.0002421875
3.124055,0.000515625
3.128054,0.00014062500000000002
3.132054,8.59375e-05
3.136054,-0.000859375
3.140074,7.031250000000001e-05
3.144055,0.000546875
3.148054,9.375e-05
3.152054,-0.0013984375
3.156054,1.5625e-05
3.160053,0.000515625
3.164054,8.59375e-05
3.168054,-0.001203125
3.172054,-3.90625e-05
3.176053,0.0005234375
3.180053,7.031250000000001e-05
3.184053,-0.0016171875000000001
3.188054,-4.6875e-05
3.192054,0.00090625
3.196054,8.59375e-05
3.200058,-0.0020859375
3.204075,0.0
3.208059,0.00121875
3.212074,0.0003515625
3.216067,-0.0006484375
3.220058,-0.000953125
3.224072,0.0005234375
3.22807,3.90625e-05
3.232059,6.25e-05
3.236072,-9.375e-05
3.240066,6.25e-05
3.244059,0.0003125
3.248072,1.5625e-05
3.252066,-0.0006953125
3.256058,3.90625e-05
3.260065,0.0004921875
3.264074,4.6875e-05
3.26806,-0.0016250000000000001
3.272071,-1.5625e-05
3.27607,0.000625
3.280059,8.59375e-05
3.284066,-0.0018828125
3.288055,-3.125e-05
3.292053,0.0011171875000000001
3.296053,6.25e-05
3.300055,-0.0012421875
3.304054,7.031250000000001e-05
3.308053,0.00059375
3.312053,-7.8125e-06
3.316054,-0.0009765625
3.320055,0.0001875
3.324055,0.000515625
3.328053,0.0002265625
3.332053,0.000109375
3.336053,-0.000765625
3.340055,-7.8125e-06
3.344054,0.000859375
3.348053,9.375e-05
3.352053,-0.0014453125
3.356053,3.90625e-05
3.360055,0.00059375
3.364054,1.5625e-05
3.368053,-0.0013984375
3.372052,3.90625e-05
3.376053,0.000484375
3.380055,5.46875e-05
3.384054,-0.0015625
3.388053,-3.90625e-05
3.392053,0.0008046875000000001
3.396053,6.25e-05
3.400055,-0.0015625
3.404053,-3.90625e-05
3.408053,0.0007265625
3.412053,0.00046875
3.416054,-0.0009765625
3.420055,-0.0004765625
3.424054,0.00021875
3.428054,0.0006171875
3.432053,5.46875e-05
3.436053,0.0001171875
3.440055,4.6875e-05
3.444054,0.00010156250000000001
3.448054,3.125e-05
3.452054,-0.001078125
3.456053,3.125e-05
3.460055,0.0003671875
3.464054,4.6875e-05
3.468053,-0.0015703125
3.472053,7.031250000000001e-05
3.476053,0.0008515625
3.480055,9.375e-05
3.484054,-0.0014609375
3.488054,0.0
3.492053,0.0007578125
3.496053,7.8125e-05
3.500055,-0.0035546875
3.504055,1.5625e-05
3.508054,0.00033593750000000003
3.512053,-0.00034375
3.516053,-0.000890625
3.520055,0.0001171875
3.524055,0.000484375
3.528054,9.375e-05
3.532053,-0.00059375
3.536053,-0.0006718750000000001
3.540056,7.031250000000001e-05
3.544054,0.000515625
3.548054,3.90625e-05
3.552053,-0.000828125
3.556054,3.90625e-05
3.560055,0.00065625
3.564054,7.8125e-05
3.568054,-0.0014296875
3.572053,0.00010156250000000001
3.576053,0.0004765625
3.580055,5.46875e-05
3.584054,-0.0014296875
3.588053,7.8125e-06
3.592053,0.0006953125
3.596053,4.6875e-05
3.600055,-0.0035078125
3.604054,-7.8125e-06
3.608053,0.0005546875000000001
3.612053,7.8125e-05
3.616053,-0.0007734375
3.620054,-0.0011015625000000001
3.624054,0.00028125000000000003
3.628053,0.0001484375
3.632053,-0.0004765625
3.636053,-0.0007265625
3.640054,5.46875e-05
3.644054,-0.0001796875
3.648054,5.46875e-05
3.652053,-0.000625
3.656053,3.90625e-05
3.660055,0.0005078125
3.664054,3.90625e-05
3.668053,-0.0015390625
3.672053,8.59375e-05
3.676053,0.00071875
3.680057,6.25e-05
3.684055,-0.001890625
3.688054,1.5625e-05
3.692053,0.00046875
3.696056,7.8125e-05
3.700055,-0.003390625
3.704054,2.34375e-05
3.708054,0.000359375
3.712053,-0.000125
3.716053,-0.0007578125
3.720055,-4.6875e-05
3.724055,0.0005
3.728055,-5.46875e-05
3.732053,-0.0009296875000000001
3.736053,-0.000609375
3.740055,7.031250000000001e-05
3.744054,0.0004765625
3.748054,4.6875e-05
3.752053,-0.0007968750000000001
3.756053,7.8125e-06
3.760055,0.00071875
3.764054,1.5625e-05
3.768053,-0.00153125
3.772053,2.34375e-05
3.776054,0.00059375
3.780055,6.25e-05
3.784055,-0.0012109375
3.788054,3.125e-05
3.792053,0.0006796875000000001
3.796053,3.90625e-05
3.800055,-0.00096875
3.804054,7.031250000000001e-05
3.808053,0.000546875
3.812054,0.0002421875
3.816053,-0.0006953125
3.820055,-0.00046875
3.824054,0.0004921875
3.828053,0.00065625
3.832053,-0.0006015625
3.836053,-0.0007109375
3.840055,0.000109375
3.844054,0.00020312500000000002
3.848053,4.6875e-05
3.852053,-0.0004375
3.856053,2.34375e-05
3.860055,0.0004296875
3.864054,7.8125e-05
3.868053,-0.00153125
3.872053,8.59375e-05
3.876053,0.0007265625
3.880054,6.25e-05
3.884054,-0.001828125
3.888053,3.125e-05
3.892053,0.0006875
3.896053,0.0001171875
3.900055,-0.00096875
3.904055,9.375e-05
3.908053,0.000328125
3.912053,7.8125e-05
3.916053,-0.000734375
3.920055,-0.0001484375
3.924055,0.0004140625
3.928054,-9.375e-05
3.932054,-0.00125
3.936053,-0.000640625
3.940055,8.59375e-05
3.944054,0.0005546875000000001
3.948053,6.25e-05
3.952054,-0.0008125000000000001
3.956053,6.25e-05
3.960055,0.000734375
3.964054,8.59375e-05
3.968054,-0.0018984375
3.972053,1.5625e-05
3.976053,0.00053125
3.980055,3.125e-05
3.984054,-0.0013359375
3.988054,1.5625e-05
3.992053,0.0004296875
3.996053,-6.25e-05
4.000055,-0.001875
4.004054,8.59375e-05
4.008054,0.00046093750000000003
4.012053,-0.00020312500000000002
4.016053,-0.0009921875
4.020055,-0.0004140625
4.024054,0.00039843750000000003
4.028054,0.0006640625
4.032053,-0.000515625
4.036053,-0.000890625
4.040055,0.0002734375
4.044054,0.0001875
4.048054,9.375e-05
4.052053,-0.0005078125
4.056053,-1.5625e-05
4.060055,0.0002578125
4.064054,4.6875e-05
4.068053,-0.0013437500000000001
4.072054,7.8125e-06
4.076053,0.000640625
4.080055,3.125e-05
4.084054,-0.00196875
4.088053,0.0
4.092053,0.00084375
4.096053,2.34375e-05
4.100055,-0.00140625
4.104054,-2.34375e-05
4.108053,0.00025
4.112053,-5.46875e-05
4.116053,-0.0006796875000000001
4.120055,-7.8125e-05
4.124055,0.00046875
4.128054,3.90625e-05
4.132053,-0.0009375
4.136053,-0.000421875
4.140054,0.0002890625
4.144054,0.0002890625
4.148053,8.59375e-05
4.152053,-0.001140625
4.156053,7.031250000000001e-05
4.160055,0.00040625000000000004
4.164054,8.59375e-05
4.168054,-0.001671875
4.172053,6.25e-05
4.176053,0.0006875
4.180055,4.6875e-05
4.184054,-0.0010546875
4.188053,-2.34375e-05
4.192053,0.0006718750000000001
4.196054,-3.90625e-05
4.200055,-0.00190625
4.204054,0.00046875
4.208053,0.000375
4.212054,-0.000234375
4.216053,-0.0008515625
4.220055,-2.34375e-05
4.224054,0.0006484375
4.228054,0.00040625000000000004
4.232053,-6.25e-05
4.236053,-0.0012265625
4.240055,9.375e-05
4.244054,0.00014062500000000002
4.248053,7.031250000000001e-05
4.252053,-0.0008125000000000001
4.256053,2.34375e-05
4.260055,0.0002265625
4.264054,7.8125e-05
4.268054,-0.00140625
4.272053,7.8125e-06
4.276054,0.0006875
4.280055,4.6875e-05
4.284054,-0.0019140625
4.288054,-2.34375e-05
4.292053,0.0007734375
4.296054,6.25e-05
4.300055,-0.001546875
4.304054,-0.0001796875
4.308053,0.00046093750000000003
4.312053,0.00028125000000000003
4.316054,-0.00040625000000000004
4.320055,-2.34375e-05
4.324055,0.0006875
4.328054,4.6875e-05
4.332054,-6.25e-05
4.336054,-0.0004140625
4.340055,9.375e-05
4.344054,0.0002734375
4.348053,1.5625e-05
4.352053,-0.0009453125
4.356053,2.34375e-05
4.360055,0.0005234375
4.364054,3.90625e-05
4.368053,-0.0019765625
4.372054,7.031250000000001e-05
4.376053,0.000609375
4.380055,6.25e-05
4.384054,-0.0014453125
4.388054,4.6875e-05
4.392053,0.0004375
4.396053,-4.6875e-05
4.400055,-0.001734375
4.404055,0.0004765625
4.408053,0.0004296875
4.412053,-0.0001796875
4.416053,-0.0006796875000000001
4.420055,-1.5625e-05
4.424054,0.0007890625
4.428054,0.0006484375
4.432054,-7.8125e-06
4.436053,-0.00090625
4.440055,0.0
4.444054,0.00040625000000000004
4.448053,2.34375e-05
4.452054,-0.00059375
4.456053,2.34375e-05
4.460054,0.0002421875
4.464054,5.46875e-05
4.468053,-0.0015
4.472053,0.0
4.476053,0.000515625
4.480055,9.375e-05
4.484054,-0.0016875
4.488054,7.031250000000001e-05
4.492053,0.00084375
4.496053,-1.5625e-05
4.500055,-0.0018203125
4.504054,0.000171875
4.508053,0.0005859375
4.512053,0.0004453125
4.516053,-0.000578125
4.520055,5.46875e-05
4.524059,0.0004375
4.528054,-9.375e-05
4.532054,7.8125e-06
4.536053,-0.00046875
4.540053,2.34375e-05
4.544059,0.0001875
4.548054,4.6875e-05
4.552053,-0.0009765625
4.556053,7.8125e-06
4.560054,0.000453125
4.564053,3.90625e-05
4.568053,-0.0012265625
4.572053,5.46875e-05
4.576053,0.00078125
4.580053,3.125e-05
4.584053,-0.0013984375
4.588053,0.0
4.592053,0.0006484375
4.596053,-0.00014062500000000002
4.600053,-0.0015234375
4.604053,-4.6875e-05
4.608053,0.0007109375
4.612053,-0.00071875
4.616053,-0.0009218750000000001
4.620053,-4.6875e-05
4.624053,0.0009453125
4.628053,0.00010156250000000001
4.632053,-2.34375e-05
4.636053,-0.0010078125
4.640053,-2.34375e-05
4.644053,0.000328125
4.648053,5.46875e-05
4.652053,-0.000578125
4.656053,7.8125e-05
4.660053,0.0003125
4.664053,2.34375e-05
4.668053,-0.0007109375
4.672053,4.6875e-05
4.676053,0.0004765625
4.680058,5.46875e-05
4.684054,-0.0016250000000000001
4.688054,8.59375e-05
4.692053,0.000890625
4.696054,-0.0005703125
4.700053,-0.0019296875
4.704053,-7.8125e-05
4.708054,0.0008984375
4.712053,0.0001171875
4.716053,-0.0009609375
4.720054,-0.0006015625
4.724053,0.0003671875
4.728053,-0.00020312500000000002
4.732053,-3.125e-05
4.736053,-0.0004296875
4.740053,2.34375e-05
4.744053,0.0002265625
4.748053,-3.125e-05
4.752053,-0.000640625
4.756053,0.0001171875
4.760061,0.0004375
4.764054,1.5625e-05
4.768053,-0.0012265625
4.772053,-7.8125e-06
4.776053,0.0007968750000000001
4.780053,5.46875e-05
4.784054,-0.0016328125
4.788053,2.34375e-05
4.792053,0.00059375
4.796052,0.0002578125
4.800053,-0.00140625
4.804053,-3.125e-05
4.808053,0.0008828125
4.812053,-0.000109375
4.816053,-0.0008671875
4.820053,0.000296875
4.824053,0.001015625
4.828053,2.34375e-05
4.832053,3.125e-05
4.836053,-0.0007968750000000001
4.840054,3.90625e-05
4.844054,0.000453125
4.848053,6.25e-05
4.852053,-0.0007890625
4.856053,0.0
4.860053,0.0003515625
4.864055,7.031250000000001e-05
4.868054,-0.0007265625
4.872053,5.46875e-05
4.876054,0.0005703125
4.880054,6.25e-05
4.884053,-0.001328125
4.888054,7.8125e-05
4.892053,0.0008828125
4.896053,-0.0005
4.900053,-0.0021796875
4.904053,0.000125
4.908053,0.0006953125
4.912053,0.00034375
4.916053,-0.0005234375
4.920053,-0.0001484375
4.924053,0.000234375
4.928053,0.0002734375
4.932053,5.46875e-05
4.936053,-0.0006718750000000001
4.940053,2.34375e-05
4.944053,0.00015625
4.948053,3.90625e-05
4.952053,-0.0008203125
4.956053,-3.125e-05
4.960053,0.000484375
4.964053,3.125e-05
4.968053,-0.0011171875000000001
4.972053,7.031250000000001e-05
4.976053,0.00075
4.980053,4.6875e-05
4.984053,-0.001828125
4.988053,4.6875e-05
4.992053,0.00059375
4.996053,0.00039843750000000003
5.000053,-0.0017578125
5.004076,7.031250000000001e-05
5.008054,0.0006328125
5.012053,-7.031250000000001e-05
5.016053,-0.0020390625
5.020053,0.0003125
5.024053,0.0003515625
5.028053,0.0001171875
5.032053,0.0
5.036053,-0.000109375
5.040053,2.34375e-05
5.044053,0.0005234375
5.048053,-1.5625e-05
5.052053,-0.00090625
5.056053,4.6875e-05
5.060053,0.0003828125
5.064053,8.59375e-05
5.068053,-0.0007578125
5.072053,0.00010156250000000001
5.076053,0.0003046875
5.080053,7.031250000000001e-05
5.084053,-0.0017265625
5.088053,3.90625e-05
5.092053,0.00071875
5.096053,0.000109375
5.100053,-0.0018359375000000001
5.104053,0.000453125
5.108053,0.000828125
5.112053,9.375e-05
5.116053,-0.0015546875
5.120053,-0.0004921875
5.124053,7.031250000000001e-05
5.128053,2.34375e-05
5.132053,0.0
5.136053,0.0001640625
5.140053,-2.34375e-05
5.144053,0.00034375
5.148053,-2.34375e-05
5.152053,-0.0006328125
5.156053,7.8125e-06
5.160053,0.000453125
5.164053,0.0
5.168053,-0.001421875
5.172053,4.6875e-05
5.176053,0.0004375
5.180053,9.375e-05
5.184053,-0.0018125
5.188053,-1.5625e-05
5.192053,0.000734375
5.196053,5.46875e-05
5.200053,-0.0018046875
5.204053,-0.0003828125
5.208053,0.000640625
5.212053,1.5625e-05
5.216053,-0.004328125
5.220053,0.0002890625
5.224054,1.5625e-05
5.228053,1.5625e-05
5.232054,3.125e-05
5.236053,-0.0003828125
5.240053,3.90625e-05
5.244054,0.000484375
5.248053,7.031250000000001e-05
5.252053,-0.0010703125
5.256053,7.8125e-06
5.260055,0.0002890625
5.264054,3.125e-05
5.268053,-0.0007968750000000001
5.272059,3.90625e-05
5.276054,0.00033593750000000003
5.280053,5.46875e-05
5.284053,-0.0016093750000000001
5.288053,2.34375e-05
5.292053,0.000734375
5.296054,6.25e-05
5.300053,-0.0020546875
5.304053,7.031250000000001e-05
5.308053,0.000890625
5.312053,-0.0002734375
5.316053,-0.00428125
5.320053,-0.000375
5.324053,7.8125e-06
5.328053,-7.8125e-06
5.332052,2.34375e-05
5.336053,0.000421875
5.340053,3.125e-05
5.344053,0.0001953125
5.348053,3.90625e-05
5.352053,-0.0008671875
5.356053,5.46875e-05
5.360053,0.000296875
5.364056,3.125e-05
5.368055,-0.001078125
5.372054,2.34375e-05
5.376053,0.0005625000000000001
5.380053,6.25e-05
5.384053,-0.0018359375000000001
5.388053,7.8125e-06
5.392053,0.0008125000000000001
5.396053,5.46875e-05
5.400053,-0.001734375
5.404053,-0.0004140625
5.408053,0.00075
5.412053,7.8125e-05
5.416053,-0.0018437500000000001
5.420053,-5.46875e-05
5.424053,2.34375e-05
5.428053,-0.0001171875
5.432053,6.25e-05
5.436053,-0.00021875
5.440053,-3.90625e-05
5.444053,0.0003828125
5.448053,4.6875e-05
5.452053,-0.0011484375
5.456053,4.6875e-05
5.460053,0.0005703125
5.464053,7.031250000000001e-05
5.468053,-0.0008984375
5.472053,8.59375e-05
5.476053,0.00040625000000000004
5.480053,5.46875e-05
5.484053,-0.0014453125
5.488053,0.0
5.492053,0.0006796875000000001
5.496053,7.031250000000001e-05
5.500053,-0.0019765625
5.504053,0.000453125
5.508054,0.000703125
5.512053,0.0002109375
5.516052,-0.0018359375000000001
5.520053,5.46875e-05
5.524053,1.5625e-05
5.528053,0.0001953125
5.532058,3.90625e-05
5.536054,0.000296875
5.540053,0.0
5.544053,-0.000328125
5.548053,6.25e-05
5.552053,-0.0009375
5.556053,-3.125e-05
5.560053,0.00040625000000000004
5.564053,9.375e-05
5.568053,-0.0012421875
5.572053,-7.8125e-06
5.576053,0.00053125
5.580053,8.59375e-05
5.584053,-0.0014375
5.588053,5.46875e-05
5.592053,0.0008515625
5.596053,7.8125e-06
5.600053,-0.00171875
5.604053,9.375e-05
5.608053,0.0006718750000000001
5.612053,0.000375
5.616053,-0.0017578125
5.620053,0.00020312500000000002
5.624053,0.000890625
5.628053,-0.000515625
5.632053,5.46875e-05
5.636053,-0.0003515625
5.640054,-1.5625e-05
5.644053,0.000265625
5.648053,7.8125e-05
5.652053,-0.0012109375
5.656053,3.90625e-05
5.660053,0.0005234375
5.664053,2.34375e-05
5.668053,-0.000625
5.672053,4.6875e-05
5.676053,0.0004921875
5.680058,1.5625e-05
5.684055,-0.0008359375
5.688054,-3.90625e-05
5.692054,0.0005625000000000001
5.696054,3.90625e-05
5.700053,-0.00209375
5.704053,2.34375e-05
5.708053,0.0009218750000000001
5.712053,-0.0003203125
5.716053,-0.0018046875
5.720053,-0.0002265625
5.724053,0.00078125
5.728054,0.00033593750000000003
5.732053,7.031250000000001e-05
5.736053,-0.000125
5.740053,1.5625e-05
5.744053,-0.0003203125
5.748053,0.00010156250000000001
5.752053,-0.000640625
5.756053,-6.25e-05
5.760058,0.0002265625
5.764055,4.6875e-05
5.768054,-0.0011640625
5.772053,-3.125e-05
5.776053,0.0006640625
5.780055,5.46875e-05
5.784053,-0.00153125
5.788054,3.125e-05
5.792053,0.000859375
5.796053,7.031250000000001e-05
5.800055,-0.0015625
5.804054,1.5625e-05
5.808053,0.0007421875
5.812053,0.0001171875
5.816053,-0.0016171875000000001
5.820055,0.00014062500000000002
5.824054,0.0007890625
5.828053,-0.00046875
5.832053,6.25e-05
5.836053,-3.90625e-05
5.840055,0.0
5.844054,0.0006875
5.848053,7.8125e-05
5.852054,-0.0012421875
5.856054,7.8125e-06
5.860055,0.000515625
5.864055,3.90625e-05
5.868053,-0.0011796875
5.872053,9.375e-05
5.876053,0.0003828125
5.880055,-7.8125e-06
5.884054,-0.0011640625
5.888053,5.46875e-05
5.892054,0.0010390625
5.896053,2.34375e-05
5.900055,-0.0020234375
5.904054,2.34375e-05
5.908053,0.0009453125
5.912054,-2.34375e-05
5.916053,-0.002125
5.920055,-8.59375e-05
5.924054,0.0009218750000000001
5.928055,6.25e-05
5.932054,8.59375e-05
5.936053,6.25e-05
5.940055,2.34375e-05
5.944054,0.00010156250000000001
5.948054,7.8125e-05
5.952053,-0.001375
5.956053,5.46875e-05
5.960055,0.0003828125
5.964054,7.031250000000001e-05
5.968053,-0.0016328125
5.972053,-6.25e-05
5.976053,0.000578125
5.980055,3.125e-05
5.984054,-0.001765625
5.988054,3.125e-05
5.992053,0.0009296875000000001
5.996053,0.00010156250000000001
6.000055,-0.0019296875
6.004054,-1.5625e-05
6.008053,0.00090625
6.012053,4.6875e-05
6.016053,-0.0021171875
6.020055,0.00014062500000000002
6.024054,0.00090625
6.028054,1.5625e-05
6.032053,2.34375e-05
6.036053,-3.125e-05
6.040055,-1.5625e-05
6.044054,0.0002109375
6.048054,6.25e-05
6.052053,-0.00025
6.056053,0.0
6.060055,0.000515625
6.064054,7.8125e-05
6.068053,-0.001140625
6.072053,2.34375e-05
6.076053,0.00065625
6.080055,4.6875e-05
6.084054,-0.001328125
6.088053,1.5625e-05
6.092053,0.00071875
6.096053,4.6875e-05
6.100055,-0.00215625
6.104054,-6.25e-05
6.108053,0.0008203125
6.112053,7.031250000000001e-05
6.116053,-0.0021953125
6.120055,7.8125e-05
6.124054,0.0009609375
6.128055,-8.59375e-05
6.132054,-0.0020703125
6.136053,-5.46875e-05
6.140055,3.125e-05
6.144054,0.00021875
6.148053,8.59375e-05
6.152053,-0.0002578125
6.156053,0.0
6.160055,0.0004921875
6.164054,7.031250000000001e-05
6.168053,-0.001375
6.172054,7.031250000000001e-05
6.176053,0.0007109375
6.180055,7.031250000000001e-05
6.184054,-0.001453125
6.188053,-7.8125e-06
6.192054,0.000640625
6.196053,7.8125e-05
6.200055,-0.00209375
6.204054,-6.25e-05
6.208053,0.0008125000000000001
6.212053,7.8125e-06
6.216053,-0.0020625
6.220055,0.00010156250000000001
6.224054,0.000875
6.228053,-0.000359375
6.232053,-0.0018203125
6.236053,-0.0001796875
6.240055,3.125e-05
6.244054,0.0
6.248054,-1.5625e-05
6.252053,-0.00034375
6.256053,3.90625e-05
6.260056,0.00053125
6.264054,1.5625e-05
6.268053,-0.001578125
6.272053,9.375e-05
6.276053,0.0006171875
6.280055,6.25e-05
6.284054,-0.0013828125
6.288053,3.125e-05
6.292053,0.0006328125
6.296052,2.34375e-05
6.300055,-0.0045625
6.304054,-5.46875e-05
6.308053,0.0009218750000000001
6.312053,9.375e-05
6.316054,-0.002328125
6.320055,4.6875e-05
6.324054,0.000859375
6.328055,3.90625e-05
6.332054,-0.0019921875
6.336054,-0.0001875
6.340055,3.125e-05
6.344054,7.031250000000001e-05
6.348053,3.125e-05
6.352054,-0.000421875
6.356053,6.25e-05
6.360054,0.0004375
6.364054,6.25e-05
6.368053,-0.0016640625
6.372054,9.375e-05
6.376053,0.0005078125
6.380055,6.25e-05
6.384054,-0.0015
6.388053,-1.5625e-05
6.392054,0.0004765625
6.396053,-7.8125e-06
6.400055,-0.0044218750000000005
6.404054,-2.34375e-05
6.408053,0.000984375
6.412053,7.031250000000001e-05
6.416054,-0.0019765625
6.420055,-0.00014062500000000002
6.424055,0.00090625
6.428054,7.8125e-06
6.432053,-0.0016875
6.436053,3.125e-05
6.440055,3.125e-05
6.444054,0.0002578125
6.448054,9.375e-05
6.452053,-3.125e-05
6.456053,3.90625e-05
6.460055,0.0004765625
6.464054,8.59375e-05
6.468053,-0.0015234375
6.472053,7.8125e-05
6.476053,0.00075
6.480055,1.5625e-05
6.484054,-0.001296875
6.488054,-4.6875e-05
6.492053,0.0006015625
6.496053,7.031250000000001e-05
6.500055,-0.0044921875000000005
6.504054,3.90625e-05
6.508054,0.0010390625
6.512053,9.375e-05
6.516053,-0.002046875
6.520055,4.6875e-05
6.524054,0.0009609375
6.528055,7.8125e-05
6.532054,-0.002328125
6.536055,-2.34375e-05
6.540055,-7.8125e-06
6.544054,-6.25e-05
6.548053,7.8125e-06
6.552053,-0.000390625
6.556053,3.125e-05
6.560055,0.0003203125
6.564053,7.8125e-05
6.568053,-0.0016953125
6.572054,2.34375e-05
6.576053,0.0006015625
6.580055,4.6875e-05
6.584054,-0.0013437500000000001
6.588054,4.6875e-05
6.592053,0.000578125
6.596053,0.000109375
6.600055,-0.00140625
6.604054,-2.34375e-05
6.608053,0.0008359375
6.612054,7.8125e-05
6.616054,-0.002359375
6.620055,7.8125e-06
6.624054,0.000828125
6.628053,0.00015625
6.632053,-0.001875
6.636054,-0.000234375
6.640055,0.00103125
6.644054,-4.6875e-05
6.648054,8.59375e-05
6.652053,-0.0004921875
6.656053,4.6875e-05
6.660055,4.6875e-05
6.664054,3.90625e-05
6.668053,-0.0014140625
6.672053,7.8125e-06
6.676053,0.000703125
6.680056,0.0
6.684055,-0.001296875
6.688054,3.125e-05
6.692054,0.00065625
6.696056,6.25e-05
6.700055,-0.0015234375
6.704054,7.8125e-06
6.708054,0.0009140625
6.712053,5.46875e-05
6.716053,-0.002078125
6.720055,-2.34375e-05
6.724054,0.000984375
6.728055,1.5625e-05
6.732054,-0.0022265625000000002
6.736053,-0.0002890625
6.740055,0.0010390625
6.744054,-0.00015625
6.748054,0.00010156250000000001
6.752053,-0.0005625000000000001
6.756053,2.34375e-05
6.760055,-0.00010156250000000001
6.764055,3.90625e-05
6.768054,-0.001390625
6.772053,3.90625e-05
6.776053,0.0007109375
6.780055,7.8125e-05
6.784054,-0.0012890625
6.788054,3.125e-05
6.792053,0.0005703125
6.796053,3.125e-05
6.800055,-0.0013671875000000001
6.804054,3.90625e-05
6.808053,0.0008046875000000001
6.812053,5.46875e-05
6.816054,-0.001796875
6.820055,2.34375e-05
6.824054,0.0009609375
6.828053,-8.59375e-05
6.832053,-0.001984375
6.836053,-0.0004375
6.840055,0.0011640625
6.844054,3.125e-05
6.848053,3.125e-05
6.852053,-0.0003671875
6.856053,1.5625e-05
6.860054,0.0003125
6.864054,0.000109375
6.868053,-0.0014765625
6.872053,3.90625e-05
6.876053,0.000703125
6.880054,3.125e-05
6.884054,-0.0013515625000000001
6.888053,-7.8125e-06
6.892053,0.0005078125
6.896053,3.125e-05
6.900055,-0.0013984375
6.904054,1.5625e-05
6.908054,0.0008203125
6.912054,7.031250000000001e-05
6.916054,-0.0019765625
6.920055,-3.125e-05
6.924054,0.00103125
6.928055,3.125e-05
6.932054,-0.0018984375
6.936054,-0.0004296875
6.940055,0.00125
6.944054,0.00021875
6.948053,7.8125e-05
6.952053,-0.00034375
6.956053,3.125e-05
6.960055,0.00040625000000000004
6.964054,5.46875e-05
6.968053,-0.0014609375
6.972053,6.25e-05
6.976053,0.00059375
6.980055,5.46875e-05
6.984054,-0.0015234375
6.988053,-0.000109375
6.992053,0.0005390625
6.996053,5.46875e-05
7.000055,-0.001671875
7.004054,-7.8125e-06
7.008054,0.000984375
7.012053,5.46875e-05
7.016053,-0.0017421875
7.020055,-3.90625e-05
7.024054,0.0009453125
7.028053,0.0001171875
7.032053,-0.001828125
7.036053,2.34375e-05
7.040055,0.001375
7.044054,0.00039843750000000003
7.048053,6.25e-05
7.052053,-0.0001875
7.056053,3.90625e-05
7.060055,0.00025
7.064054,4.6875e-05
7.068053,-0.0015
7.072053,2.34375e-05
7.076053,0.0005703125
7.080055,9.375e-05
7.084054,-0.0013593750000000001
7.088053,8.59375e-05
7.092053,0.0006171875
7.096053,6.25e-05
7.100055,-0.0015234375
7.104054,7.8125e-06
7.108053,0.000734375
7.112053,3.90625e-05
7.116053,-0.001921875
7.120055,-7.8125e-06
7.124054,0.0010625
7.128055,7.031250000000001e-05
7.132054,-0.002109375
7.136054,-3.125e-05
7.140054,0.0009296875000000001
7.144054,7.8125e-05
7.148053,-0.001015625
7.152053,-0.0002734375
7.156053,-6.25e-05
7.160055,0.0001484375
7.164054,0.000109375
7.168053,-0.000609375
7.172053,6.25e-05
7.176053,0.000578125
7.180055,5.46875e-05
7.184054,-0.0014140625
7.188053,-7.031250000000001e-05
7.192053,0.0005859375
7.196053,4.6875e-05
7.200055,-0.0015390625
7.204054,-1.5625e-05
7.208053,0.0008125000000000001
7.212053,7.8125e-06
7.216053,-0.0019375
7.220055,0.0
7.224055,0.001078125
7.228053,2.34375e-05
7.232053,-0.0017734375
7.236053,-0.00025
7.240055,0.000953125
7.244054,0.0001328125
7.248053,-0.0010234375
7.252053,-0.000484375
7.256053,0.0001171875
7.260055,9.375e-05
7.264058,4.6875e-05
7.268056,-0.000578125
7.272053,3.125e-05
7.276054,0.0006875
7.280055,0.0001171875
7.284054,-0.001328125
7.288054,2.34375e-05
7.292053,0.0006796875000000001
7.296053,7.031250000000001e-05
7.300055,-0.00146875
7.304055,7.8125e-06
7.308053,0.000765625
7.312053,1.5625e-05
7.316053,-0.0019296875
7.320055,-5.46875e-05
7.324054,0.001
7.328055,4.6875e-05
7.332054,-0.0016171875000000001
7.336054,-0.0005703125
7.340056,0.000421875
7.344054,-0.0001171875
7.348053,-0.00096875
7.352053,-0.0005859375
7.356054,-6.25e-05
7.360055,0.0001328125
7.364055,7.8125e-05
7.368053,-0.000578125
7.372053,-4.6875e-05
7.376053,0.00065625
7.380054,7.8125e-05
7.384053,-0.0015546875
7.388054,-7.8125e-06
7.392053,0.0006015625
7.396053,9.375e-05
7.400055,-0.0015546875
7.404054,3.125e-05
7.408053,0.00075
7.412054,7.8125e-05
7.416053,-0.001953125
7.420055,3.125e-05
7.424054,0.0010625
7.428053,3.90625e-05
7.432053,-0.0056015625
7.436053,-0.000375
7.440055,0.0005625000000000001
7.444054,0.000109375
7.448053,-0.001015625
7.452054,-0.00039843750000000003
7.456053,7.031250000000001e-05
7.460055,7.8125e-05
7.464054,0.000109375
7.468054,-0.0005859375
7.472053,3.125e-05
7.476053,0.0006953125
7.480055,4.6875e-05
7.484054,-0.0012578125
7.488054,-2.34375e-05
7.492053,0.0006484375
7.496053,3.125e-05
7.500055,-0.0018125
7.504054,-7.8125e-06
7.508054,0.0007421875
7.512053,8.59375e-05
7.516053,-0.0016484375
7.520055,-1.5625e-05
7.524054,0.00125
7.528055,2.34375e-05
7.532054,-0.0035234375
7.536053,-0.0003203125
7.540056,0.0004921875
7.544057,0.000328125
7.548054,-0.0010859375
7.552054,-0.0001484375
7.556053,3.90625e-05
7.560055,0.00033593750000000003
7.564054,0.00010156250000000001
7.568053,-0.000421875
7.572053,6.25e-05
7.576054,0.00046875
7.580055,0.00010156250000000001
7.584054,-0.0016015625000000001
7.588053,-7.8125e-06
7.592053,0.00059375
7.596053,-2.34375e-05
7.600055,-0.0018046875
7.604054,-1.5625e-05
7.608053,0.00065625
7.612053,6.25e-05
7.616053,-0.0019609375
7.620055,7.031250000000001e-05
7.624054,0.0012578125
7.628054,3.90625e-05
7.632054,-0.0036875000000000002
7.636053,3.125e-05
7.640054,0.000546875
7.644054,0.000296875
7.648053,-0.001
7.652053,-0.0002578125
7.656053,0.0004765625
7.660055,0.00021875
7.664054,8.59375e-05
7.668053,-0.00040625000000000004
7.672053,4.6875e-05
7.676053,0.00021875
7.680056,5.46875e-05
7.684055,-0.0014609375
7.688054,3.90625e-05
7.692053,0.000609375
7.696056,7.031250000000001e-05
7.700055,-0.0016796875
7.704056,-2.34375e-05
7.708055,0.000734375
7.712055,3.125e-05
7.716055,-0.0016328125
7.720057,-2.34375e-05
7.724056,0.00103125
7.728057,1.5625e-05
7.732056,-0.0011875
7.736055,7.8125e-06
7.740057,0.00040625000000000004
7.744056,3.125e-05
7.748055,-0.0010234375
7.752055,-0.00053125
7.756056,0.0004921875
7.760058,8.59375e-05
7.764057,0.00010156250000000001
7.768056,-0.0007265625
7.772055,1.5625e-05
7.776055,0.0003125
7.780057,8.59375e-05
7.784056,-0.001484375
7.788055,-7.8125e-06
7.792055,0.000734375
7.796054,0.00010156250000000001
7.800057,-0.00171875
7.804057,-9.375e-05
7.808056,0.0007265625
7.812055,3.90625e-05
7.816055,-0.0018203125
7.820058,-4.6875e-05
7.824057,0.0011796875
7.828055,8.59375e-05
7.832055,-0.0011796875
7.836055,0.0
7.840058,0.0005078125
7.844057,-2.34375e-05
7.848056,-0.0009218750000000001
7.852055,-0.000609375
7.856055,0.000546875
7.860058,0.000125
7.864057,3.125e-05
7.868056,-0.0009140625
7.872055,-2.34375e-05
7.876055,0.0003125
7.880058,0.00010156250000000001
7.884057,-0.001265625
7.888056,3.125e-05
7.892055,0.0007265625
7.896055,7.8125e-05
7.900057,-0.0015078125
7.904056,7.8125e-06
7.908056,0.0008359375
7.912055,2.34375e-05
7.916056,-0.0016640625
7.920057,3.90625e-05
7.924057,0.00109375
7.928058,0.0001328125
7.932057,-0.001046875
7.936055,7.8125e-05
7.940057,0.0005390625
7.944056,7.031250000000001e-05
7.948055,-0.000984375
7.952055,-0.000421875
7.956055,0.0004921875
7.960057,0.00025
7.964057,1.5625e-05
7.968055,-0.0007421875
7.972055,-4.6875e-05
7.976055,0.000328125
7.980057,3.125e-05
7.984056,-0.0014609375
7.988056,2.34375e-05
7.992055,0.000765625
7.996055,0.00010156250000000001
8.000058,-0.002
8.004056,-3.125e-05
8.008056,0.00078125
8.012055,6.25e-05
8.016055,-0.0017109375
8.020058,5.46875e-05
8.024056,0.00103125
8.028056,9.375e-05
8.032055,-0.0010078125
8.036055,-3.125e-05
8.040058,0.000546875
8.044057,0.0001953125
8.048055,-0.0007890625
8.052056,-0.0003046875
8.056055,0.0005546875000000001
8.060058,0.000375
8.064057,6.25e-05
8.068056,-0.0005234375
8.072055,9.375e-05
8.076055,0.000546875
8.080058,7.8125e-05
8.084057,-0.00190625
8.088057,-5.46875e-05
8.092055,0.00059375
8.096055,-7.8125e-06
8.100058,-0.0019375
8.104056,4.6875e-05
8.108055,0.0007265625
8.112055,2.34375e-05
8.116055,-0.001796875
8.120058,7.8125e-06
8.124057,0.0007968750000000001
8.128058,8.59375e-05
8.132056,-0.0011093750000000001
8.136056,3.90625e-05
8.140057,0.0004140625
8.144056,-0.000171875
8.148055,-0.0009921875
8.152055,-0.0003125
8.156056,0.00053125
8.160058,0.0003125
8.164056,-0.000875
8.168055,-0.000765625
8.172055,-3.90625e-05
8.176055,0.000390625
8.180057,7.8125e-05
8.184056,-0.0006875
8.188056,-2.34375e-05
8.192055,0.0006953125
8.196055,0.0001171875
8.200057,-0.0018671875000000001
8.204056,7.8125e-06
8.208055,0.0007578125
8.212055,7.031250000000001e-05
8.216055,-0.0019921875
8.220057,-3.90625e-05
8.224056,0.000640625
8.228056,2.34375e-05
8.232055,-0.001015625
8.236055,3.125e-05
8.240057,0.000375
8.244057,-0.0002890625
8.248056,-0.0010078125
8.252055,-0.0002890625
8.256055,0.000375
8.260057,0.00025
8.264056,-0.0008203125
8.268061,-0.0005859375
8.272057,1.5625e-05
8.276056,0.0003203125
8.280058,2.34375e-05
8.284057,-0.000859375
8.288056,-1.5625e-05
8.292056,0.000734375
8.296056,0.000109375
8.300058,-0.00165625
8.304056,2.34375e-05
8.308056,0.0007265625
8.312055,0.0
8.316055,-0.0016171875000000001
8.320058,-1.5625e-05
8.324057,0.0008203125
8.328058,6.25e-05
8.332057,-0.0010703125
8.336056,8.59375e-05
8.340057,0.0004296875
8.344056,-0.00020312500000000002
8.348056,-0.000875
8.352055,-0.0004765625
8.356055,0.0005859375
8.360058,0.0003203125
8.364056,-0.000625
8.368056,-0.000859375
8.372055,3.125e-05
8.376055,0.0003203125
8.380058,7.8125e-05
8.384057,-0.0009921875
8.388055,1.5625e-05
8.392055,0.0009140625
8.396055,0.00010156250000000001
8.400058,-0.0016093750000000001
8.404056,-3.125e-05
8.408055,0.0008828125
8.412055,8.59375e-05
8.416055,-0.0016640625
8.420058,0.0
8.424057,0.0007421875
8.428056,3.125e-05
8.432055,-0.001171875
8.436055,0.0001171875
8.440058,0.000484375
8.444057,-3.125e-05
8.448055,-0.0007265625
8.452055,-0.0007109375
8.456055,0.000734375
8.460057,0.0002109375
8.464057,7.8125e-06
8.468055,-0.0008828125
8.472055,7.8125e-06
8.476055,0.0002734375
8.480057,0.000109375
8.484056,-0.0009375
8.488055,6.25e-05
8.492055,0.0006875
8.496055,0.0001328125
8.500057,-0.001875
8.504056,7.8125e-06
8.508055,0.000765625
8.512055,7.8125e-05
8.516056,-0.0018125
8.520057,3.125e-05
8.524057,0.000734375
8.528058,3.125e-05
8.532057,-0.00096875
8.536056,0.0001796875
8.540058,0.0004765625
8.54406,3.125e-05
8.548058,-0.0008203125
8.552056,-0.00046875
8.556056,0.0006328125
8.560058,0.000359375
8.564056,-7.031250000000001e-05
8.568055,-0.00096875
8.572056,7.8125e-05
8.576055,0.00028125000000000003
8.580058,7.031250000000001e-05
8.584057,-0.000890625
8.588056,0.0
8.592055,0.0007734375
8.596055,9.375e-05
8.600058,-0.0018828125
8.604056,2.34375e-05
8.608055,0.0007109375
8.612055,2.34375e-05
8.616055,-0.00178125
8.620058,6.25e-05
8.624056,0.0006484375
8.628056,-1.5625e-05
8.632055,-0.002046875
8.636055,0.0003203125
8.640058,0.00046093750000000003
8.644057,3.125e-05
8.648055,-0.0008203125
8.652055,4.6875e-05
8.656055,0.0004921875
8.660058,0.00028125000000000003
8.664056,-3.125e-05
8.668055,-0.000640625
8.672055,-1.5625e-05
8.676055,0.0003203125
8.68006,9.375e-05
8.684058,-0.000890625
8.688056,-3.125e-05
8.692055,0.00034375
8.696059,7.031250000000001e-05
8.700058,-0.00190625
8.704056,3.125e-05
8.708055,0.0007578125
8.712055,8.59375e-05
8.716055,-0.0019375
8.720058,-1.5625e-05
8.724056,0.0008125000000000001
8.728058,-3.125e-05
8.732056,-0.0021953125
8.736055,0.0
8.740059,0.000453125
8.744056,1.5625e-05
8.748055,-0.0007578125
8.752055,-3.125e-05
8.756055,0.000546875
8.760058,0.0003671875
8.764062,-7.8125e-06
8.768057,-0.0006953125
8.772056,7.8125e-06
8.776056,0.0004375
8.780057,6.25e-05
8.784056,-0.00090625
8.788056,0.0
8.792055,0.0003515625
8.796055,5.46875e-05
8.800057,-0.0017734375
8.804057,-2.34375e-05
8.808056,0.0007265625
8.812056,7.031250000000001e-05
8.816055,-0.0014140625
8.820058,-7.8125e-06
8.824055,0.00075
8.828056,-0.0002734375
8.832055,-0.0017109375
8.836055,-0.0001875
8.840058,0.0002890625
8.844056,-0.00034375
8.848055,-0.0007734375
8.852055,-0.000265625
8.856055,0.00046875
8.860058,0.0002578125
8.864056,7.8125e-06
8.868056,-0.000859375
8.872055,3.90625e-05
8.876055,0.000359375
8.880058,6.25e-05
8.884057,-0.001140625
8.888055,5.46875e-05
8.892055,0.0002265625
8.896055,8.59375e-05
8.900058,-0.0019453125
8.904057,0.0
8.908056,0.0007578125
8.912055,4.6875e-05
8.916054,-0.0017578125
8.920058,7.8125e-05
8.924057,0.0008125000000000001
8.928058,-0.0002578125
8.932056,-0.002078125
8.936055,-0.0001796875
8.940057,0.00046093750000000003
8.944057,-5.46875e-05
8.948055,-0.00084375
8.952055,-9.375e-05
8.956055,0.0005859375
8.960057,0.00033593750000000003
8.964057,-3.125e-05
8.968055,-0.0007421875
8.972055,-7.8125e-06
8.976055,0.0002890625
8.980058,7.031250000000001e-05
8.984056,-0.00096875
8.988056,-7.031250000000001e-05
8.992055,0.00028125000000000003
8.996055,7.8125e-05
9.000058,-0.0017578125
9.004056,0.0
9.008056,0.000703125
9.012055,3.125e-05
9.016055,-0.0016484375
9.020057,-7.8125e-05
9.024056,0.0007968750000000001
9.028055,6.25e-05
9.032055,-0.001890625
9.036055,0.00028125000000000003
9.040057,0.0005859375
9.044056,0.0001796875
9.048056,-0.000578125
9.052055,0.0001640625
9.056055,0.00084375
9.060057,0.0002890625
9.064056,-3.90625e-05
9.068056,-0.0007421875
9.072055,4.6875e-05
9.076055,0.0003125
9.080058,7.031250000000001e-05
9.084056,-0.0008828125
9.088056,8.59375e-05
9.092055,0.000421875
9.096055,6.25e-05
9.100058,-0.001265625
9.104056,1.5625e-05
9.108056,0.0007734375
9.112055,0.0
9.116055,-0.0016953125
9.120058,-1.5625e-05
9.124057,0.0007265625
9.128058,8.59375e-05
9.132056,-0.002
9.136056,0.0002265625
9.140058,0.0008125000000000001
9.144056,0.00025
9.148055,-0.00071875
9.152055,0.000109375
9.156055,0.00078125
9.160058,0.00020312500000000002
9.164056,0.0
9.168056,-0.0008125000000000001
9.172055,3.125e-05
9.176054,0.0003828125
9.180058,3.90625e-05
9.184057,-0.000859375
9.188056,2.34375e-05
9.192055,0.0005234375
9.196055,6.25e-05
9.200058,-0.0011875
9.204056,5.46875e-05
9.208055,0.00065625
9.212056,7.031250000000001e-05
9.216055,-0.0018046875
9.220057,4.6875e-05
9.224056,0.00084375
9.228055,6.25e-05
9.232055,-0.001921875
9.236055,6.25e-05
9.240058,0.0008828125
9.244056,-4.6875e-05
9.248056,-0.000828125
9.252055,-0.0001328125
9.256056,0.0005078125
9.260059,-0.000109375
9.264057,7.8125e-06
9.268055,-0.0008515625
9.272055,-7.8125e-06
9.276056,0.000421875
9.280057,2.34375e-05
9.284056,-0.0009453125
9.288056,7.8125e-06
9.292056,0.0004375
9.296056,5.46875e-05
9.300057,-0.00115625
9.304056,-5.46875e-05
9.308055,0.0006015625
9.312055,7.031250000000001e-05
9.316055,-0.0019921875
9.320058,1.5625e-05
9.324056,0.0007578125
9.328058,-0.000109375
9.332056,-0.0020625
9.336055,-1.5625e-05
9.340057,0.0009296875000000001
9.344056,-0.00021875
9.348056,-0.0008359375
9.352055,-0.0002890625
9.356055,0.000296875
9.360058,-0.0003671875
9.364056,6.25e-05
9.368056,-0.0007421875
9.372055,7.8125e-06
9.376055,0.000328125
9.380058,-3.125e-05
9.384056,-0.001078125
9.388056,0.0
9.392055,0.0003515625
9.396055,6.25e-05
9.400058,-0.0013671875000000001
9.404056,0.0
9.408056,0.000765625
9.412055,6.25e-05
9.416055,-0.0018359375000000001
9.420058,-3.90625e-05
9.424056,0.000859375
9.428055,-0.0002265625
9.432055,-0.002046875
9.436056,-0.0001484375
9.440058,0.0009375
9.444057,-2.34375e-05
9.448055,-0.0004375
9.452056,-0.0001171875
9.456056,0.0003515625
9.460058,6.25e-05
9.464057,3.125e-05
9.468056,-0.001078125
9.472056,-2.34375e-05
9.476055,0.00033593750000000003
9.480058,3.90625e-05
9.484057,-0.0011484375
9.488055,0.0
9.492055,0.000390625
9.496055,0.00010156250000000001
9.500058,-0.00121875
9.504056,3.90625e-05
9.508056,0.00078125
9.512055,5.46875e-05
9.516055,-0.0018828125
9.520058,1.5625e-05
9.524056,0.0009296875000000001
9.528058,-0.0003515625
9.532056,-0.0019453125
9.536061,-0.0001484375
9.540058,0.00096875
9.544056,5.46875e-05
9.548055,-4.6875e-05
9.552055,8.59375e-05
9.556055,2.34375e-05
9.560057,0.0001171875
9.564057,4.6875e-05
9.568055,-0.00078125
9.572056,-4.6875e-05
9.576056,0.0003671875
9.580057,6.25e-05
9.584056,-0.0010390625
9.588056,-1.5625e-05
9.592055,0.000484375
9.596055,4.6875e-05
9.600057,-0.0010546875
9.604057,-3.125e-05
9.608055,0.0006640625
9.612055,7.8125e-05
9.616055,-0.001984375
9.620058,-7.8125e-06
9.624056,0.0008203125
9.628056,7.8125e-05
9.632055,-0.002109375
9.636055,0.0001328125
9.640058,0.0009296875000000001
9.644057,7.031250000000001e-05
9.648056,-0.0023046875
9.652055,3.125e-05
9.656055,2.34375e-05
9.660058,0.0001328125
9.664056,7.8125e-06
9.668056,1.5625e-05
9.672055,3.90625e-05
9.676055,0.0002734375
9.68006,8.59375e-05
9.684057,-0.001140625
9.688056,5.46875e-05
9.692055,0.0004765625
9.696059,7.031250000000001e-05
9.700058,-0.0011093750000000001
9.704057,7.8125e-06
9.708055,0.000515625
9.712055,7.8125e-05
9.716055,-0.0019921875
9.720057,1.5625e-05
9.724057,0.00071875
9.728058,5.46875e-05
9.732056,-0.0020859375
9.736056,0.00025
9.740058,0.0009218750000000001
9.744056,0.0002265625
9.748056,-0.004546875
9.752055,6.25e-05
9.756055,-7.8125e-06
9.760058,-9.375e-05
9.764056,5.46875e-05
9.76806,-0.0001171875
9.772057,2.34375e-05
9.776056,0.00046093750000000003
9.780058,6.25e-05
9.784056,-0.001140625
9.788056,7.8125e-06
9.792055,0.0005
9.796055,5.46875e-05
9.800057,-0.0011093750000000001
9.804056,3.125e-05
9.808056,0.00059375
9.812056,7.031250000000001e-05
9.816056,-0.002078125
9.820057,1.5625e-05
9.824056,0.00090625
9.828055,5.46875e-05
9.832055,-0.00215625
9.836056,7.031250000000001e-05
9.840057,0.0008828125
9.844056,-3.125e-05
9.848055,-0.0021796875
9.852056,-0.00015625
9.856055,-1.5625e-05
9.860058,-4.6875e-05
9.864056,4.6875e-05
9.868056,-0.000125
9.872055,7.8125e-06
9.876055,0.0003203125
9.880057,5.46875e-05
9.884057,-0.0011015625000000001
9.888055,3.90625e-05
9.892055,0.00053125
9.896055,0.0
9.900058,-0.0012734375
9.904057,0.0
9.908055,0.0005078125
9.912055,2.34375e-05
9.916055,-0.001984375
9.920058,4.6875e-05
9.924057,0.0008046875000000001
9.928058,7.8125e-06
9.932056,-0.0017890625
9.936055,-0.0002421875
9.940058,0.00096875
9.944055,-0.00025
9.948056,-0.0018437500000000001
9.952055,-0.000375
9.956055,6.25e-05
9.960058,-8.59375e-05
9.964056,4.6875e-05
9.968055,0.000109375
9.972055,-1.5625e-05
9.976055,0.00034375
9.980058,7.031250000000001e-05
9.984057,-0.0013671875000000001
9.988056,3.90625e-05
9.992055,0.00039843750000000003
9.996055,9.375e-05
10.000058,-0.0012421875
10.004087,-1.5625e-05
10.008056,0.0005546875000000001
10.012055,4.6875e-05
10.016055,-0.0018984375
10.020058,4.6875e-05
10.024057,0.0008671875
10.028055,6.25e-05
10.032055,-0.0022500000000000003
10.036055,-0.0001953125
10.040058,0.000890625
10.044056,-9.375e-05
10.048055,-0.0019453125
10.052055,-0.0001484375
10.056055,7.8125e-05
10.060058,0.00014062500000000002
10.064056,7.8125e-06
10.068055,0.00020312500000000002
10.072055,1.5625e-05
10.076055,0.000375
10.080057,2.34375e-05
10.084056,-0.0013593750000000001
10.088056,7.031250000000001e-05
10.092055,0.00040625000000000004
10.096055,3.125e-05
10.100057,-0.0009921875
10.104057,1.5625e-05
10.108055,0.000578125
10.112055,1.5625e-05
10.116055,-0.001703125
10.120057,6.25e-05
10.124056,0.00084375
10.128058,6.25e-05
10.132056,-0.0020703125
10.136056,-4.6875e-05
10.140057,0.0008125000000000001
10.144056,0.0002421875
10.148056,-0.0021015625
10.152055,2.34375e-05
10.156055,0.000953125
10.160057,-1.5625e-05
10.164056,-7.8125e-06
10.168056,-0.0001171875
10.172055,4.6875e-05
10.176055,-3.125e-05
10.180058,7.031250000000001e-05
10.184057,-0.001296875
10.188056,7.8125e-06
10.192055,0.000359375
10.196054,4.6875e-05
10.200058,-0.0014296875
10.204057,7.8125e-06
10.208055,0.00065625
10.212056,0.000109375
10.216055,-0.0016796875
10.220058,1.5625e-05
10.224057,0.00090625
10.228055,6.25e-05
10.232055,-0.002296875
10.236055,2.34375e-05
10.240058,0.000859375
10.244057,0.000265625
10.248056,-0.0021640625
10.252056,0.0001171875
10.256055,0.0009140625
10.260059,-6.25e-05
10.264062,3.125e-05
10.268057,-9.375e-05
10.272056,3.125e-05
10.276056,-0.00015625
10.280058,2.34375e-05
10.284056,-0.0010078125
10.288056,-5.46875e-05
10.292055,0.0005390625
10.296056,7.031250000000001e-05
10.300058,-0.001203125
10.304056,0.0
10.308055,0.0006718750000000001
10.312055,4.6875e-05
10.316055,-0.0013984375
10.320058,3.125e-05
10.324057,0.0008125000000000001
10.328058,6.25e-05
10.332056,-0.00209375
10.336056,7.8125e-06
10.340057,0.000953125
10.344056,-2.34375e-05
10.348056,-0.0020546875
10.352055,-0.0001171875
10.356055,0.0009609375
10.360057,-0.0002109375
10.364057,4.6875e-05
10.368056,-0.00010156250000000001
10.372056,-7.8125e-06
10.376055,0.000109375
10.380058,0.0
10.384057,-0.001421875
10.388055,7.8125e-06
10.392056,0.0005234375
10.396055,5.46875e-05
10.400057,-0.0013125
10.404057,3.90625e-05
10.408055,0.0006640625
10.412055,5.46875e-05
10.416055,-0.0014765625
10.420057,-1.5625e-05
10.424056,0.0008671875
10.428056,7.031250000000001e-05
10.432055,-0.0021171875
10.436055,-1.5625e-05
10.440058,0.0008125000000000001
10.444057,-7.8125e-05
10.448056,-0.001875
10.452055,-0.0001171875
10.456055,0.0009921875
10.460057,-6.25e-05
10.464056,4.6875e-05
10.468056,-0.0002265625
10.472055,-6.25e-05
10.476056,0.0001640625
10.480058,7.031250000000001e-05
10.484057,-0.00121875
10.488055,1.5625e-05
10.492055,0.00040625000000000004
10.496055,9.375e-05
10.500058,-0.00153125
10.504056,0.0
10.508056,0.00046093750000000003
10.512055,8.59375e-05
10.516055,-0.0017734375
10.520058,-1.5625e-05
10.524057,0.001078125
10.528059,8.59375e-05
10.532057,-0.00209375
10.536056,-7.8125e-06
10.540059,0.001015625
10.544058,-0.000234375
10.548056,-0.0019765625
10.552055,8.59375e-05
10.556055,0.001
10.560058,3.125e-05
10.564056,2.34375e-05
10.568056,-4.6875e-05
10.572055,7.8125e-06
10.576055,7.8125e-05
10.580058,4.6875e-05
10.584056,-0.0012890625
10.588056,6.25e-05
10.592055,0.0005078125
10.596055,9.375e-05
10.600058,-0.0013593750000000001
10.604057,3.90625e-05
10.608055,0.0006171875
10.612055,3.125e-05
10.616055,-0.001421875
10.620057,3.125e-05
10.624056,0.0008828125
10.628055,9.375e-05
10.632055,-0.004625
10.636055,7.8125e-05
10.640057,0.000984375
10.644056,2.34375e-05
10.648055,-0.002046875
10.652055,0.00020312500000000002
10.656055,0.000859375
10.660058,0.0001796875
10.664056,-0.0019609375
10.668056,-0.0001796875
10.672055,0.0
10.676055,0.000125
10.680059,3.90625e-05
10.684057,-0.00034375
10.688055,-7.8125e-06
10.692055,0.000375
10.696059,9.375e-05
10.700058,-0.0014609375
10.704056,1.5625e-05
10.708055,0.0005703125
10.712055,8.59375e-05
10.716055,-0.0015546875
10.720057,-6.25e-05
10.724057,0.00059375
10.728058,7.031250000000001e-05
10.732056,-0.0044921875000000005
10.736055,1.5625e-05
10.740058,0.0008515625
10.744056,6.25e-05
10.748056,-0.0021875
10.752055,4.6875e-05
10.756055,0.0009765625
10.760057,2.34375e-05
10.764056,-0.0017578125
10.768055,-5.46875e-05
10.772056,0.0
10.776059,-7.8125e-06
10.780058,8.59375e-05
10.784056,-0.00039843750000000003
10.788056,-7.8125e-05
10.792056,0.000484375
10.796056,9.375e-05
10.800058,-0.001453125
10.804056,5.46875e-05
10.808056,0.00065625
10.812056,7.8125e-05
10.816055,-0.0013437500000000001
10.820058,-2.34375e-05
10.824056,0.0006796875000000001
10.828056,7.031250000000001e-05
10.832056,-0.002109375
10.836055,-7.031250000000001e-05
10.840058,0.00084375
10.844057,7.031250000000001e-05
10.848056,-0.00209375
10.852055,-0.00015625
10.856055,0.0008984375
10.860058,-0.0001875
10.864056,-0.00190625
10.868055,-0.0004765625
10.872055,1.5625e-05
10.876055,-9.375e-05
10.880057,5.46875e-05
10.884056,-0.0005078125
10.888055,1.5625e-05
10.892055,0.00059375
10.896055,8.59375e-05
10.900057,-0.0015234375
10.904056,-7.8125e-06
10.908055,0.0006015625
10.912055,7.031250000000001e-05
10.916055,-0.0015625
10.920057,7.8125e-06
10.924056,0.0005078125
10.928058,3.90625e-05
10.932056,-0.002296875
10.936055,3.90625e-05
10.940057,0.000953125
10.944056,3.90625e-05
10.948056,-0.0020078125
10.952055,-8.59375e-05
10.956055,0.0009375
10.960057,-3.125e-05
10.964056,-0.0021328125
10.968055,-0.0001171875
10.972055,-3.125e-05
10.976055,-0.000109375
10.980058,8.59375e-05
10.984056,-0.000375
10.988056,7.8125e-05
10.992055,0.0005625000000000001
10.996055,5.46875e-05
11.000058,-0.0015078125
11.004057,4.6875e-05
11.008056,0.000609375
11.012056,7.8125e-06
11.016054,-0.0014375
11.020057,-7.8125e-06
11.024056,0.0004375
11.028055,-2.34375e-05
11.032055,-0.0019375
11.036055,-1.5625e-05
11.040058,0.0009375
11.044056,4.6875e-05
11.048055,-0.0017890625
11.052055,-0.0002109375
11.056055,0.0010078125
11.060058,0.0001328125
11.064056,-0.0018593750000000001
11.068055,-0.0001484375
11.072055,3.125e-05
11.076055,0.0001875
11.080058,0.00010156250000000001
11.084056,-0.000296875
11.088056,-2.34375e-05
11.092055,0.0005078125
11.096055,7.031250000000001e-05
11.100058,-0.0014921875
11.104056,-1.5625e-05
11.108056,0.00059375
11.112055,-1.5625e-05
11.116055,-0.0013828125
11.120057,1.5625e-05
11.124057,0.0005703125
11.128058,7.8125e-05
11.132056,-0.0022890625
11.136055,-2.34375e-05
11.140057,0.0010234375
11.144056,7.031250000000001e-05
11.148055,-0.0020625
11.152055,3.125e-05
11.156055,0.0010390625
11.160057,0.0002890625
11.164056,-0.0018828125
11.168056,-2.34375e-05
11.172055,0.001203125
11.176055,0.0002578125
11.180058,-2.34375e-05
11.184056,-0.000109375
11.188055,-7.8125e-06
11.192055,0.000265625
11.196055,2.34375e-05
11.200057,-0.0015937500000000001
11.204056,6.25e-05
11.208055,0.0005625000000000001
11.212055,3.90625e-05
11.216055,-0.0013359375
11.220057,3.90625e-05
11.224055,0.000484375
11.228056,6.25e-05
11.232055,-0.001421875
11.236055,-6.25e-05
11.240057,0.000828125
11.244056,3.125e-05
11.248055,-0.00190625
11.252055,0.0
11.256055,0.0009140625
11.260058,2.34375e-05
11.264057,-0.0018515625000000001
11.26806,-0.0003828125
11.272058,0.00078125
11.276056,3.125e-05
11.280058,5.46875e-05
11.284055,-0.0005
11.288054,6.25e-05
11.292056,5.46875e-05
11.296055,1.5625e-05
11.300058,-0.0014375
11.304056,5.46875e-05
11.308056,0.0006796875000000001
11.312055,7.031250000000001e-05
11.316055,-0.0011640625
11.320058,-7.031250000000001e-05
11.324056,0.0006953125
11.328058,-1.5625e-05
11.332056,-0.001484375
11.336055,1.5625e-05
11.340058,0.0008984375
11.344056,7.031250000000001e-05
11.348056,-0.0020546875
11.352055,1.5625e-05
11.356055,0.000984375
11.360058,-5.46875e-05
11.364056,-0.00165625
11.368056,-0.0003671875
11.372056,0.0004375
11.376055,-0.00028125000000000003
11.380058,9.375e-05
11.384057,-0.0005859375
11.388056,-3.125e-05
11.392055,-0.0001484375
11.396055,7.8125e-05
11.400058,-0.001390625
11.404057,-7.8125e-06
11.408056,0.0005859375
11.412055,6.25e-05
11.416055,-0.0014140625
11.420058,-1.5625e-05
11.424056,0.00065625
11.428056,3.90625e-05
11.432055,-0.0015859375
11.436055,-1.5625e-05
11.440057,0.0009140625
11.444056,4.6875e-05
11.448056,-0.001796875
11.452055,-2.34375e-05
11.456055,0.0011015625000000001
11.460057,7.8125e-05
11.464056,-0.0037343750000000003
11.468055,-0.00039843750000000003
11.472055,0.0005234375
11.476054,0.0002578125
11.480057,7.031250000000001e-05
11.484056,-0.0003125
11.488055,7.8125e-06
11.492056,0.0002109375
11.496055,-2.34375e-05
11.500057,-0.0013593750000000001
11.504056,3.90625e-05
11.508056,0.000609375
11.512054,4.6875e-05
11.516055,-0.001203125
11.520058,3.125e-05
11.524056,0.00078125
11.528058,6.25e-05
11.532056,-0.0014921875
11.536055,2.34375e-05
11.540057,0.0009375
11.544061,7.8125e-05
11.548058,-0.0018203125
11.552056,-3.90625e-05
11.556056,0.001015625
11.560058,-3.125e-05
11.564057,-0.0036015625
11.568056,-0.0004296875
11.572056,0.0005234375
11.576055,0.0003203125
11.580058,9.375e-05
11.584057,-0.0003203125
11.588056,1.5625e-05
11.592055,0.0003671875
11.596056,0.00010156250000000001
11.600058,-0.001515625
11.604057,2.34375e-05
11.608056,0.0005234375
11.612056,6.25e-05
11.616055,-0.0016484375
11.620058,-4.6875e-05
11.624057,0.0005234375
11.628056,0.0
11.632055,-0.0017421875
11.636055,3.125e-05
11.640058,0.0010390625
11.644057,3.90625e-05
11.648056,-0.0017890625
11.652055,-4.6875e-05
11.656055,0.0011953125
11.660058,9.375e-05
11.664057,-0.0011250000000000001
11.668056,-0.00015625
11.672055,0.00046093750000000003
11.676055,0.0002578125
11.68006,-0.001078125
11.684058,-0.0001484375
11.688056,2.34375e-05
11.692056,0.00034375
11.696059,9.375e-05
11.700058,-0.000546875
11.704056,5.46875e-05
11.708055,0.0004453125
11.712055,0.000109375
11.716055,-0.0015546875
11.720057,1.5625e-05
11.724057,0.000640625
11.728058,7.031250000000001e-05
11.732056,-0.0017578125
11.736055,1.5625e-05
11.740057,0.0006875
11.744056,7.8125e-05
11.748056,-0.001703125
11.752055,0.0
11.756055,0.0011953125
11.76006,1.5625e-05
11.764057,-0.0011875
11.768056,-0.0001328125
11.772056,0.0004296875
11.776056,8.59375e-05
11.780058,-0.0010390625
11.784057,-0.00039843750000000003
11.788056,3.125e-05
11.792055,1.5625e-05
11.796055,0.00010156250000000001
11.800058,-0.0007109375
11.804057,3.125e-05
11.808055,0.00039843750000000003
11.812055,7.8125e-05
11.816055,-0.0015703125
11.820058,5.46875e-05
11.824057,0.0007890625
11.828056,8.59375e-05
11.832055,-0.0017890625
11.836055,2.34375e-05
11.840058,0.0007734375
11.844057,5.46875e-05
11.848055,-0.001890625
11.852056,7.8125e-06
11.856055,0.001
11.860058,0.0001171875
11.864056,-0.001234375
11.868056,-0.0004296875
11.872056,0.000453125
11.876055,0.0001484375
11.880058,-0.000875
11.884057,-0.00028125000000000003
11.888056,1.5625e-05
11.892055,3.90625e-05
11.896054,7.031250000000001e-05
11.900058,-0.0008125000000000001
11.904057,5.46875e-05
11.908055,0.000640625
11.912055,0.000125
11.916055,-0.001515625
11.920058,-7.8125e-06
11.924057,0.000640625
11.928058,0.000109375
11.932056,-0.001796875
11.936055,0.0
11.940058,0.00075
11.944056,6.25e-05
11.948056,-0.0019921875
11.952055,7.8125e-06
11.956055,0.0011093750000000001
11.960058,9.375e-05
11.964056,-0.000984375
11.968055,-0.00078125
11.972055,0.00053125
11.976055,-0.00015625
11.980057,-0.000703125
11.984056,-0.0005234375
11.988055,3.90625e-05
11.992054,0.0001796875
11.996056,8.59375e-05
12.000057,-0.0007968750000000001
12.004056,2.34375e-05
12.008055,0.0004921875
12.012055,0.00010156250000000001
12.016055,-0.0016093750000000001
12.020057,1.5625e-05
12.024057,0.0006953125
12.028055,4.6875e-05
12.032055,-0.0018203125
12.036055,-3.90625e-05
12.040057,0.0007421875
12.044057,6.25e-05
12.048055,-0.00190625
12.052055,0.0
12.056055,0.001078125
12.060058,0.000109375
12.064056,-0.001046875
12.068056,-0.000515625
12.072055,0.00046875
12.076055,3.125e-05
12.080058,-0.0008203125
12.084057,-0.0004296875
12.088056,-5.46875e-05
12.092055,0.0002734375
12.096055,0.000109375
12.100058,-0.0006640625
12.104057,-7.8125e-06
12.108056,0.000640625
12.112055,7.8125e-05
12.116055,-0.0016953125
12.120058,7.8125e-06
12.124056,0.0006796875000000001
12.128058,5.46875e-05
12.132057,-0.00171875
12.136055,-3.125e-05
12.140058,0.0006171875
12.144056,0.00010156250000000001
12.148055,-0.0016484375
12.152055,-7.8125e-06
12.156055,0.0010234375
12.160058,7.8125e-06
12.164056,-0.0011875
12.168056,-0.00014062500000000002
12.172055,0.00040625000000000004
12.176055,0.0003671875
12.180058,-0.0009375
12.184057,-0.000125
12.188055,0.00040625000000000004
12.192055,0.000265625
12.196055,5.46875e-05
12.200058,-0.000734375
12.204056,4.6875e-05
12.208056,0.0002734375
12.212055,3.125e-05
12.216055,-0.0016796875
12.220058,1.5625e-05
12.224057,0.0008125000000000001
12.228056,7.031250000000001e-05
12.232055,-0.0018593750000000001
12.236055,3.90625e-05
12.240057,0.0007734375
12.244055,1.5625e-05
12.248055,-0.0017265625
12.252056,1.5625e-05
12.256057,0.000765625
12.260058,3.90625e-05
12.264058,-0.0012265625
12.268056,0.0
12.272056,0.00040625000000000004
12.276055,0.000234375
12.280055,-0.0009375
12.284055,-0.00040625000000000004
12.288055,0.00034375
12.292056,0.00025
12.296056,0.000109375
12.300055,-0.00053125
12.304055,3.90625e-05
12.308055,0.00028125000000000003
12.312055,8.59375e-05
12.316055,-0.0017890625
12.320056,2.34375e-05
12.324055,0.0006171875
12.328058,7.8125e-05
12.332057,-0.00171875
12.336056,-2.34375e-05
12.340055,0.0006796875000000001
12.344055,6.25e-05
12.348055,-0.0014609375
12.352056,7.8125e-06
12.356056,0.0004453125
12.360056,5.46875e-05
12.364056,-0.0010546875
12.368055,-7.8125e-06
12.372055,0.0004140625
12.376055,7.8125e-05
12.380055,-0.0007968750000000001
12.384055,-0.0004375
12.388055,0.0006796875000000001
12.392055,0.0002890625
12.396056,-7.8125e-06
12.400055,-0.0009375
12.404056,-4.6875e-05
12.408055,0.0003125
12.412055,7.8125e-06
12.416055,-0.0015234375
12.420055,-2.34375e-05
12.424055,0.0008203125
12.428055,6.25e-05
12.432055,-0.0017734375
12.436054,-7.8125e-06
12.440055,0.000859375
12.444056,7.031250000000001e-05
12.448055,-0.0017421875
12.452056,0.0
12.456055,0.0004765625
12.460055,5.46875e-05
12.464055,-0.0010546875
12.468055,3.90625e-05
12.472056,0.000515625
12.476055,-3.90625e-05
12.480055,-0.0006875
12.484055,-0.0007265625
12.488055,0.0007578125
12.492056,0.00025
12.496055,3.90625e-05
12.500055,-0.00071875
12.504054,6.25e-05
12.508055,0.0001640625
12.512056,4.6875e-05
12.516055,-0.0015937500000000001
12.520055,-7.8125e-06
12.524056,0.0007890625
12.528058,4.6875e-05
12.532057,-0.0016093750000000001
12.53606,-1.5625e-05
12.540058,0.0007734375
12.544056,-3.90625e-05
12.548055,-0.0017265625
12.552055,-7.8125e-06
12.556055,0.0005859375
12.560055,4.6875e-05
12.564055,-0.00090625
12.568054,0.0002421875
12.572055,0.000484375
12.576055,0.00021875
12.580056,-0.0006328125
12.584055,-0.00046875
12.588055,0.0008125000000000001
12.592055,0.000328125
12.596055,5.46875e-05
12.600055,-0.00071875
12.604055,0.000109375
12.608055,0.0004296875
12.612055,5.46875e-05
12.616055,-0.0016875
12.620055,4.6875e-05
12.624057,0.00078125
12.628055,6.25e-05
12.632055,-0.0017265625
12.636055,7.8125e-06
12.640055,0.0007265625
12.644055,0.0001171875
12.648055,-0.0018046875
12.652055,-3.125e-05
12.656055,0.0005234375
12.660055,7.8125e-06
12.664055,-0.000875
12.668055,0.0003203125
12.672055,0.0005078125
12.676055,0.00025
12.680063,-0.0007265625
12.684057,-0.0004765625
12.688056,0.000703125
12.692055,0.00039843750000000003
12.696059,-2.34375e-05
12.700057,-0.0006484375
12.704056,3.90625e-05
12.708055,0.0004140625
12.712055,0.000109375
12.716055,-0.0006875
12.720056,-1.5625e-05
12.724055,0.0006640625
12.728058,3.90625e-05
12.732057,-0.0018671875000000001
12.736056,7.8125e-06
12.740056,0.00075
12.744058,8.59375e-05
12.748057,-0.0018828125
12.752055,1.5625e-05
12.756055,0.0007734375
12.760055,-0.0001796875
12.764056,-0.0010390625
12.76806,-7.8125e-06
12.772057,0.00046875
12.776056,-4.6875e-05
12.780056,-0.00078125
12.784055,-0.0004375
12.788055,0.000609375
12.792055,0.000453125
12.796055,-1.5625e-05
12.800056,-0.0006171875
12.804055,0.0
12.808056,0.000265625
12.812055,0.00010156250000000001
12.816055,-0.0007890625
12.820055,3.90625e-05
12.824055,0.0007734375
12.828056,3.125e-05
12.832055,-0.0019140625
12.836055,3.125e-05
12.840055,0.0006718750000000001
12.844055,0.000109375
12.848055,-0.0017890625
12.852055,1.5625e-05
12.856055,0.0007890625
12.860056,-0.0001953125
12.864055,-0.000953125
12.868055,-4.6875e-05
12.872056,0.00039843750000000003
12.876056,-0.00020312500000000002
12.880056,-0.0010390625
12.884055,-0.0005703125
12.888055,0.0005546875000000001
12.892055,0.00033593750000000003
12.896055,-1.5625e-05
12.900056,-0.000734375
12.904055,7.8125e-06
12.908055,0.00034375
12.912055,0.0001171875
12.916054,-0.000875
12.920054,7.8125e-06
12.924055,0.0007734375
12.928058,5.46875e-05
12.932057,-0.0015703125
12.936056,-2.34375e-05
12.940056,0.0007968750000000001
12.944055,4.6875e-05
12.948055,-0.0018046875
12.952055,9.375e-05
12.956055,0.000828125
12.960055,-0.000125
12.964055,-0.0008671875
12.968055,-7.8125e-06
12.972056,0.00053125
12.976055,0.0
12.980055,-0.0008671875
12.984055,-0.000609375
12.988056,0.000625
12.992055,0.00039843750000000003
12.996056,-3.125e-05
13.000056,-0.00071875
13.004056,-1.5625e-05
13.008054,0.000296875
13.012055,4.6875e-05
13.016055,-0.0009375
13.020055,3.125e-05
13.024055,0.0008125000000000001
13.028055,0.000109375
13.032055,-0.0017265625
13.036055,2.34375e-05
13.040055,0.0007890625
13.044055,5.46875e-05
13.048055,-0.0017109375
13.052055,0.00010156250000000001
13.056055,0.0008984375
13.060055,-2.34375e-05
13.064055,-0.0007578125
13.068055,0.0001328125
13.072055,0.0004921875
13.076055,0.0001640625
13.080055,-0.0004921875
13.084055,-0.0009218750000000001
13.088055,0.000515625
13.092055,0.0002890625
13.096055,4.6875e-05
13.100055,-0.00071875
13.104055,5.46875e-05
13.108055,0.000296875
13.112055,9.375e-05
13.116055,-0.0009375
13.120055,-1.5625e-05
13.124055,0.0006796875000000001
13.128058,8.59375e-05
13.132057,-0.0018359375000000001
13.136056,2.34375e-05
13.140056,0.00071875
13.144055,4.6875e-05
13.148055,-0.002015625
13.152055,8.59375e-05
13.156055,0.0007968750000000001
13.160056,3.125e-05
13.164055,-0.000765625
13.168055,0.000125
13.172055,0.0005546875000000001
13.176055,0.00010156250000000001
13.180056,-0.00046093750000000003
13.184055,-0.000734375
13.188056,0.000390625
13.192055,0.000328125
13.196055,1.5625e-05
13.200055,-0.0009140625
13.204055,-1.5625e-05
13.208055,0.000421875
13.212055,9.375e-05
13.216055,-0.00096875
13.220055,-2.34375e-05
13.224055,0.0004765625
13.228055,3.90625e-05
13.232055,-0.0018671875000000001
13.236055,3.90625e-05
13.240055,0.000546875
13.244055,4.6875e-05
13.248055,-0.0018125
13.252055,0.00014062500000000002
13.256055,0.0008125000000000001
13.260057,0.0002109375
13.26406,-0.0021640625
13.268056,0.0001796875
13.272055,0.0004375
13.276056,-0.0001484375
13.280055,-0.000265625
13.284056,-0.000171875
13.288055,8.59375e-05
13.292055,0.000328125
13.296055,1.5625e-05
13.300055,-0.0007734375
13.304055,1.5625e-05
13.308056,0.00034375
13.312055,9.375e-05
13.316055,-0.0011640625
13.320055,-7.8125e-06
13.324055,0.00033593750000000003
13.328058,2.34375e-05
13.332057,-0.0018046875
13.336056,3.125e-05
13.340055,0.0006718750000000001
13.344055,0.000109375
13.348055,-0.001953125
13.352055,7.8125e-06
13.356055,0.0008828125
13.360055,-2.34375e-05
13.364055,-0.0021875
13.368055,7.031250000000001e-05
13.372055,0.0006328125
13.376055,7.8125e-06
13.380056,-3.90625e-05
13.384055,-0.00015625
13.388056,4.6875e-05
13.392055,0.0003671875
13.396055,3.125e-05
13.400056,-0.000734375
13.404055,2.34375e-05
13.408055,0.0004296875
13.412055,9.375e-05
13.416056,-0.0010625
13.420056,7.8125e-06
13.424055,0.0004375
13.428055,4.6875e-05
13.432055,-0.0018046875
13.436056,2.34375e-05
13.440055,0.000703125
13.444055,2.34375e-05
13.448055,-0.001765625
13.452055,-7.031250000000001e-05
13.456055,0.0009609375
13.460054,-0.000265625
13.464056,-0.002078125
13.468055,-0.00021875
13.472055,0.000484375
13.476055,-0.0001328125
13.480056,7.8125e-06
13.484055,-0.0002265625
13.488055,4.6875e-05
13.492055,0.0002734375
13.496055,3.125e-05
13.500054,-0.0009296875000000001
13.504055,1.5625e-05
13.508055,0.0003671875
13.512055,1.5625e-05
13.516055,-0.0012734375
13.520055,-5.46875e-05
13.524055,0.000328125
13.528058,-2.34375e-05
13.532057,-0.0017734375
13.536056,-4.6875e-05
13.54006,0.000828125
13.544058,5.46875e-05
13.548056,-0.0018359375000000001
13.552055,-9.375e-05
13.556055,0.000890625
13.560055,-0.00025
13.564056,-0.0020859375
13.568055,-0.0002109375
13.572055,0.0006015625
13.576056,-9.375e-05
13.580055,7.8125e-06
13.584056,-1.5625e-05
13.588055,8.59375e-05
13.592055,0.000296875
13.596055,6.25e-05
13.600055,-0.0010546875
13.604055,7.8125e-05
13.608055,0.00039843750000000003
13.612055,5.46875e-05
13.616055,-0.0011796875
13.620055,-3.90625e-05
13.624055,0.000390625
13.628055,3.90625e-05
13.632055,-0.0018125
13.636055,5.46875e-05
13.640055,0.0007890625
13.644055,0.00010156250000000001
13.648055,-0.0018593750000000001
13.652055,0.000125
13.656055,0.0009140625
13.660055,0.0002421875
13.664055,-0.0022187500000000002
13.668055,0.0001796875
13.672055,0.0008828125
13.676055,0.00021875
13.680062,1.5625e-05
13.684058,3.125e-05
13.688056,-2.34375e-05
13.692056,0.00034375
13.696059,6.25e-05
13.700057,-0.001140625
13.704056,-3.125e-05
13.708055,0.000375
13.712055,4.6875e-05
13.716055,-0.0012734375
13.720056,7.8125e-06
13.724055,0.0004765625
13.728058,1.5625e-05
13.732056,-0.0013984375
13.736056,-7.031250000000001e-05
13.740056,0.00084375
13.744055,4.6875e-05
13.748056,-0.0021796875
13.752055,-3.125e-05
13.756055,0.0007968750000000001
13.760056,0.0001953125
13.764055,-0.0021875
13.768057,0.0001640625
13.772059,0.000859375
13.776056,0.0002421875
13.780056,0.0
13.784056,5.46875e-05
13.788056,3.90625e-05
13.792055,-0.00039843750000000003
13.796055,0.0
13.800056,-0.0007578125
13.804055,-3.125e-05
13.808055,0.00053125
13.812055,2.34375e-05
13.816055,-0.0010078125
13.820055,3.90625e-05
13.824055,0.000515625
13.828055,6.25e-05
13.832055,-0.0011250000000000001
13.836055,-1.5625e-05
13.840055,0.00075
13.844055,1.5625e-05
13.848055,-0.0021015625
13.852055,3.125e-05
13.856055,0.0008984375
13.860055,-0.00010156250000000001
13.864055,-0.002
13.868055,-0.00015625
13.872055,0.000875
13.876055,-0.00015625
13.880056,5.46875e-05
13.884055,-0.0001171875
13.888055,2.34375e-05
13.892055,-0.0001640625
13.896055,8.59375e-05
13.900055,-0.0011171875000000001
13.904055,7.8125e-06
13.908055,0.00040625000000000004
13.912055,6.25e-05
13.916055,-0.00125
13.920055,5.46875e-05
13.924055,0.00034375
13.928058,7.031250000000001e-05
13.932057,-0.001296875
13.936056,3.125e-05
13.940055,0.000765625
13.944055,8.59375e-05
13.948056,-0.0020390625
13.952055,-3.90625e-05
13.956055,0.00084375
13.960056,-0.000125
13.964056,-0.00196875
13.968055,-0.0001484375
13.972055,0.0009218750000000001
13.976055,-0.00015625
13.980055,-2.34375e-05
13.984055,-0.00015625
13.988056,-3.125e-05
13.992055,-0.0001640625
13.996055,3.90625e-05
14.000055,-0.000875
14.004055,-7.8125e-06
14.008054,0.0004375
14.012056,9.375e-05
14.016056,-0.0011015625000000001
14.020056,0.0
14.024055,0.000359375
14.028055,3.90625e-05
14.032055,-0.0016328125
14.036055,1.5625e-05
14.040054,0.0008359375
14.044055,7.8125e-06
14.048055,-0.001984375
14.052055,-7.8125e-06
14.056055,0.00084375
14.060055,-7.031250000000001e-05
14.064055,-0.0019609375
14.068055,-8.59375e-05
14.072055,0.0009296875000000001
14.076055,-2.34375e-05
14.080055,0.0
14.084055,-1.5625e-05
14.088055,-3.125e-05
14.092055,-0.0001328125
14.096055,7.031250000000001e-05
14.100055,-0.0010859375
14.104055,2.34375e-05
14.108055,0.000375
14.112055,8.59375e-05
14.116055,-0.0013437500000000001
14.120056,-7.8125e-05
14.124055,0.000390625
14.128057,7.8125e-05
14.132057,-0.0012734375
14.136055,-3.125e-05
14.140056,0.00090625
14.144055,5.46875e-05
14.148055,-0.0019296875
14.152056,-7.8125e-06
14.156055,0.000953125
14.160056,-0.000265625
14.164055,-0.0044375000000000005
14.168055,-0.0001796875
14.172055,0.0008671875
14.176055,-3.90625e-05
14.180056,3.125e-05
14.184055,0.00020312500000000002
14.188055,2.34375e-05
14.192055,0.00021875
14.196055,1.5625e-05
14.200055,-0.00115625
14.204055,7.8125e-06
14.208055,0.0004921875
14.212055,6.25e-05
14.216055,-0.001140625
14.220056,3.125e-05
14.224055,0.0004453125
14.228055,9.375e-05
14.232055,-0.001546875
14.236055,-2.34375e-05
14.240056,0.0007968750000000001
14.244055,3.90625e-05
14.248055,-0.0022734375
14.252055,-3.125e-05
14.256055,0.0008359375
14.260055,7.031250000000001e-05
14.264056,-0.00465625
14.26806,-3.90625e-05
14.272057,0.0009375
14.276056,3.90625e-05
14.280056,-0.002
14.284055,-4.6875e-05
14.288055,3.125e-05
14.292055,-1.5625e-05
14.296055,9.375e-05
14.300055,-0.00014062500000000002
14.304055,3.90625e-05
14.308055,0.000421875
14.312055,7.031250000000001e-05
14.316055,-0.0011328125
14.320055,3.90625e-05
14.324055,0.0005546875000000001
14.328058,1.5625e-05
14.332057,-0.0014140625
14.336056,0.0
14.340056,0.00053125
14.344055,9.375e-05
14.348055,-0.002140625
14.352055,4.6875e-05
14.356055,0.0008046875000000001
14.360055,1.5625e-05
14.364056,-0.0021171875
14.368055,0.000109375
14.372055,0.000875
14.376055,0.0001171875
14.380056,-0.001984375
14.384055,0.0001484375
14.388055,-1.5625e-05
14.392055,-0.000171875
14.396055,4.6875e-05
14.400055,-0.0003828125
14.404055,-2.34375e-05
14.408055,0.0004453125
14.412055,6.25e-05
14.416055,-0.0011171875000000001
14.420056,-7.8125e-06
14.424055,0.000609375
14.428055,0.0001171875
14.432055,-0.00140625
14.436055,3.125e-05
14.440055,0.0006875
14.444056,4.6875e-05
14.448055,-0.0022265625000000002
14.452055,-7.8125e-06
14.456055,0.0008671875
14.460056,3.125e-05
14.464055,-0.0022343750000000002
14.468055,-3.90625e-05
14.472055,0.001
14.476056,4.6875e-05
14.480055,-0.0022265625000000002
14.484055,-7.8125e-06
14.488055,-4.6875e-05
14.492055,-0.0001796875
14.496055,0.0
14.500055,-0.0002890625
14.504055,3.125e-05
14.508054,0.00053125
14.512056,7.031250000000001e-05
14.516056,-0.0010859375
14.520055,-3.125e-05
14.524055,0.00071875
14.528057,9.375e-05
14.532056,-0.0013828125
14.536056,-8.59375e-05
14.540056,0.0006171875
14.544057,7.8125e-05
14.548058,-0.0020390625
14.552055,3.125e-05
14.556056,0.000828125
14.560055,7.8125e-05
14.564056,-0.002109375
14.568055,-9.375e-05
14.572055,0.0009140625
14.576055,-0.000171875
14.580056,-0.0019140625
14.584055,-0.000359375
14.588055,3.125e-05
14.592055,-0.0001328125
14.596055,7.8125e-05
14.600056,-0.0002421875
14.604055,0.0
14.608055,0.000515625
14.612055,7.031250000000001e-05
14.616055,-0.0011953125
14.620055,8.59375e-05
14.624055,0.0006640625
14.628055,7.031250000000001e-05
14.632055,-0.00140625
14.636055,-2.34375e-05
14.640055,0.0006640625
14.644055,3.90625e-05
14.648055,-0.0020234375
14.652055,3.90625e-05
14.656055,0.0007578125
14.660055,8.59375e-05
14.664055,-0.002328125
14.668055,-0.000125
14.672055,0.0009140625
14.676055,1.5625e-05
14.680062,-0.001796875
14.684058,-0.00014062500000000002
14.688056,-3.125e-05
14.692055,-0.00010156250000000001
14.696059,3.125e-05
14.700058,-0.0002890625
14.704055,2.34375e-05
14.708055,0.0005
14.712055,5.46875e-05
14.716055,-0.0012109375
14.720055,7.031250000000001e-05
14.724056,0.0005546875000000001
14.728058,2.34375e-05
14.732057,-0.0015078125
14.736056,1.5625e-05
14.740055,0.000515625
14.744055,6.25e-05
14.748055,-0.00190625
14.752055,-3.125e-05
14.756055,0.0009140625
14.760059,7.031250000000001e-05
14.764057,-0.0020546875
14.768056,-7.8125e-06
14.772056,0.0009609375
14.776055,-7.8125e-06
14.780055,-0.0018125
14.784056,-0.000125
14.788056,3.90625e-05
14.792055,0.0001875
14.796055,8.59375e-05
14.800055,0.0
14.804055,-3.125e-05
14.808056,0.00046875
14.812056,7.8125e-05
14.816055,-0.0016015625000000001
14.820055,3.125e-05
14.824056,0.000546875
14.828055,7.8125e-05
14.832055,-0.0016250000000000001
14.836055,-7.8125e-06
14.840056,0.0004765625
14.844055,3.90625e-05
14.848055,-0.0015
14.852055,7.8125e-06
14.856055,0.000890625
14.860055,4.6875e-05
14.864055,-0.002171875
14.868055,7.8125e-06
14.872056,0.0009765625
14.876055,-2.34375e-05
14.880055,-0.00190625
14.884056,-6.25e-05
14.888055,0.0011484375
14.892055,0.00028125000000000003
14.896055,2.34375e-05
14.900055,-7.8125e-05
14.904055,7.8125e-06
14.908055,0.0001484375
14.912055,7.031250000000001e-05
14.916055,-0.0015
14.920056,-2.34375e-05
14.924055,0.0004921875
14.928058,0.00010156250000000001
14.932057,-0.001578125
14.936055,1.5625e-05
14.940055,0.0005390625
14.944055,2.34375e-05
14.948055,-0.00115625
14.952056,-5.46875e-05
14.956055,0.000890625
14.960055,3.90625e-05
14.964055,-0.002140625
14.968055,-7.8125e-06
14.972056,0.000875
14.976055,9.375e-05
14.980055,-0.001828125
14.984055,-0.0002734375
14.988055,0.0009140625
14.992055,1.5625e-05
14.996055,5.46875e-05
15.000055,-0.0002890625
15.004084,3.90625e-05
15.008056,4.6875e-05
15.012056,7.8125e-05
15.016055,-0.00146875
15.020056,-7.8125e-06
15.024055,0.0007109375
15.028055,6.25e-05
15.032055,-0.0015390625
15.036055,7.8125e-06
15.040055,0.0004765625
15.044055,3.125e-05
15.048055,-0.0012890625
15.052055,1.5625e-05
15.056055,0.00090625
15.060055,5.46875e-05
15.064054,-0.0021328125
15.068055,0.0
15.072055,0.000890625
15.076055,9.375e-05
15.080055,-0.0022031250000000002
15.084055,-0.00025
15.088055,0.00109375
15.092055,-0.000109375
15.096055,7.8125e-06
15.100055,-0.000578125
15.104055,-1.5625e-05
15.108055,-7.031250000000001e-05
15.112055,8.59375e-05
15.116055,-0.001390625
15.120055,3.90625e-05
15.124055,0.000625
15.128057,7.8125e-05
15.132057,-0.001203125
15.136055,3.90625e-05
15.140056,0.00065625
15.144055,7.031250000000001e-05
15.148055,-0.0013203125
15.152055,-3.125e-05
15.156056,0.000890625
15.160055,-3.125e-05
15.164055,-0.004015625
15.168055,0.0
15.172055,0.0009921875
15.176055,-4.6875e-05
15.180055,-0.0018828125
15.184055,-0.0003515625
15.188056,0.0010625
15.192055,3.125e-05
15.196055,0.00010156250000000001
15.200055,-0.0005
15.204055,-3.125e-05
15.208055,5.46875e-05
15.212055,0.00010156250000000001
15.216055,-0.0016796875
15.220055,1.5625e-05
15.224055,0.000625
15.228055,8.59375e-05
15.232056,-0.00128125
15.236055,2.34375e-05
15.240055,0.0006875
15.244055,6.25e-05
15.248055,-0.0015
15.252056,-3.90625e-05
15.256056,0.0009375
15.260061,7.8125e-06
15.264057,-0.0020859375
15.268056,7.8125e-06
15.272056,0.0010078125
15.276055,-0.00010156250000000001
15.280055,-0.0019453125
15.284056,-0.0003125
15.288055,0.001171875
15.292055,0.0001484375
15.296055,4.6875e-05
15.300056,-0.0003671875
15.304055,5.46875e-05
15.308055,0.0003203125
15.312055,6.25e-05
15.316054,-0.001265625
15.320055,4.6875e-05
15.324056,0.000578125
15.328058,6.25e-05
15.332057,-0.00128125
15.336055,-3.90625e-05
15.340056,0.00065625
15.344055,3.90625e-05
15.348055,-0.0018437500000000001
15.352055,-7.8125e-06
15.356055,0.000953125
15.360056,0.00010156250000000001
15.364056,-0.001921875
15.368055,-7.8125e-06
15.372055,0.0010234375
15.376055,5.46875e-05
15.380056,-0.0019921875
15.384055,-0.00025
15.388055,0.0009296875000000001
15.392055,0.0001796875
15.396055,-0.001171875
15.400056,-0.0003203125
15.404055,7.031250000000001e-05
15.408055,0.00025
15.412055,7.031250000000001e-05
15.416055,-0.000296875
15.420055,4.6875e-05
15.424055,0.000625
15.428055,4.6875e-05
15.432055,-0.0015078125
15.436056,3.90625e-05
15.440055,0.0005703125
15.444055,2.34375e-05
15.448055,-0.0017109375
15.452055,0.0
15.456055,0.00071875
15.460055,2.34375e-05
15.464055,-0.001828125
15.468055,2.34375e-05
15.472055,0.0011328125
15.476055,9.375e-05
15.480055,-0.0038671875
15.484056,5.46875e-05
15.488055,0.000484375
15.492056,0.0001953125
15.496055,-0.001203125
15.500055,-0.0002734375
15.504055,3.125e-05
15.508055,3.90625e-05
15.512055,-7.8125e-06
15.516056,-0.000515625
15.520055,4.6875e-05
15.524055,0.0005
15.528059,0.0001171875
15.532057,-0.0014921875
15.536056,-7.8125e-06
15.540061,0.0006328125
15.544056,7.8125e-06
15.548056,-0.0016796875
15.552056,7.8125e-06
15.556055,0.00071875
15.560055,1.5625e-05
15.564056,-0.0019296875
15.568055,-5.46875e-05
15.572055,0.0010546875
15.576054,6.25e-05
15.580055,-0.0037421875000000003
15.584055,-0.0003046875
15.588055,0.000515625
15.592055,0.000171875
15.596055,-0.00109375
15.600055,-0.0002734375
15.604055,-7.8125e-06
15.608055,0.0001328125
15.612055,6.25e-05
15.616055,-0.0006640625
15.620055,3.125e-05
15.624055,0.0006171875
15.628055,2.34375e-05
15.632055,-0.001390625
15.636055,3.90625e-05
15.640055,0.0006718750000000001
15.644055,-1.5625e-05
15.648055,-0.0014375
15.652055,-2.34375e-05
15.656055,0.00075
15.660055,6.25e-05
15.664055,-0.0019296875
15.668055,4.6875e-05
15.672055,0.0009609375
15.676055,8.59375e-05
15.680062,-0.003546875
15.684058,-0.000515625
15.688056,0.0004921875
15.692056,-0.000125
15.696059,-0.000859375
15.700057,-0.0007109375
15.704056,7.031250000000001e-05
15.708055,5.46875e-05
15.712055,0.000125
15.716055,-0.000765625
15.720056,7.031250000000001e-05
15.724055,0.0006328125
15.728058,0.00010156250000000001
15.732057,-0.0014296875
15.736056,7.8125e-06
15.740056,0.0006875
15.744056,4.6875e-05
15.748056,-0.001796875
15.752055,3.125e-05
15.75606,0.000828125
15.760057,7.8125e-06
15.764055,-0.002046875
15.768056,-3.125e-05
15.772055,0.0011015625000000001
15.776055,0.000109375
15.780056,-0.0011015625000000001
15.784056,-0.0006171875
15.788055,0.0005390625
15.792055,3.125e-05
15.796055,-0.0008828125
15.800056,-0.000515625
15.804055,1.5625e-05
15.808056,0.00025
15.812055,0.000109375
15.816055,-0.000734375
15.820055,-2.34375e-05
15.824055,0.0006328125
15.828055,0.00010156250000000001
15.832055,-0.0016250000000000001
15.836055,1.5625e-05
15.840056,0.0007734375
15.844055,4.6875e-05
15.848055,-0.001796875
15.852055,3.125e-05
15.856055,0.000703125
15.860055,7.031250000000001e-05
15.864055,-0.002109375
15.868055,-1.5625e-05
15.872055,0.0009765625
15.876055,7.031250000000001e-05
15.880056,-0.001046875
15.884055,-1.5625e-05
15.888055,0.0004921875
15.892055,0.0003203125
15.896055,-0.0007734375
15.900055,-0.0003828125
15.904055,0.00053125
15.908055,0.000375
15.912055,0.0001328125
15.916055,-0.0007968750000000001
15.920055,3.125e-05
15.924055,0.00034375
15.928057,8.59375e-05
15.932057,-0.0018046875
15.936056,-2.34375e-05
15.940056,0.0006796875000000001
15.944055,0.000109375
15.948055,-0.0021015625
15.952055,1.5625e-05
15.956056,0.000765625
15.960055,3.90625e-05
15.964055,-0.00178125
15.968055,2.34375e-05
15.972055,0.0006953125
15.976055,6.25e-05
15.980055,-0.001265625
15.984055,7.031250000000001e-05
15.988054,0.0004140625
15.992054,0.000390625
15.996056,-0.000703125
16.000054,-0.00015625
16.004056,0.0005234375
16.008056,0.0003046875
16.012056,6.25e-05
16.016055,-0.00053125
16.020056,0.0
16.024055,0.00039843750000000003
16.028056,0.000125
16.032055,-0.00175
16.036055,5.46875e-05
16.040055,0.0007421875
16.044056,7.031250000000001e-05
16.048055,-0.001703125
16.052055,-5.46875e-05
16.056055,0.0007421875
16.060055,2.34375e-05
16.064055,-0.0015937500000000001
16.068055,2.34375e-05
16.072055,0.00040625000000000004
16.076055,-4.6875e-05
16.080055,-0.0011015625000000001
16.084054,-2.34375e-05
16.088054,0.0003828125
16.092055,0.0001484375
16.096055,-0.000625
16.100055,-0.00053125
16.104055,0.00053125
16.108055,0.000359375
16.112055,0.000109375
16.116055,-0.000734375
16.120055,7.8125e-06
16.124055,0.000421875
16.128057,5.46875e-05
16.132056,-0.00178125
16.136055,0.0
16.140055,0.0007734375
16.144055,0.000125
16.148055,-0.001875
16.152055,-1.5625e-05
16.156055,0.0007968750000000001
16.160055,8.59375e-05
16.164055,-0.0016328125
16.168055,-9.375e-05
16.172055,0.00039843750000000003
16.176055,-0.000234375
16.180055,-0.000953125
16.184055,-0.000109375
16.188055,0.00040625000000000004
16.192055,0.0001875
16.196055,-0.0008359375
16.200055,-0.000703125
16.204055,0.00065625
16.208055,0.000359375
16.212055,0.00010156250000000001
16.216055,-0.00078125
16.220055,5.46875e-05
16.224055,0.00033593750000000003
16.228055,0.0001171875
16.232055,-0.0015625
16.236055,7.8125e-06
16.240055,0.000875
16.244055,0.00010156250000000001
16.248055,-0.001765625
16.252055,-1.5625e-05
16.256055,0.0007421875
16.260055,7.8125e-05
16.264055,-0.0015390625
16.268056,1.5625e-05
16.272059,0.000515625
16.276056,9.375e-05
16.280056,-0.000875
16.284055,0.000171875
16.288055,0.00046093750000000003
16.292055,9.375e-05
16.296056,-0.0006640625
16.300056,-0.0008671875
16.304056,0.0007421875
16.308055,0.00028125000000000003
16.312055,8.59375e-05
16.316055,-0.0008515625
16.320055,-1.5625e-05
16.324055,0.0003828125
16.328058,9.375e-05
16.332057,-0.0017578125
16.336056,4.6875e-05
16.340055,0.0008125000000000001
16.344054,0.00010156250000000001
16.348055,-0.0017421875
16.352055,-7.8125e-06
16.356055,0.0007421875
16.360055,0.0
16.364055,-0.002125
16.368055,0.0001484375
16.372055,0.0005078125
16.376055,0.0001875
16.380056,-0.0006953125
16.384055,0.0001328125
16.388055,0.000625
16.392055,0.0001953125
16.396055,-0.000453125
16.400055,-0.0006718750000000001
16.404055,0.0003671875
16.408055,0.0003125
16.412055,5.46875e-05
16.416055,-0.000890625
16.420056,-2.34375e-05
16.424055,0.0003671875
16.428055,0.00015625
16.432055,-0.0008359375
16.436056,3.125e-05
16.440055,0.00075
16.444055,7.031250000000001e-05
16.448055,-0.0018593750000000001
16.452055,1.5625e-05
16.456055,0.0006953125
16.460056,5.46875e-05
16.464055,-0.002140625
16.468055,0.0001328125
16.472055,0.0008203125
16.476055,-2.34375e-05
16.480055,-0.0008984375
16.484055,4.6875e-05
16.488055,0.0005078125
16.492056,-7.8125e-06
16.496055,-0.00025
16.500056,-0.000859375
16.504055,3.90625e-05
16.508055,0.0003671875
16.512055,2.34375e-05
16.516056,-0.0007890625
16.520056,1.5625e-05
16.524056,0.00040625000000000004
16.528058,8.59375e-05
16.532055,-0.0009140625
16.536055,-2.34375e-05
16.540056,0.0007109375
16.544057,9.375e-05
16.54806,-0.0016093750000000001
16.552058,6.25e-05
16.556056,0.000703125
16.560055,-2.34375e-05
16.564056,-0.0018359375000000001
16.568054,0.000125
16.572055,0.0007734375
16.576055,-4.6875e-05
16.580056,-0.00090625
16.584055,-8.59375e-05
16.588055,0.000484375
16.592056,-9.375e-05
16.596055,-4.6875e-05
16.600054,-0.0006015625
16.604055,3.90625e-05
16.608055,0.000328125
16.612055,6.25e-05
16.616055,-0.00078125
16.620056,0.0
16.624055,0.000328125
16.628055,8.59375e-05
16.632055,-0.001375
16.636055,-3.90625e-05
16.640055,0.000734375
16.644055,9.375e-05
16.648055,-0.00171875
16.652055,5.46875e-05
16.656055,0.0006875
16.660055,-2.34375e-05
16.664055,-0.001828125
16.668055,-5.46875e-05
16.672055,0.0009375
16.676055,-0.00015625
16.680062,-0.0008046875000000001
16.684058,-0.00014062500000000002
16.688055,0.00053125
16.692055,-0.000109375
16.696059,-3.125e-05
16.700057,-0.00084375
16.704056,2.34375e-05
16.708055,0.0003203125
16.712055,3.125e-05
16.716055,-0.0009375
16.720056,5.46875e-05
16.724055,0.0004140625
16.728058,4.6875e-05
16.732056,-0.001375
16.736056,7.031250000000001e-05
16.740058,0.00075
16.744056,6.25e-05
16.748055,-0.0016093750000000001
16.752055,4.6875e-05
16.756055,0.000953125
16.760055,-0.0002421875
16.764061,-0.001796875
16.768057,-0.0002421875
16.772056,0.000875
16.776055,-0.00014062500000000002
16.780056,-0.0008203125
16.784056,-7.8125e-05
16.788055,0.0006718750000000001
16.792055,0.0001328125
16.796055,6.25e-05
16.800055,-0.0008203125
16.804055,-2.34375e-05
16.808056,0.000234375
16.812055,7.8125e-06
16.816055,-0.00103125
16.820055,7.8125e-06
16.824055,0.000453125
16.828055,7.031250000000001e-05
16.832055,-0.0011875
16.836055,-1.5625e-05
16.840056,0.0007734375
16.844055,0.000109375
16.848055,-0.001875
16.852055,-1.5625e-05
16.856055,0.0007890625
16.860055,3.90625e-05
16.864055,-0.001984375
16.868055,0.0001796875
16.872055,0.0008203125
16.876055,0.000125
16.880055,-0.0007265625
16.884056,0.0001171875
16.888055,0.000484375
16.892055,0.0001640625
16.896055,2.34375e-05
16.900055,-1.5625e-05
16.904055,-1.5625e-05
16.908055,0.00040625000000000004
16.912055,3.90625e-05
16.916055,-0.000953125
16.920055,-7.8125e-06
16.924055,0.0005
16.928058,5.46875e-05
16.932057,-0.001171875
16.936056,5.46875e-05
16.940056,0.0005
16.944055,3.90625e-05
16.948055,-0.001796875
16.952056,-3.125e-05
16.956055,0.0007734375
16.960055,0.0
16.964055,-0.0021171875
16.968055,0.0002421875
16.972055,0.0007421875
16.976055,0.000328125
16.980055,-0.0020703125
16.984055,0.0001953125
16.988055,0.0001171875
16.992055,0.00021875
16.996055,2.34375e-05
17.000055,7.031250000000001e-05
17.004055,2.34375e-05
17.008054,0.0004453125
17.012055,6.25e-05
17.016055,-0.00096875
17.020056,3.125e-05
17.024055,0.00059375
17.028056,7.031250000000001e-05
17.032055,-0.0011250000000000001
17.036055,-4.6875e-05
17.040056,0.0005
17.044056,0.000125
17.048055,-0.002015625
17.052055,2.34375e-05
17.056055,0.000890625
17.060055,3.125e-05
17.064055,-0.0022734375
17.068055,0.0001953125
17.072055,0.0008671875
17.076055,8.59375e-05
17.080056,-0.0044843750000000005
17.084056,-3.125e-05
17.088055,-7.8125e-06
17.092055,-9.375e-05
17.096056,7.031250000000001e-05
17.100056,-0.000109375
17.104055,0.0
17.108054,0.00046875
17.112054,5.46875e-05
17.116055,-0.0009218750000000001
17.120055,-8.59375e-05
17.124055,0.0005
17.128057,3.125e-05
17.132056,-0.0011328125
17.136056,-1.5625e-05
17.140056,0.0005703125
17.144055,7.031250000000001e-05
17.148055,-0.0018125
17.152055,0.0
17.156055,0.0008203125
17.160055,9.375e-05
17.164055,-0.0019765625
17.168055,-0.00021875
17.172055,0.0009296875000000001
17.176055,-0.0001875
17.180055,-0.0045859375
17.184055,-0.000328125
17.188055,2.34375e-05
17.192055,7.8125e-06
17.196055,3.125e-05
17.200055,6.25e-05
17.204055,-7.8125e-06
17.208055,0.00040625000000000004
17.212055,3.90625e-05
17.216055,-0.0011250000000000001
17.220055,-3.90625e-05
17.224055,0.000484375
17.228055,8.59375e-05
17.232055,-0.0013203125
17.236055,-2.34375e-05
17.240055,0.000515625
17.244055,7.8125e-05
17.248055,-0.00203125
17.252055,-3.90625e-05
17.256055,0.00084375
17.260057,8.59375e-05
17.264064,-0.0022109375000000002
17.268057,-0.00020312500000000002
17.272061,0.0008671875
17.276056,-0.0002421875
17.280055,-0.002015625
17.284055,-0.00015625
17.288055,4.6875e-05
17.292055,6.25e-05
17.296055,3.125e-05
17.300055,9.375e-05
17.304054,6.25e-05
17.308055,0.0003515625
17.312055,4.6875e-05
17.316054,-0.001234375
17.320056,7.031250000000001e-05
17.324055,0.00034375
17.328058,6.25e-05
17.332055,-0.0013984375
17.336055,1.5625e-05
17.340056,0.000578125
17.344055,3.90625e-05
17.348056,-0.0018437500000000001
17.352055,-4.6875e-05
17.356056,0.000859375
17.360056,9.375e-05
17.364055,-0.002
17.368055,-7.8125e-06
17.372055,0.000875
17.376056,8.59375e-05
17.380056,-0.00228125
17.384055,5.46875e-05
17.388055,-7.8125e-06
17.392055,-2.34375e-05
17.396055,5.46875e-05
17.400056,-0.0001796875
17.404055,-3.90625e-05
17.408055,3.125e-05
17.412055,6.25e-05
17.416055,-0.0011875
17.420055,3.90625e-05
17.424055,0.000421875
17.428055,7.8125e-05
17.432055,-0.0012421875
17.436055,7.8125e-06
17.440055,0.000578125
17.444055,2.34375e-05
17.448055,-0.0014609375
17.452055,-2.34375e-05
17.456055,0.0009375
17.460055,2.34375e-05
17.464055,-0.0020078125
17.468055,-1.5625e-05
17.472055,0.0008828125
17.476055,6.25e-05
17.480055,-0.002109375
17.484055,0.00020312500000000002
17.488055,0.0008828125
17.492055,0.000125
17.496055,2.34375e-05
17.500055,-0.0001484375
17.504055,-7.8125e-06
17.508055,-2.34375e-05
17.512055,5.46875e-05
17.516055,-0.00103125
17.520055,-7.8125e-06
17.524055,0.000546875
17.528057,7.8125e-06
17.532056,-0.00128125
17.536056,2.34375e-05
17.540057,0.0006328125
17.544056,7.8125e-05
17.548056,-0.001203125
17.552055,-2.34375e-05
17.556055,0.0007968750000000001
17.560055,7.031250000000001e-05
17.564056,-0.0045234375
17.568055,-3.90625e-05
17.572055,0.0009296875000000001
17.576055,-7.8125e-06
17.580055,-0.0021640625
17.584055,6.25e-05
17.588056,0.0009296875000000001
17.592055,-0.000125
17.596055,4.6875e-05
17.600056,-9.375e-05
17.604055,1.5625e-05
17.608055,1.5625e-05
17.612056,4.6875e-05
17.616055,-0.001203125
17.620054,-1.5625e-05
17.624054,0.0005390625
17.628054,0.0001328125
17.632055,-0.0015234375
17.636055,-3.90625e-05
17.640055,0.000625
17.644055,4.6875e-05
17.648055,-0.001375
17.652055,2.34375e-05
17.656055,0.0008984375
17.660055,7.031250000000001e-05
17.664055,-0.002078125
17.668055,-5.46875e-05
17.672055,0.0009609375
17.676055,-8.59375e-05
17.680063,-0.0019453125
17.684057,-0.00021875
17.688056,0.0008203125
17.692056,-0.0001640625
17.696059,0.000109375
17.700057,-0.000234375
17.704056,-7.8125e-06
17.708055,0.00015625
17.712055,6.25e-05
17.716055,-0.0009296875000000001
17.720055,7.8125e-06
17.724055,0.0004765625
17.728058,8.59375e-05
17.732056,-0.001421875
17.736056,7.8125e-06
17.740056,0.0005625000000000001
17.744055,8.59375e-05
17.748055,-0.00153125
17.752055,0.0
17.756055,0.00084375
17.760056,0.0
17.764055,-0.0020546875
17.768055,-7.8125e-06
17.772056,0.0009765625
17.776056,-8.59375e-05
17.780055,-0.0019765625
17.784055,-0.000125
17.788055,0.0010859375
17.792055,7.8125e-05
17.796055,3.125e-05
17.800055,-0.0002578125
17.804055,4.6875e-05
17.808055,0.000109375
17.812055,6.25e-05
17.816055,-0.0011875
17.820056,7.031250000000001e-05
17.824055,0.0005546875000000001
17.828055,4.6875e-05
17.832055,-0.001671875
17.836055,-5.46875e-05
17.840055,0.0004921875
17.844055,3.90625e-05
17.848055,-0.0015078125
17.852055,7.8125e-06
17.856055,0.000875
17.860055,7.8125e-05
17.864055,-0.002078125
17.868055,3.125e-05
17.872055,0.0009765625
17.876055,-8.59375e-05
17.880055,-0.0017421875
17.884055,0.00015625
17.888055,0.00103125
17.892055,0.0003515625
17.896055,7.8125e-05
17.900055,0.0
17.904055,3.125e-05
17.908055,0.00034375
17.912055,7.8125e-05
17.916055,-0.0014140625
17.920055,2.34375e-05
17.924055,0.000625
17.928057,0.0001328125
17.932056,-0.00165625
17.936055,7.031250000000001e-05
17.940055,0.0006328125
17.944055,3.125e-05
17.948055,-0.001328125
17.952055,1.5625e-05
17.956056,0.0005703125
17.960055,2.34375e-05
17.964055,-0.0021640625
17.968055,-1.5625e-05
17.972055,0.0009453125
17.976055,1.5625e-05
17.980056,-0.0020546875
17.984055,3.125e-05
17.988055,0.0011328125
17.992055,0.000109375
17.996055,-0.0016640625
18.000055,-0.000125
18.004055,2.34375e-05
18.008055,0.0001171875
18.012055,7.8125e-05
18.016056,-0.0002734375
18.020056,1.5625e-05
18.024055,0.0005625000000000001
18.028055,7.031250000000001e-05
18.032055,-0.001546875
18.036055,-5.46875e-05
18.040054,0.000546875
18.044055,8.59375e-05
18.048055,-0.0012578125
18.052055,2.34375e-05
18.056055,0.00071875
18.060055,3.90625e-05
18.064055,-0.002140625
18.068054,-3.125e-05
18.072055,0.000828125
18.076055,-3.125e-05
18.080055,-0.0021328125
18.084055,-9.375e-05
18.088055,0.0008828125
18.092055,-0.000125
18.096055,-0.0035859375
18.100055,-0.0006875
18.104055,4.6875e-05
18.108055,-3.125e-05
18.112055,7.031250000000001e-05
18.116055,-0.000625
18.120055,3.90625e-05
18.124056,0.0008125000000000001
18.128027,0.00010156250000000001
18.132056,-0.0014765625
18.136055,6.25e-05
18.140057,0.000609375
18.144057,5.46875e-05
18.148056,-0.0014453125
18.152055,2.34375e-05
18.156055,0.0007421875
18.160057,4.6875e-05
18.164056,-0.0043671875
18.168056,-3.125e-05
18.172055,0.000953125
18.176055,7.8125e-05
18.180057,-0.00196875
18.184056,-0.000109375
18.188056,0.0011015625000000001
18.192055,-0.00015625
18.196055,-0.003609375
18.200057,-0.00053125
18.204056,7.8125e-06
18.208055,3.125e-05
18.212055,5.46875e-05
18.216055,-0.0005078125
18.220058,2.34375e-05
18.224056,0.0006953125
18.228055,9.375e-05
18.232055,-0.00140625
18.236055,5.46875e-05
18.240058,0.0006484375
18.244056,7.031250000000001e-05
18.248055,-0.00146875
18.252055,-4.6875e-05
18.256055,0.0006796875000000001
18.260058,4.6875e-05
18.264057,-0.003828125
18.268061,-4.6875e-05
18.272057,0.000890625
18.276056,0.0
18.280056,-0.0018437500000000001
18.284056,-0.0003125
18.288055,0.0012265625
18.292055,0.000171875
18.296055,-0.001
18.300056,-0.0003125
18.304055,5.46875e-05
18.308055,0.00028125000000000003
18.312057,6.25e-05
18.316056,-0.00034375
18.320056,8.59375e-05
18.324056,0.0005625000000000001
18.328055,5.46875e-05
18.332055,-0.0013359375
18.336055,-2.34375e-05
18.340055,0.000640625
18.344055,-1.5625e-05
18.348058,-0.0015546875
18.352056,-3.90625e-05
18.356055,0.00071875
18.360056,2.34375e-05
18.364055,-0.0019765625
18.368055,7.8125e-06
18.372056,0.00096875
18.376056,5.46875e-05
18.380055,-0.0016171875000000001
18.384055,-0.0002890625
18.388055,0.0012265625
18.392055,0.00021875
18.396055,-0.0010703125
18.400055,-0.000234375
18.404055,3.125e-05
18.408055,0.000328125
18.412055,5.46875e-05
18.416055,-0.0003828125
18.420056,7.8125e-06
18.424055,0.0005078125
18.428055,3.125e-05
18.432055,-0.001578125
18.436055,3.90625e-05
18.440056,0.0004375
18.444055,0.00010156250000000001
18.448055,-0.0018125
18.452055,2.34375e-05
18.456055,0.0005859375
18.460056,3.125e-05
18.464055,-0.0018593750000000001
18.468055,-4.6875e-05
18.472056,0.0011093750000000001
18.476055,9.375e-05
18.480056,-0.0016640625
18.484056,-7.8125e-06
18.488055,0.0007890625
18.492055,0.0002734375
18.496055,-0.00115625
18.500056,-0.000328125
18.504055,0.000375
18.508054,6.25e-05
18.512055,7.031250000000001e-05
18.516055,-0.0005234375
18.520055,4.6875e-05
18.524055,0.0002578125
18.528055,0.000109375
18.532056,-0.0013984375
18.536055,4.6875e-05
18.540056,0.00059375
18.544058,7.8125e-06
18.548058,-0.0016875
18.552056,-2.34375e-05
18.556056,0.0007421875
18.560055,-2.34375e-05
18.564055,-0.0019140625
18.568055,-2.34375e-05
18.572055,0.0011484375
18.576055,6.25e-05
18.580055,-0.0058671875
18.584054,1.5625e-05
18.588056,0.0004921875
18.592057,0.00015625
18.596056,-0.0012109375
18.600056,-0.00039843750000000003
18.604055,0.0004453125
18.608055,0.0002734375
18.612055,3.90625e-05
18.616055,-0.000734375
18.620056,-1.5625e-05
18.624055,0.000234375
18.628055,1.5625e-05
18.632056,-0.001140625
18.636055,-5.46875e-05
18.640055,0.0007734375
18.644055,6.25e-05
18.648054,-0.001578125
18.652055,3.125e-05
18.656055,0.000859375
18.660056,1.5625e-05
18.664055,-0.001875
18.668055,7.8125e-06
18.672055,0.0010078125
18.676055,0.0001484375
18.680057,-0.003640625
18.684056,3.90625e-05
18.688055,0.0005703125
18.692055,-2.34375e-05
18.696056,-0.0008828125
18.700056,-0.0005625000000000001
18.704055,0.00053125
18.708055,3.90625e-05
18.712055,0.00010156250000000001
18.716056,-0.0007968750000000001
18.720056,-6.25e-05
18.724056,0.0003125
18.728055,7.8125e-05
18.732055,-0.0013593750000000001
18.736055,-2.34375e-05
18.740056,0.0007109375
18.744055,7.8125e-05
18.748055,-0.0018125
18.752055,3.125e-05
18.756055,0.0007968750000000001
18.760056,7.031250000000001e-05
18.764058,-0.0016250000000000001
18.768058,-3.90625e-05
18.772056,0.00084375
18.776055,8.59375e-05
18.780056,-0.0010859375
18.784056,-1.5625e-05
18.788055,0.0004765625
18.792055,-0.000125
18.796055,-0.000734375
18.800056,-0.0006015625
18.804055,0.0005234375
18.808056,0.0001953125
18.812056,4.6875e-05
18.816055,-0.0008125000000000001
18.820056,-1.5625e-05
18.824055,0.0003828125
18.828055,0.0001328125
18.832055,-0.0013046875
18.836055,-3.125e-05
18.840056,0.000703125
18.844055,7.8125e-05
18.848055,-0.001984375
18.852055,3.90625e-05
18.856055,0.000734375
18.860056,3.125e-05
18.864055,-0.0018515625000000001
18.868055,3.90625e-05
18.872055,0.0011484375
18.876056,0.00010156250000000001
18.880055,-0.0011328125
18.884056,2.34375e-05
18.888055,0.000484375
18.892055,0.00021875
18.896055,-0.000984375
18.900056,-0.0005078125
18.904055,0.0005390625
18.908055,0.000359375
18.912055,8.59375e-05
18.916055,-0.0007890625
18.920056,2.34375e-05
18.924055,0.0003671875
18.928055,4.6875e-05
18.932056,-0.0016171875000000001
18.936055,5.46875e-05
18.940056,0.000703125
18.944055,2.34375e-05
18.948055,-0.001765625
18.952055,2.34375e-05
18.956055,0.00075
18.960056,4.6875e-05
18.964055,-0.001703125
18.968055,7.8125e-06
18.972055,0.000734375
18.976055,6.25e-05
18.980056,-0.000953125
18.984055,-4.6875e-05
18.988055,0.0004296875
18.992055,-0.0001796875
18.996055,-0.0008515625
19.000055,-3.125e-05
19.004055,0.0004140625
19.008054,0.000359375
19.012056,-0.00075
19.016055,-0.0006328125
19.020055,-3.125e-05
19.024055,0.0003203125
19.028055,8.59375e-05
19.032055,-0.0007968750000000001
19.036055,3.90625e-05
19.040055,0.00075
19.044055,7.8125e-05
19.048055,-0.0019453125
19.052055,-6.25e-05
19.056055,0.0007109375
19.060054,1.5625e-05
19.064054,-0.0019765625
19.068056,-7.031250000000001e-05
19.072055,0.00071875
19.076055,5.46875e-05
19.080056,-0.0010625
19.084056,-7.8125e-06
19.088055,0.0004453125
19.092055,-7.031250000000001e-05
19.096055,-0.0008203125
19.100056,-0.00033593750000000003
19.104055,0.000484375
19.108055,0.0002890625
19.112055,-5.46875e-05
19.116055,-0.0006875
19.120056,-3.90625e-05
19.124055,0.000296875
19.128055,0.000125
19.132055,-0.0009140625
19.136055,-4.6875e-05
19.140056,0.000703125
19.144055,5.46875e-05
19.148055,-0.0017890625
19.152055,0.0
19.156054,0.0007890625
19.160055,7.8125e-05
19.164055,-0.0015390625
19.168056,-4.6875e-05
19.172055,0.0007968750000000001
19.176055,-0.0001875
19.180055,-0.001
19.184055,-7.8125e-05
19.188055,0.0004140625
19.192055,-0.0002421875
19.196056,-0.0005078125
19.200055,-0.000703125
19.204055,0.0006796875000000001
19.208055,0.000234375
19.212056,-4.6875e-05
19.216055,-0.0008046875000000001
19.220055,-2.34375e-05
19.224055,0.0002578125
19.228055,6.25e-05
19.232055,-0.0010390625
19.236055,3.125e-05
19.240055,0.0008515625
19.244055,-7.8125e-06
19.248055,-0.0018671875000000001
19.252056,-2.34375e-05
19.256055,0.0007421875
19.260059,6.25e-05
19.264058,-0.0017109375
19.268056,2.34375e-05
19.272056,0.0009375
19.276055,-1.5625e-05
19.280056,-0.0009218750000000001
19.284056,7.8125e-05
19.288055,0.0004296875
19.292055,-3.90625e-05
19.296055,-0.00071875
19.300056,-0.00075
19.304055,0.0007109375
19.308056,0.00039843750000000003
19.312056,2.34375e-05
19.316056,-0.000734375
19.320056,3.90625e-05
19.324056,0.0003671875
19.328055,2.34375e-05
19.332055,-0.000984375
19.336055,3.90625e-05
19.340056,0.0008125000000000001
19.344055,9.375e-05
19.348054,-0.0016875
19.352055,7.8125e-06
19.356055,0.000734375
19.360055,7.8125e-05
19.364055,-0.001671875
19.368055,-2.34375e-05
19.372055,0.00078125
19.376055,0.0001171875
19.380056,-0.0006953125
19.384056,0.0003125
19.388055,0.0005
19.392055,0.000328125
19.396055,-0.0006953125
19.400056,-0.0007421875
19.404055,0.000765625
19.408055,0.00040625000000000004
19.412054,7.8125e-06
19.416054,-0.00065625
19.420056,3.125e-05
19.424055,0.0003125
19.428055,0.00014062500000000002
19.432055,-0.0009453125
19.436055,0.0
19.440056,0.00071875
19.444055,2.34375e-05
19.448055,-0.0018593750000000001
19.452056,0.0
19.456055,0.0006875
19.460056,3.125e-05
19.464055,-0.0020625
19.468055,0.000109375
19.472055,0.00075
19.476055,8.59375e-05
19.480055,-0.0018828125
19.484056,0.0002890625
19.488055,0.0005078125
19.492055,8.59375e-05
19.496056,-0.00071875
19.500055,6.25e-05
19.504055,0.0004140625
19.508054,0.0004296875
19.512055,-2.34375e-05
19.516055,-0.000734375
19.520055,7.8125e-06
19.524055,0.000453125
19.528055,7.8125e-05
19.532055,-0.0008359375
19.536058,4.6875e-05
19.540058,0.0004296875
19.544055,3.90625e-05
19.548055,-0.001734375
19.552055,2.34375e-05
19.556055,0.00059375
19.560055,7.8125e-05
19.564055,-0.0019609375
19.568054,5.46875e-05
19.572055,0.0007968750000000001
19.576055,-0.0001171875
19.580056,-0.0019296875
19.584056,-0.0001953125
19.588056,0.000453125
19.592055,-0.000125
19.596056,-0.000421875
19.600056,-0.0001640625
19.604056,0.0
19.608055,0.000328125
19.612056,3.90625e-05
19.616055,-0.000890625
19.620056,-4.6875e-05
19.624055,0.0003671875
19.628055,7.031250000000001e-05
19.632055,-0.001078125
19.636055,-1.5625e-05
19.640056,0.0004921875
19.644055,3.90625e-05
19.648055,-0.001796875
19.652056,-7.8125e-06
19.656055,0.0007734375
19.660055,0.0
19.664055,-0.002
19.668055,7.8125e-05
19.672054,0.0008203125
19.676055,-8.59375e-05
19.680056,-0.0018437500000000001
19.684056,-0.00014062500000000002
19.688055,0.0004375
19.692055,-0.00021875
19.696056,0.0
19.700055,-0.000265625
19.704055,3.125e-05
19.708055,0.0003515625
19.712055,7.031250000000001e-05
19.716056,-0.0008828125
19.720056,6.25e-05
19.724055,0.0003203125
19.728055,7.8125e-05
19.732056,-0.0010390625
19.736055,-7.8125e-06
19.740056,0.00039843750000000003
19.744055,6.25e-05
19.748055,-0.001453125
19.752055,3.125e-05
19.756055,0.0007421875
19.760056,9.375e-05
19.764055,-0.0019921875
19.768058,-4.6875e-05
19.772058,0.0009218750000000001
19.776056,-0.0001640625
19.780055,-0.002
19.784054,-5.46875e-05
19.788054,0.0006875
19.792054,0.00015625
19.796055,0.0
19.800055,9.375e-05
19.804055,4.6875e-05
19.808054,0.0003828125
19.812056,3.125e-05
19.816056,-0.0010234375
19.820056,0.0
19.824055,0.00033593750000000003
19.828056,0.00010156250000000001
19.832055,-0.0011796875
19.836055,5.46875e-05
19.840055,0.00040625000000000004
19.844055,8.59375e-05
19.848055,-0.0016875
19.852055,-1.5625e-05
19.856055,0.0007734375
19.860055,6.25e-05
19.864055,-0.0018593750000000001
19.868055,3.90625e-05
19.872055,0.0007968750000000001
19.876056,-0.0001171875
19.880056,-0.0019453125
19.884056,7.8125e-06
19.888055,0.000859375
19.892055,0.0002578125
19.896056,2.34375e-05
19.900055,0.000125
19.904055,3.90625e-05
19.908055,0.000234375
19.912055,5.46875e-05
19.916056,-0.0009296875000000001
19.920055,7.8125e-06
19.924056,0.0002578125
19.928055,7.8125e-05
19.932056,-0.0010703125
19.936055,2.34375e-05
19.940056,0.0004140625
19.944055,3.125e-05
19.948055,-0.0017265625
19.952055,7.031250000000001e-05
19.956055,0.00078125
19.960055,5.46875e-05
19.964055,-0.0019296875
19.968055,1.5625e-05
19.972055,0.0007968750000000001
19.976055,0.0001328125
19.980055,-0.0021796875
19.984055,9.375e-05
19.988055,0.000953125
19.992055,2.34375e-05
19.996055,3.125e-05
20.000055,-4.6875e-05
20.004086,0.0
20.008056,-7.8125e-05
20.012056,2.34375e-05
20.016055,-0.0008515625
20.020055,3.125e-05
20.024055,0.0004375
20.028056,2.34375e-05
20.032055,-0.00121875
20.036055,5.46875e-05
20.040055,0.00053125
20.044055,7.031250000000001e-05
20.048055,-0.001
20.052055,2.34375e-05
20.056055,0.00078125
20.060055,2.34375e-05
20.064055,-0.0019375
20.068055,-1.5625e-05
20.072055,0.0008046875000000001
20.076055,0.0001328125
20.080056,-0.0023046875
20.084054,3.125e-05
20.088055,0.00090625
20.092056,7.8125e-05
20.096055,7.8125e-06
20.100056,-7.8125e-05
20.104055,-3.90625e-05
20.108055,-0.0001875
20.112055,2.34375e-05
20.116055,-0.000765625
20.120056,-3.125e-05
20.124055,0.000484375
20.128055,5.46875e-05
20.132055,-0.0010234375
20.136055,2.34375e-05
20.140056,0.0004140625
20.144055,5.46875e-05
20.148055,-0.0015
20.152055,2.34375e-05
20.156055,0.0008515625
20.160055,5.46875e-05
20.164055,-0.0020078125
20.168055,4.6875e-05
20.172055,0.00084375
20.176055,-9.375e-05
20.180055,-0.0020703125
20.184054,-0.0001328125
20.188055,0.0009921875
20.192055,-2.34375e-05
20.196056,7.8125e-06
20.200055,-3.90625e-05
20.204056,1.5625e-05
20.208055,-2.34375e-05
20.212056,2.34375e-05
20.216055,-0.00090625
20.220055,4.6875e-05
20.224055,0.0005859375
20.228055,4.6875e-05
20.232055,-0.0011015625000000001
20.236055,3.90625e-05
20.240056,0.000484375
20.244056,7.031250000000001e-05
20.248055,-0.0013828125
20.252056,5.46875e-05
20.256055,0.0008515625
20.260055,-1.5625e-05
20.264059,-0.0018593750000000001
20.268055,-4.6875e-05
20.272055,0.00096875
20.276054,-0.0002421875
20.280055,-0.0043515625
20.284055,-0.0003125
20.288055,0.0009218750000000001
20.292054,-0.000265625
20.296055,3.90625e-05
20.300056,9.375e-05
20.304056,2.34375e-05
20.308056,0.00020312500000000002
20.312056,7.031250000000001e-05
20.316056,-0.0013046875
20.320055,2.34375e-05
20.324055,0.00039843750000000003
20.328055,2.34375e-05
20.332055,-0.0013437500000000001
20.336055,0.0
20.340056,0.00039843750000000003
20.344055,0.0
20.348055,-0.0015234375
20.352055,-0.00010156250000000001
20.356055,0.00090625
20.360056,9.375e-05
20.364055,-0.0022031250000000002
20.368055,2.34375e-05
20.372056,0.0009921875
20.376055,2.34375e-05
20.380056,-0.00471875
20.384055,-9.375e-05
20.388055,0.0009609375
20.392055,0.0001328125
20.396056,1.5625e-05
20.400056,0.00015625
20.404055,0.0
20.408055,7.031250000000001e-05
20.412055,5.46875e-05
20.416055,-0.0012578125
20.420056,2.34375e-05
20.424055,0.0005390625
20.428055,4.6875e-05
20.432055,-0.0011250000000000001
20.436055,2.34375e-05
20.440055,0.0006328125
20.444056,0.000109375
20.448055,-0.0013828125
20.452056,0.0
20.456055,0.0009375
20.460056,8.59375e-05
20.464055,-0.0019296875
20.468055,-1.5625e-05
20.472055,0.000859375
20.476056,0.0002265625
20.480055,-0.0020234375
20.484056,0.00014062500000000002
20.488055,0.000875
20.492055,-7.8125e-06
20.496055,-0.002265625
20.500055,-3.125e-05
20.504055,-3.125e-05
20.508054,-6.25e-05
20.512055,3.90625e-05
20.516055,-0.000359375
20.520056,3.125e-05
20.524055,0.0004765625
20.528055,8.59375e-05
20.532055,-0.001078125
20.536055,3.125e-05
20.540058,0.0006953125
20.544056,5.46875e-05
20.548055,-0.001484375
20.552055,3.125e-05
20.556056,0.0006718750000000001
20.560055,7.031250000000001e-05
20.564055,-0.0022031250000000002
20.568055,0.0
20.572055,0.0008671875
20.576055,3.90625e-05
20.580056,-0.0020078125
20.584056,0.00015625
20.588056,0.000953125
20.592056,-5.46875e-05
20.596056,-0.0020625
20.600056,-0.0002421875
20.604056,7.8125e-06
20.608055,-0.0001484375
20.612055,9.375e-05
20.616055,-0.00025
20.620056,3.125e-05
20.624055,0.0005078125
20.628055,7.031250000000001e-05
20.632055,-0.001234375
20.636055,7.8125e-06
20.640055,0.00065625
20.644056,4.6875e-05
20.648055,-0.0015
20.652055,-2.34375e-05
20.656056,0.0005546875000000001
20.660056,5.46875e-05
20.664055,-0.0020390625
20.668055,-4.6875e-05
20.672055,0.0008125000000000001
20.676055,-7.8125e-06
20.680057,-0.002109375
20.684056,-0.0001171875
20.688056,0.0009375
20.692054,-0.000265625
20.696055,-0.001921875
20.700056,-8.59375e-05
20.704055,1.5625e-05
20.708055,9.375e-05
20.712055,3.125e-05
20.716055,-0.0002890625
20.720056,4.6875e-05
20.724055,0.0004375
20.728055,0.00010156250000000001
20.732055,-0.0013437500000000001
20.736055,5.46875e-05
20.740059,0.0006640625
20.744057,7.8125e-05
20.748056,-0.0014765625
20.752055,-2.34375e-05
20.756056,0.0006484375
20.760056,3.125e-05
20.764055,-0.0021640625
20.768059,1.5625e-05
20.772058,0.0009453125
20.776055,1.5625e-05
20.780055,-0.00215625
20.784054,-0.000125
20.788054,0.0009218750000000001
20.792054,-4.6875e-05
20.796055,-0.0018828125
20.800055,-0.0003046875
20.804055,2.34375e-05
20.808055,7.8125e-05
20.812058,0.0001328125
20.816057,-0.00020312500000000002
20.820056,2.34375e-05
20.824055,0.0005234375
20.828056,7.031250000000001e-05
20.832056,-0.00125
20.836056,0.0
20.840056,0.000578125
20.844056,-2.34375e-05
20.848055,-0.001375
20.852055,3.125e-05
20.856055,0.000546875
20.860056,7.031250000000001e-05
20.864055,-0.0043359375
20.868055,7.8125e-06
20.872055,0.0009609375
20.876056,2.34375e-05
20.880056,-0.0021171875
20.884055,-7.031250000000001e-05
20.888055,0.0009375
20.892055,0.0001328125
20.896055,-0.0018437500000000001
20.900055,0.000171875
20.904055,3.125e-05
20.908055,0.00028125000000000003
20.912055,7.8125e-05
20.916056,-0.000125
20.920056,2.34375e-05
20.924055,0.0005078125
20.928055,0.000125
20.932055,-0.001515625
20.936056,4.6875e-05
20.940056,0.0005859375
20.944055,5.46875e-05
20.948055,-0.0015859375
20.952055,0.0
20.956055,0.0005703125
20.960055,4.6875e-05
20.964055,-0.0046953125
20.968055,-7.8125e-06
20.972055,0.0009921875
20.976055,7.8125e-05
20.980055,-0.0019765625
20.984055,0.00014062500000000002
20.988055,0.0009218750000000001
20.992056,9.375e-05
20.996056,-0.0017265625
21.000055,-7.8125e-06
21.004055,0.0011328125
21.008056,0.00010156250000000001
21.012055,0.000109375
21.016054,-0.00028125000000000003
21.020056,7.8125e-06
21.024056,1.5625e-05
21.028055,8.59375e-05
21.032056,-0.0015234375
21.036056,0.00010156250000000001
21.040056,0.000375
21.044055,0.000109375
21.048055,-0.0012890625
21.052055,0.0
21.056055,0.000515625
21.060055,9.375e-05
21.064055,-0.0014296875
21.068055,7.8125e-06
21.072055,0.0008828125
21.076055,7.8125e-05
21.080055,-0.00228125
21.084055,1.5625e-05
21.088056,0.000875
21.092055,-6.25e-05
21.096055,-0.0019765625
21.100056,-0.00015625
21.104055,0.001171875
21.108055,-4.6875e-05
21.112055,6.25e-05
21.116055,-0.000609375
21.120056,-8.59375e-05
21.124055,0.00015625
21.128055,7.8125e-05
21.132056,-0.0015546875
21.136055,-7.8125e-06
21.140056,0.0006640625
21.144055,9.375e-05
21.148055,-0.0013515625000000001
21.152055,-2.34375e-05
21.156056,0.000625
21.160056,3.90625e-05
21.164055,-0.0015390625
21.168055,-7.8125e-06
21.172055,0.0009296875000000001
21.176056,4.6875e-05
21.180055,-0.00215625
21.184055,-1.5625e-05
21.188055,0.00090625
21.192055,-0.0001953125
21.196056,-0.0019375
21.200055,-0.0005625000000000001
21.204055,0.0009453125
21.208054,-0.00010156250000000001
21.212056,2.34375e-05
21.216055,-0.0005546875000000001
21.220055,-3.125e-05
21.224055,0.00015625
21.228056,8.59375e-05
21.232055,-0.0013984375
21.236055,-1.5625e-05
21.240056,0.00065625
21.244056,9.375e-05
21.248056,-0.001453125
21.252056,-1.5625e-05
21.256055,0.000515625
21.260055,-1.5625e-05
21.264058,-0.001578125
21.268058,1.5625e-05
21.272055,0.0009609375
21.276055,0.0001171875
21.280054,-0.00203125
21.284056,2.34375e-05
21.288054,0.0010703125
21.292055,0.0
21.296054,-0.001734375
21.300056,-0.0001796875
21.304055,0.0008359375
21.308056,0.00015625
21.312056,3.90625e-05
21.316056,-0.0004140625
21.320055,3.125e-05
21.324055,0.00015625
21.328055,0.0001484375
21.332056,-0.0014921875
21.336055,0.0
21.340055,0.000609375
21.344055,9.375e-05
21.348055,-0.0014609375
21.352055,-2.34375e-05
21.356055,0.0006718750000000001
21.360055,4.6875e-05
21.364055,-0.0017734375
21.368054,2.34375e-05
21.372055,0.0009921875
21.376055,3.90625e-05
21.380055,-0.0019375
21.384055,-3.90625e-05
21.388055,0.0011015625000000001
21.392055,7.031250000000001e-05
21.396055,-0.0011484375
21.400056,-0.000109375
21.404055,0.000703125
21.408055,0.000390625
21.412055,7.8125e-05
21.416055,-7.8125e-05
21.420056,-6.25e-05
21.424055,0.00033593750000000003
21.428055,8.59375e-05
21.432055,-0.0016875
21.436055,0.0
21.440055,0.000578125
21.444055,7.031250000000001e-05
21.448055,-0.001453125
21.452055,-4.6875e-05
21.456055,0.0007109375
21.460054,0.0
21.464054,-0.00175
21.468055,3.125e-05
21.472055,0.00084375
21.476055,3.125e-05
21.480055,-0.0036796875000000002
21.484055,3.90625e-05
21.488055,0.001171875
21.492055,9.375e-05
21.496055,-0.003640625
21.500055,-0.000125
21.504055,0.0005546875000000001
21.508055,0.000296875
21.512054,-0.0010625
21.516056,-0.0003046875
21.520056,1.5625e-05
21.524055,0.000234375
21.528055,0.000109375
21.532056,-0.000296875
21.536055,0.0
21.540043,0.0005234375
21.544058,9.375e-05
21.548055,-0.00140625
21.552055,2.34375e-05
21.556055,0.0006328125
21.560055,0.000109375
21.564054,-0.0018828125
21.568055,-3.125e-05
21.572054,0.0007265625
21.576055,7.031250000000001e-05
21.580056,-0.00196875
21.584055,-7.031250000000001e-05
21.588056,0.0009765625
21.592056,0.00010156250000000001
21.596055,-0.0037890625
21.600056,-0.00034375
21.604056,0.0005078125
21.608055,4.6875e-05
21.612055,-0.000953125
21.616055,-0.0004296875
21.620056,2.34375e-05
21.624055,2.34375e-05
21.628055,0.0001484375
21.632055,-0.0008203125
21.636055,-2.34375e-05
21.640055,0.00053125
21.644056,-1.5625e-05
21.648055,-0.0015234375
21.652054,3.125e-05
21.656055,0.0007109375
21.660055,0.000109375
21.664055,-0.001828125
21.668055,2.34375e-05
21.672055,0.00075
21.676055,3.125e-05
21.680057,-0.0019453125
21.684056,6.25e-05
21.688056,0.0011250000000000001
21.692056,3.125e-05
21.696055,-0.0035234375
21.700056,-0.000421875
21.704055,0.0004765625
21.708055,-0.0001171875
21.712055,-0.0008984375
21.716054,-0.000625
21.720055,3.90625e-05
21.724055,0.0001328125
21.728056,7.8125e-05
21.732056,-0.001
21.736055,-7.8125e-05
21.740059,0.000625
21.744056,9.375e-05
21.748056,-0.0013359375
21.752056,7.8125e-06
21.756079,0.0007265625
21.760059,7.8125e-05
21.764056,-0.001734375
21.768055,2.34375e-05
21.772055,0.0006953125
21.776056,5.46875e-05
21.780055,-0.0021171875
21.784055,-2.34375e-05
21.788054,0.0010703125
21.792056,0.0001171875
21.796055,-0.0007890625
21.800056,-0.00046875
21.804057,0.000546875
21.808056,7.031250000000001e-05
21.812056,-0.0008671875
21.816056,-0.0004296875
21.820055,7.8125e-06
21.824055,0.0003046875
21.828056,7.031250000000001e-05
21.832055,-0.000703125
21.836055,-7.8125e-05
21.840056,0.000546875
21.844055,6.25e-05
21.848055,-0.0014453125
21.852055,-7.8125e-06
21.856055,0.0006875
21.860056,1.5625e-05
21.864055,-0.002171875
21.868055,-7.8125e-06
21.872055,0.0007265625
21.876055,4.6875e-05
21.880055,-0.0018828125
21.884055,4.6875e-05
21.888055,0.0009140625
21.892055,0.00010156250000000001
21.896055,-0.0008828125
21.900055,-0.000453125
21.904055,0.000421875
21.908055,0.00020312500000000002
21.912055,-0.000875
21.916055,-0.00034375
21.920055,4.6875e-05
21.924055,0.0003515625
21.928055,6.25e-05
21.932055,-0.00071875
21.936055,6.25e-05
21.940055,0.0005234375
21.944055,0.0
21.948055,-0.0016953125
21.952055,2.34375e-05
21.956055,0.0006328125
21.960055,2.34375e-05
21.964055,-0.00190625
21.968055,7.8125e-06
21.972056,0.00078125
21.976055,4.6875e-05
21.980055,-0.0015703125
21.984055,3.125e-05
21.988055,0.0007109375
21.992055,0.000125
21.996055,-0.0011171875000000001
22.000055,-8.59375e-05
22.004055,0.00034375
22.008055,0.000234375
22.012055,-0.0007890625
22.016055,-0.00034375
22.020056,0.00046093750000000003
22.024055,0.0002890625
22.028055,6.25e-05
22.032055,-0.00090625
22.036055,3.125e-05
22.040056,0.0002890625
22.044056,8.59375e-05
22.048055,-0.0018359375000000001
22.052056,2.34375e-05
22.056055,0.000765625
22.060055,7.8125e-05
22.064055,-0.002
22.068055,5.46875e-05
22.072055,0.000703125
22.076055,9.375e-05
22.080055,-0.0015390625
22.084056,1.5625e-05
22.088055,0.000515625
22.092055,-8.59375e-05
22.096055,-0.0011328125
22.100056,-2.34375e-05
22.104055,0.0003125
22.108055,0.0002421875
22.112055,-0.0006171875
22.116055,-0.00034375
22.120055,0.000515625
22.124055,0.000328125
22.128055,6.25e-05
22.132054,-0.000890625
22.136055,7.8125e-06
22.140056,0.0003203125
22.144055,3.125e-05
22.148055,-0.00153125
22.152055,8.59375e-05
22.156055,0.000875
22.160055,7.031250000000001e-05
22.164056,-0.0015937500000000001
22.168055,-1.5625e-05
22.172055,0.0008828125
22.176055,6.25e-05
22.180055,-0.001796875
22.184055,3.90625e-05
22.188055,0.00046093750000000003
22.192055,5.46875e-05
22.196055,-0.0011953125
22.200055,0.00015625
22.204055,0.0004765625
22.208055,3.125e-05
22.212055,-0.0005546875000000001
22.216055,-0.000859375
22.220056,0.0006171875
22.224055,0.0002734375
22.228054,7.8125e-05
22.232054,-0.00090625
22.236054,7.8125e-06
22.240055,0.0003125
22.244055,8.59375e-05
22.248055,-0.0015546875
22.252055,7.8125e-06
22.256058,0.0007734375
22.260061,0.00010156250000000001
22.264057,-0.0018593750000000001
22.268055,3.125e-05
22.272057,0.0008515625
22.276055,1.5625e-05
22.280055,-0.0016328125
22.284055,-4.6875e-05
22.288055,0.0004921875
22.292055,-5.46875e-05
22.296055,-0.0008515625
22.300054,0.0002109375
22.304054,0.0005
22.308055,-0.0001171875
22.312056,-0.000546875
22.316056,-0.0007578125
22.320055,0.0009375
22.324055,0.0002890625
22.328056,7.8125e-05
22.332056,-0.0006796875000000001
22.336055,7.8125e-06
22.340056,0.0003828125
22.344055,0.000125
22.348054,-0.0016953125
22.352055,-0.0001484375
22.356055,0.00065625
22.360056,0.0001171875
22.364055,-0.002046875
22.368055,2.34375e-05
22.372055,0.0006328125
22.376056,0.000109375
22.380056,-0.0017578125
22.384055,2.34375e-05
22.388055,0.000484375
22.392055,9.375e-05
22.396055,-0.00084375
22.400056,0.0001796875
22.404055,0.000625
22.408055,0.0001640625
22.412055,-0.000765625
22.416055,-0.0008203125
22.420055,0.0006328125
22.424056,0.0003203125
22.428055,6.25e-05
22.432055,-0.0006796875000000001
22.436055,3.125e-05
22.440056,0.0003125
22.444055,9.375e-05
22.448055,-0.0018671875000000001
22.452055,-4.6875e-05
22.456055,0.0006640625
22.460055,6.25e-05
22.464055,-0.0019765625
22.468055,5.46875e-05
22.472055,0.0006953125
22.476055,0.00010156250000000001
22.480055,-0.0018359375000000001
22.484055,7.8125e-06
22.488054,0.000515625
22.492055,0.0001640625
22.496055,-0.0008203125
22.500055,0.0001953125
22.50406,0.0005
22.508057,0.0003203125
22.512056,-0.0008203125
22.516056,-0.0005703125
22.520056,0.0003515625
22.524055,0.0005
22.528055,1.5625e-05
22.532057,-0.00059375
22.536062,2.34375e-05
22.540056,0.0002578125
22.544055,3.125e-05
22.548054,-0.000984375
22.552056,-4.6875e-05
22.556054,0.000703125
22.560055,7.031250000000001e-05
22.564054,-0.0017109375
22.568054,-1.5625e-05
22.572056,0.0006796875000000001
22.576056,0.00010156250000000001
22.580057,-0.001875
22.584056,0.0
22.588056,0.0008125000000000001
22.592056,-0.0001328125
22.596056,-0.000875
22.600056,7.031250000000001e-05
22.604055,0.000515625
22.608055,-0.00015625
22.612055,-0.0005390625
22.616055,-0.0008828125
22.620056,6.25e-05
22.624055,0.00033593750000000003
22.628055,2.34375e-05
22.632055,-0.0006875
22.636055,6.25e-05
22.640056,0.000421875
22.644055,6.25e-05
22.648055,-0.0009609375
22.652055,7.8125e-06
22.656055,0.0006953125
22.660056,9.375e-05
22.664055,-0.0019375
22.668055,7.031250000000001e-05
22.672055,0.000578125
22.676054,4.6875e-05
22.680058,-0.00175
22.684056,-7.031250000000001e-05
22.688055,0.0007734375
22.692055,-0.00034375
22.696056,-0.00090625
22.700055,-0.0002578125
22.704055,0.0004453125
22.708055,-0.00025
22.712056,-3.90625e-05
22.716056,-0.0007265625
22.720056,4.6875e-05
22.724056,0.000359375
22.728055,2.34375e-05
22.732056,-0.000890625
22.736055,2.34375e-05
22.740055,0.00025
22.744054,9.375e-05
22.748056,-0.001296875
22.752055,-4.6875e-05
22.756055,0.0007890625
22.760056,0.000125
22.764058,-0.0017734375
22.768061,3.90625e-05
22.772056,0.000765625
22.776055,4.6875e-05
22.780055,-0.002109375
22.784056,9.375e-05
22.788054,0.0007890625
22.792055,-0.000125
22.796054,-0.0007578125
22.800056,-2.34375e-05
22.804056,0.000625
22.808055,-7.8125e-06
22.812057,4.6875e-05
22.816056,-0.0007968750000000001
22.820056,7.8125e-06
22.824055,0.0003671875
22.828055,3.125e-05
22.832055,-0.0008515625
22.836055,-5.46875e-05
22.840056,0.000359375
22.844055,0.00010156250000000001
22.848055,-0.001078125
22.852055,2.34375e-05
22.856055,0.0007890625
22.860056,0.0001171875
22.864055,-0.00175
22.868055,4.6875e-05
22.872055,0.0008046875000000001
22.876056,8.59375e-05
22.880056,-0.001828125
22.884056,0.00020312500000000002
22.888055,0.0007734375
22.892055,8.59375e-05
22.896055,-0.000515625
22.900056,0.000234375
22.904055,0.000828125
22.908055,0.000296875
22.912055,7.8125e-06
22.916055,-0.00084375
22.920055,0.0
22.924055,0.00025
22.928055,9.375e-05
22.932055,-0.001078125
22.936055,9.375e-05
22.940055,0.0003125
22.944055,0.00010156250000000001
22.948055,-0.0011093750000000001
22.952055,-7.031250000000001e-05
22.956056,0.0007109375
22.960055,3.90625e-05
22.964055,-0.0018515625000000001
22.968055,-7.8125e-06
22.972055,0.00075
22.976055,7.8125e-06
22.980055,-0.002015625
22.984055,0.00015625
22.988055,0.0008515625
22.992055,9.375e-05
22.996056,-0.0006796875000000001
23.000055,0.000171875
23.004055,0.0008203125
23.008054,0.0001171875
23.012056,-2.34375e-05
23.016055,-0.00078125
23.020056,0.0
23.024055,0.0005
23.028055,1.5625e-05
23.032055,-0.0008203125
23.036055,-1.5625e-05
23.040055,0.00046093750000000003
23.044055,8.59375e-05
23.048055,-0.00109375
23.052055,0.0
23.056055,0.0004765625
23.060055,5.46875e-05
23.064055,-0.0020078125
23.068055,3.125e-05
23.072056,0.000640625
23.076056,4.6875e-05
23.080055,-0.0019453125
23.084055,0.0001171875
23.088056,0.0008125000000000001
23.092055,6.25e-05
23.096056,-0.0022031250000000002
23.100056,-0.00015625
23.104055,0.000375
23.108056,-0.00020312500000000002
23.112055,4.6875e-05
23.116055,-0.00015625
23.120056,0.0
23.124056,0.0004375
23.128055,2.34375e-05
23.132055,-0.0010078125
23.136055,2.34375e-05
23.140056,0.0004765625
23.144055,-7.8125e-06
23.148055,-0.001328125
23.152055,3.125e-05
23.156054,0.0004453125
23.160055,7.8125e-05
23.164056,-0.0018984375
23.168055,0.0
23.172055,0.0008203125
23.176055,5.46875e-05
23.180056,-0.001921875
23.184055,3.125e-05
23.188055,0.000828125
23.192055,-2.34375e-05
23.196055,-0.0021171875
23.200055,-7.031250000000001e-05
23.204056,0.00015625
23.208055,-0.000125
23.212055,3.125e-05
23.216055,-0.00010156250000000001
23.220055,7.8125e-06
23.224055,0.0004921875
23.228055,5.46875e-05
23.232055,-0.001
23.236055,-3.125e-05
23.240055,0.00046875
23.244055,8.59375e-05
23.248055,-0.001234375
23.252055,2.34375e-05
23.256055,0.0005
23.260062,3.90625e-05
23.264057,-0.0017734375
23.268056,3.125e-05
23.272055,0.000859375
23.276056,7.031250000000001e-05
23.280055,-0.0018125
23.284055,-0.00025
23.288054,0.0009218750000000001
23.292056,-7.031250000000001e-05
23.296056,-0.0044218750000000005
23.300056,-0.0001171875
23.304057,-2.34375e-05
23.308056,-0.00010156250000000001
23.312056,7.8125e-06
23.316056,7.031250000000001e-05
23.320055,1.5625e-05
23.324055,0.000359375
23.328055,2.34375e-05
23.332056,-0.0011640625
23.336056,-1.5625e-05
23.340056,0.0004453125
23.344055,5.46875e-05
23.348055,-0.0011953125
23.352055,-3.125e-05
23.356055,0.0005546875000000001
23.360055,7.8125e-05
23.364056,-0.002078125
23.368055,-4.6875e-05
23.372055,0.000828125
23.376055,2.34375e-05
23.380054,-0.0020625
23.384054,-0.000171875
23.388056,0.0008828125
23.392055,-9.375e-05
23.396056,-0.0045546875
23.400055,-0.0001796875
23.404055,3.125e-05
23.408055,0.00010156250000000001
23.412055,2.34375e-05
23.416055,0.0001328125
23.420056,3.90625e-05
23.424055,0.0003046875
23.428055,3.125e-05
23.432055,-0.00121875
23.436055,4.6875e-05
23.440055,0.0004375
23.444055,5.46875e-05
23.448055,-0.001203125
23.452055,2.34375e-05
23.456055,0.0004765625
23.460056,0.000109375
23.464055,-0.001875
23.468055,-9.375e-05
23.472055,0.000734375
23.476056,2.34375e-05
23.480055,-0.0022500000000000003
23.484056,0.00015625
23.488055,0.000875
23.492055,0.0001875
23.496056,-0.002359375
23.500054,-7.8125e-05
23.504055,2.34375e-05
23.508054,-6.25e-05
23.512054,2.34375e-05
23.516055,-0.0001171875
23.520055,3.90625e-05
23.524055,0.00040625000000000004
23.528055,1.5625e-05
23.532055,-0.0011640625
23.536055,-3.90625e-05
23.540039,0.000609375
23.544056,7.8125e-05
23.548055,-0.0011250000000000001
23.552054,1.5625e-05
23.556056,0.0006796875000000001
23.560055,-4.6875e-05
23.564055,-0.001171875
23.568054,3.90625e-05
23.572056,0.0008359375
23.576055,2.34375e-05
23.580056,-0.0020859375
23.584055,-3.90625e-05
23.588057,0.000875
23.592056,0.00015625
23.596056,-0.002078125
23.600055,-3.125e-05
23.604056,0.0008828125
23.608055,-0.0002265625
23.612055,4.6875e-05
23.616055,-0.00046875
23.620056,3.90625e-05
23.624055,-0.000125
23.628055,3.90625e-05
23.632055,-0.00109375
23.636055,0.0
23.640055,0.0004921875
23.644055,7.8125e-06
23.648055,-0.0013984375
23.652055,1.5625e-05
23.656055,0.0005234375
23.660055,4.6875e-05
23.664055,-0.0018125
23.668055,-4.6875e-05
23.672055,0.00084375
23.676055,4.6875e-05
23.680057,-0.0021328125
23.684056,0.0
23.688055,0.00084375
23.692055,-7.031250000000001e-05
23.696056,-0.0021484375
23.700055,-0.00015625
23.704056,0.00096875
23.708055,-7.031250000000001e-05
23.712055,7.031250000000001e-05
23.716055,7.8125e-06
23.720055,7.8125e-06
23.724055,8.59375e-05
23.728055,8.59375e-05
23.732056,-0.00103125
23.736056,5.46875e-05
23.740056,0.0005234375
23.744055,7.031250000000001e-05
23.748055,-0.001203125
23.752056,5.46875e-05
23.756055,0.00065625
23.76006,3.125e-05
23.764056,-0.001578125
23.768055,-2.34375e-05
23.772054,0.0009453125
23.776056,7.031250000000001e-05
23.780055,-0.0018671875000000001
23.784055,2.34375e-05
23.788054,0.0009218750000000001
23.792055,-0.00021875
23.796056,-0.002
23.800056,-0.00021875
23.804057,0.0009296875000000001
23.808056,-0.00015625
23.812056,4.6875e-05
23.816056,-7.031250000000001e-05
23.820055,2.34375e-05
23.824055,0.00040625000000000004
23.828056,8.59375e-05
23.832056,-0.001234375
23.836055,3.90625e-05
23.840055,0.000453125
23.844055,9.375e-05
23.848055,-0.0016796875
23.852055,-4.6875e-05
23.856055,0.0005078125
23.860056,9.375e-05
23.864056,-0.0014765625
23.868055,-1.5625e-05
23.872055,0.0009296875000000001
23.876056,8.59375e-05
23.880056,-0.0021953125
23.884055,2.34375e-05
23.888055,0.0008671875
23.892055,0.000109375
23.896056,-0.002015625
23.900055,7.8125e-06
23.904055,0.0009375
23.908055,3.90625e-05
23.912055,5.46875e-05
23.916055,-5.46875e-05
23.920055,4.6875e-05
23.924055,0.0001171875
23.928055,8.59375e-05
23.932055,-0.001328125
23.936055,3.90625e-05
23.940056,0.00046875
23.944055,4.6875e-05
23.948055,-0.00140625
23.952055,7.8125e-06
23.956055,0.0006171875
23.960056,0.0
23.964056,-0.00140625
23.968055,-2.34375e-05
23.972055,0.0008828125
23.976055,6.25e-05
23.980055,-0.0045625
23.984056,4.6875e-05
23.988055,0.0008515625
23.992055,5.46875e-05
23.996055,-0.002
24.000054,0.000171875
24.004056,0.00090625
24.008055,-3.125e-05
24.012056,0.00010156250000000001
24.016055,-9.375e-05
24.020055,3.125e-05
24.024055,-0.0001328125
24.028055,4.6875e-05
24.032055,-0.001046875
24.036055,1.5625e-05
24.040055,0.00046093750000000003
24.044056,0.0001484375
24.048055,-0.0015703125
24.052055,4.6875e-05
24.056055,0.0005
24.060055,6.25e-05
24.064055,-0.0014765625
24.068055,3.90625e-05
24.072055,0.0005703125
24.076055,0.0001171875
24.080055,-0.0047578125
24.084055,-4.6875e-05
24.088055,0.00096875
24.092056,9.375e-05
24.096055,-0.0022109375000000002
24.100056,9.375e-05
24.104055,0.0009765625
24.108055,0.00014062500000000002
24.112055,-0.002
24.116055,1.5625e-05
24.120056,-4.6875e-05
24.124056,-0.000109375
24.128055,7.8125e-06
24.132055,-0.00059375
24.136055,-2.34375e-05
24.140055,0.0005703125
24.144055,6.25e-05
24.148055,-0.00146875
24.152055,3.125e-05
24.156055,0.0006015625
24.160056,5.46875e-05
24.164055,-0.00121875
24.168055,1.5625e-05
24.172055,0.0005546875000000001
24.176055,1.5625e-05
24.180055,-0.002
24.184055,4.6875e-05
24.188056,0.0008828125
24.192055,5.46875e-05
24.196055,-0.0020703125
24.200055,-0.000296875
24.204055,0.000828125
24.208055,-6.25e-05
24.212054,-0.00209375
24.216054,-0.0004765625
24.220056,-3.90625e-05
24.224055,-6.25e-05
24.228055,0.0
24.232055,-0.0002734375
24.236056,2.34375e-05
24.240055,0.000578125
24.244055,0.0001328125
24.248055,-0.0016953125
24.252056,7.031250000000001e-05
24.256055,0.0006796875000000001
24.260055,7.031250000000001e-05
24.264055,-0.0015859375
24.268065,7.8125e-06
24.272057,0.0005859375
24.276055,3.90625e-05
24.280055,-0.002265625
24.284055,-6.25e-05
24.288054,0.00084375
24.292056,3.90625e-05
24.296055,-0.001984375
24.300055,-0.000109375
24.304054,0.0010078125
24.308055,6.25e-05
24.312055,-0.0036953125000000002
24.316056,-0.0004375
24.320055,-4.6875e-05
24.324055,3.125e-05
24.328055,0.0001328125
24.332055,-0.00039843750000000003
24.336055,7.8125e-06
24.340056,0.00065625
24.344055,9.375e-05
24.348056,-0.0014296875
24.352055,5.46875e-05
24.356055,0.0005234375
24.360055,3.90625e-05
24.364055,-0.001515625
24.368055,-3.125e-05
24.372056,0.000546875
24.376056,7.8125e-06
24.380056,-0.0019453125
24.384055,-2.34375e-05
24.388055,0.0007968750000000001
24.392055,4.6875e-05
24.396055,-0.001765625
24.400056,-8.59375e-05
24.404055,0.0010859375
24.408055,0.00020312500000000002
24.412055,-0.0015703125
24.416055,-0.00015625
24.420056,7.8125e-06
24.424055,0.0003203125
24.428055,7.031250000000001e-05
24.432055,-0.00025
24.436055,3.125e-05
24.440055,0.000515625
24.444055,0.000109375
24.448055,-0.001546875
24.452055,-1.5625e-05
24.456055,0.0005546875000000001
24.460055,-5.46875e-05
24.464055,-0.001453125
24.468055,-2.34375e-05
24.472055,0.0006171875
24.476055,3.90625e-05
24.480055,-0.0020390625
24.484056,-3.125e-05
24.488055,0.0009609375
24.492055,8.59375e-05
24.496055,-0.0017109375
24.500055,5.46875e-05
24.504055,0.0012265625
24.508055,0.00033593750000000003
24.512055,-0.0038203125
24.516054,0.0
24.520056,3.90625e-05
24.524056,0.000328125
24.528055,9.375e-05
24.532057,-0.00014062500000000002
24.536057,4.6875e-05
24.540055,0.0005859375
24.544055,0.00010156250000000001
24.548054,-0.0013984375
24.552055,6.25e-05
24.556054,0.0004921875
24.560055,3.90625e-05
24.564054,-0.0015546875
24.568055,5.46875e-05
24.572054,0.0005234375
24.576056,0.00010156250000000001
24.580056,-0.0041796875
24.584055,3.90625e-05
24.588055,0.0009140625
24.592055,5.46875e-05
24.596055,-0.003875
24.600056,-1.5625e-05
24.604056,0.0011093750000000001
24.608055,-4.6875e-05
24.612055,-0.0037890625
24.616055,-0.0004375
24.620056,0.0005
24.624055,7.031250000000001e-05
24.628055,5.46875e-05
24.632055,-0.0002421875
24.636055,-1.5625e-05
24.640055,0.0001875
24.644056,0.0001484375
24.648055,-0.001484375
24.652055,7.8125e-06
24.656055,0.0004296875
24.660056,7.031250000000001e-05
24.664055,-0.0016328125
24.668055,-1.5625e-05
24.672055,0.0006484375
24.676056,7.8125e-05
24.680057,-0.001734375
24.684056,4.6875e-05
24.688055,0.00096875
24.692055,6.25e-05
24.696055,-0.00190625
24.700056,-7.8125e-06
24.704055,0.0011953125
24.708055,-9.375e-05
24.712055,-0.00578125
24.716055,-0.0005859375
24.720056,0.0005078125
24.724055,-9.375e-05
24.728055,8.59375e-05
24.732055,-0.0007734375
24.736055,6.25e-05
24.740061,-0.0001484375
24.744055,9.375e-05
24.748055,-0.001265625
24.752055,2.34375e-05
24.756056,0.000484375
24.760055,6.25e-05
24.764069,-0.0014375
24.768058,3.125e-05
24.772057,0.0007421875
24.776056,6.25e-05
24.780056,-0.0016640625
24.784056,7.8125e-06
24.788055,0.0009296875000000001
24.792054,5.46875e-05
24.796056,-0.001921875
24.800056,-2.34375e-05
24.804055,0.0012109375
24.808055,-4.6875e-05
24.812055,-0.0010390625
24.816055,-0.0005390625
24.820055,0.0006015625
24.824055,6.25e-05
24.828055,0.0001171875
24.832055,-0.0003515625
24.836055,4.6875e-05
24.840056,0.0002109375
24.844056,5.46875e-05
24.848055,-0.0013359375
24.852055,-2.34375e-05
24.856055,0.0006796875000000001
24.860055,7.031250000000001e-05
24.864055,-0.001484375
24.868055,4.6875e-05
24.872055,0.000875
24.876055,7.031250000000001e-05
24.880055,-0.0016640625
24.884055,-7.8125e-05
24.888055,0.0008515625
24.892055,-7.8125e-06
24.896055,-0.0018593750000000001
24.900055,3.90625e-05
24.904055,0.000828125
24.908055,-0.0001484375
24.912055,-0.0010234375
24.916055,-0.00053125
24.920055,0.000484375
24.924055,0.000171875
24.928055,6.25e-05
24.932058,-0.00053125
24.936056,-1.5625e-05
24.940056,0.0004765625
24.944055,7.8125e-05
24.948055,-0.00121875
24.952055,1.5625e-05
24.956056,0.0006015625
24.960056,3.90625e-05
24.964055,-0.0019609375
24.968055,-2.34375e-05
24.972055,0.0006718750000000001
24.976055,4.6875e-05
24.980054,-0.0018671875000000001
24.984055,-2.34375e-05
24.988056,0.0009218750000000001
24.992055,7.8125e-05
24.996055,-0.0014453125
25.000055,4.6875e-05
25.004085,0.000890625
25.008056,0.00021875
25.012055,-0.0009921875
25.016055,-0.00040625000000000004
25.020055,0.0004921875
25.024055,0.0001640625
25.028055,0.000109375
25.032055,-0.000390625
25.036055,7.031250000000001e-05
25.040055,0.0004296875
25.044055,0.00010156250000000001
25.048055,-0.0015859375
25.052055,-2.34375e-05
25.056055,0.0006015625
25.060055,7.031250000000001e-05
25.064055,-0.0018437500000000001
25.068055,-7.8125e-06
25.072055,0.0006796875000000001
25.076055,1.5625e-05
25.080055,-0.0020703125
25.084055,-1.5625e-05
25.088055,0.0011171875000000001
25.092055,0.00010156250000000001
25.096055,-0.0051640625
25.100055,2.34375e-05
25.104056,0.0005234375
25.108055,0.0003203125
25.112055,-0.001078125
25.116055,-3.90625e-05
25.120055,0.0003671875
25.124055,0.000453125
25.128055,3.125e-05
25.132058,-0.0003046875
25.136056,7.8125e-06
25.140056,0.00025
25.144055,7.031250000000001e-05
25.148055,-0.0016796875
25.152055,4.6875e-05
25.156055,0.00046093750000000003
25.160056,6.25e-05
25.164055,-0.0017421875
25.168055,3.90625e-05
25.172055,0.0007734375
25.176055,7.031250000000001e-05
25.180056,-0.0019140625
25.184055,0.0
25.188055,0.0008203125
25.192055,5.46875e-05
25.196055,-0.0036796875000000002
25.200055,3.125e-05
25.204055,0.0004765625
25.208055,-4.6875e-05
25.212055,-0.0011484375
25.216055,-0.000296875
25.220056,0.00040625000000000004
25.224055,0.0002734375
25.228056,-0.000734375
25.232056,-0.0006328125
25.236055,4.6875e-05
25.240055,0.0003828125
25.244055,9.375e-05
25.248055,-0.0007421875
25.252055,7.8125e-06
25.256055,0.000609375
25.260058,7.031250000000001e-05
25.264056,-0.00175
25.268055,1.5625e-05
25.272055,0.0007421875
25.276055,0.0
25.280055,-0.001953125
25.284056,-7.8125e-05
25.288055,0.0006718750000000001
25.292055,3.125e-05
25.296055,-0.00115625
25.300055,2.34375e-05
25.304054,0.000390625
25.308056,-0.0003203125
25.312055,-0.0011171875000000001
25.316055,-0.0003828125
25.320056,0.0004140625
25.324055,0.0001796875
25.328055,-0.0009765625
25.332058,-0.0008046875000000001
25.336056,-1.5625e-05
25.340056,0.000234375
25.344055,8.59375e-05
25.348055,-0.0007968750000000001
25.352055,2.34375e-05
25.356058,0.000609375
25.360057,4.6875e-05
25.364056,-0.0017578125
25.368055,1.5625e-05
25.372055,0.00078125
25.376055,3.90625e-05
25.380055,-0.001734375
25.384055,-3.90625e-05
25.388055,0.00075
25.392055,6.25e-05
25.396054,-0.0011015625000000001
25.400056,3.125e-05
25.404055,0.0005390625
25.408055,-0.0002109375
25.412055,-0.0011093750000000001
25.416055,-0.00020312500000000002
25.420056,0.000515625
25.424055,0.0002734375
25.428055,-0.0007421875
25.432055,-0.00084375
25.436055,2.34375e-05
25.440055,0.00046875
25.444055,2.34375e-05
25.448055,-0.00084375
25.452056,-1.5625e-05
25.456055,0.0006875
25.460055,7.031250000000001e-05
25.464055,-0.0015937500000000001
25.468055,3.90625e-05
25.472055,0.0007890625
25.476055,9.375e-05
25.480055,-0.001734375
25.484055,-2.34375e-05
25.488055,0.000734375
25.492055,2.34375e-05
25.496055,-0.001078125
25.500055,0.0001875
25.504055,0.0005
25.508055,-7.8125e-06
25.512055,-0.0006484375
25.516055,-0.0007968750000000001
25.520055,0.000546875
25.524055,0.0001953125
25.528055,-0.00053125
25.532057,-0.0009609375
25.536057,6.25e-05
25.540057,0.00046875
25.544056,7.031250000000001e-05
25.548055,-0.000875
25.552055,-5.46875e-05
25.556055,0.000734375
25.560055,9.375e-05
25.564056,-0.0017578125
25.568055,6.25e-05
25.572055,0.0008046875000000001
25.576055,5.46875e-05
25.580055,-0.0017265625
25.584055,-2.34375e-05
25.588055,0.00075
25.592055,8.59375e-05
25.596055,-0.0010859375
25.600056,0.0001640625
25.604056,0.0005
25.608055,5.46875e-05
25.612055,-0.0006953125
25.616055,-0.000765625
25.620055,0.000625
25.624055,0.00034375
25.628055,-2.34375e-05
25.632055,-0.000828125
25.636055,-3.90625e-05
25.640055,0.00028125000000000003
25.644055,7.031250000000001e-05
25.648055,-0.0008046875000000001
25.652055,7.8125e-06
25.656055,0.00065625
25.660055,0.000109375
25.664055,-0.0018359375000000001
25.668055,3.125e-05
25.672055,0.000765625
25.676055,0.0001171875
25.680063,-0.00171875
25.684058,3.90625e-05
25.688056,0.0006796875000000001
25.692055,6.25e-05
25.696059,-0.0009375
25.700057,0.0002265625
25.704055,0.000484375
25.708055,7.031250000000001e-05
25.712055,-0.0006328125
25.716055,-0.00046875
25.720055,0.0005546875000000001
25.724055,0.000296875
25.728055,-2.34375e-05
25.732058,-0.0007421875
25.736056,7.8125e-06
25.740056,0.00028125000000000003
25.744055,7.031250000000001e-05
25.748055,-0.0010703125
25.752055,-7.8125e-06
25.756055,0.000375
25.760056,8.59375e-05
25.764055,-0.0018203125
25.768057,0.0
25.772056,0.0007265625
25.776055,8.59375e-05
25.780056,-0.0018437500000000001
25.784056,0.0
25.788055,0.0007890625
25.792055,7.031250000000001e-05
25.796055,-0.0018671875000000001
25.800055,0.0002109375
25.804055,0.0004921875
25.808055,7.8125e-05
25.812055,-0.000625
25.816054,7.8125e-05
25.820055,0.000640625
25.824055,0.0004375
25.828055,-3.90625e-05
25.832055,-0.0006640625
25.836055,1.5625e-05
25.840055,0.000421875
25.844055,7.031250000000001e-05
25.848055,-0.0006953125
25.852055,-7.8125e-06
25.856055,0.0003046875
25.860056,0.000125
25.864055,-0.0019609375
25.868055,1.5625e-05
25.872055,0.0006328125
25.876056,2.34375e-05
25.880055,-0.0016484375
25.884055,1.5625e-05
25.888055,0.000765625
25.892055,-0.00020312500000000002
25.896055,-0.0018593750000000001
25.900055,-8.59375e-05
25.904055,0.00040625000000000004
25.908055,-0.0002109375
25.912055,-0.0007890625
25.916055,-4.6875e-05
25.920055,0.0005078125
25.924055,0.0002890625
25.928055,-7.8125e-06
25.932058,-0.0008046875000000001
25.936057,7.8125e-06
25.940056,0.000359375
25.944056,7.031250000000001e-05
25.948056,-0.00084375
25.952055,-2.34375e-05
25.956055,0.00040625000000000004
25.960055,4.6875e-05
25.964055,-0.0020390625
25.968055,-2.34375e-05
25.972055,0.00071875
25.976055,5.46875e-05
25.980055,-0.0017265625
25.984055,0.0
25.988055,0.0008359375
25.992056,-0.000109375
25.996055,-0.0018437500000000001
26.000055,7.8125e-06
26.004055,0.0004140625
26.008055,-0.0001796875
26.012055,-0.0010546875
26.016056,-0.00025
26.020056,0.00034375
26.024055,0.000328125
26.028055,3.90625e-05
26.032055,-0.0006328125
26.036055,9.375e-05
26.040055,0.0004140625
26.044055,9.375e-05
26.048055,-0.0008671875
26.052055,-7.8125e-06
26.056055,0.00046875
26.060055,3.125e-05
26.064055,-0.0016328125
26.068055,-7.8125e-06
26.072055,0.0007421875
26.076055,3.125e-05
26.080055,-0.0018671875000000001
26.084056,1.5625e-05
26.088055,0.0008828125
26.092055,-0.0002265625
26.096055,-0.0019609375
26.100055,-0.000125
26.104055,3.90625e-05
26.109443,3.90625e-05
26.112059,-0.0006328125
26.116056,-0.000109375
26.120056,0.0004765625
26.124056,0.0003046875
26.128055,0.0
26.132058,-0.000703125
26.136057,-7.8125e-06
26.140056,0.0003671875
26.144055,0.00010156250000000001
26.148056,-0.0009375
26.152056,0.0
26.156055,0.000421875
26.160056,5.46875e-05
26.164055,-0.0019375
26.168055,4.6875e-05
26.172055,0.000765625
26.176055,7.031250000000001e-05
26.180055,-0.001734375
26.184055,-3.90625e-05
26.188055,0.0008125000000000001
26.192055,-0.00028125000000000003
26.196056,-0.001890625
26.200055,-0.0002265625
26.204055,0.0006015625
26.208055,-1.5625e-05
26.212055,-5.46875e-05
26.216055,0.0001171875
26.220055,3.125e-05
26.224055,0.000234375
26.228054,5.46875e-05
26.232055,-0.0009921875
26.236055,-1.5625e-05
26.240055,0.0002265625
26.244055,7.8125e-05
26.248055,-0.001296875
26.252055,-7.031250000000001e-05
26.256055,0.00039843750000000003
26.260054,9.375e-05
26.264056,-0.00190625
26.268055,3.90625e-05
26.272055,0.00071875
26.276055,8.59375e-05
26.280055,-0.00190625
26.284055,0.0001875
26.288055,0.0008203125
26.292055,0.0
26.296055,-0.0020390625
26.300055,-7.8125e-06
26.304055,0.000640625
26.308055,7.8125e-05
26.312055,7.8125e-06
26.316055,7.8125e-06
26.320055,-1.5625e-05
26.324054,0.0002265625
26.328055,3.125e-05
26.332058,-0.0010625
26.336056,-1.5625e-05
26.340056,0.0003046875
26.344055,7.031250000000001e-05
26.348055,-0.0012890625
26.352055,1.5625e-05
26.356058,0.000390625
26.360055,6.25e-05
26.364055,-0.0013828125
26.368055,0.0
26.372055,0.0008515625
26.376055,0.000109375
26.380055,-0.0017734375
26.384055,1.5625e-05
26.388055,0.000734375
26.392055,0.0002109375
26.396055,-0.0022343750000000002
26.400056,0.0001171875
26.404055,0.000859375
26.408055,0.0002109375
26.412055,7.8125e-06
26.416055,0.000171875
26.420055,-1.5625e-05
26.424055,-2.34375e-05
26.428055,5.46875e-05
26.432055,-0.000734375
26.436055,1.5625e-05
26.440055,0.0004296875
26.444055,7.031250000000001e-05
26.448055,-0.0010078125
26.452055,-3.125e-05
26.456056,0.0005390625
26.460055,3.125e-05
26.464055,-0.0011953125
26.468055,0.0
26.472055,0.0007968750000000001
26.476055,7.8125e-05
26.480055,-0.002046875
26.484055,-7.8125e-06
26.488055,0.000828125
26.492055,2.34375e-05
26.496055,-0.0023125
26.500056,6.25e-05
26.504055,0.0009453125
26.508054,0.000109375
26.512055,3.125e-05
26.516055,-0.000125
26.520055,-2.34375e-05
26.524055,-0.0001328125
26.528055,2.34375e-05
26.532058,-0.001015625
26.536056,-7.031250000000001e-05
26.540056,0.0004453125
26.544056,4.6875e-05
26.548056,-0.0011640625
26.552055,0.0
26.556055,0.0005
26.560055,9.375e-05
26.564055,-0.00115625
26.568055,3.125e-05
26.572055,0.000734375
26.576055,4.6875e-05
26.580055,-0.0020703125
26.584055,2.34375e-05
26.588055,0.0008046875000000001
26.592055,-7.8125e-06
26.596055,-0.00209375
26.600056,-7.031250000000001e-05
26.604055,0.00084375
26.608055,-0.0001484375
26.612055,6.25e-05
26.616055,-0.0001640625
26.620055,-1.5625e-05
26.624055,-0.0001328125
26.628055,5.46875e-05
26.632055,-0.00084375
26.636055,-1.5625e-05
26.640055,0.00040625000000000004
26.644055,0.00010156250000000001
26.648055,-0.001046875
26.652055,-7.031250000000001e-05
26.656055,0.0005703125
26.660055,7.031250000000001e-05
26.664055,-0.0014140625
26.668055,-3.90625e-05
26.672055,0.000890625
26.676055,0.000109375
26.680063,-0.0019765625
26.684058,-7.8125e-06
26.688056,0.000875
26.692055,-4.6875e-05
26.696059,-0.00203125
26.700057,-0.00020312500000000002
26.704056,0.0008046875000000001
26.708055,-0.000109375
26.712055,3.90625e-05
26.716055,-7.031250000000001e-05
26.720055,-3.125e-05
26.724055,-9.375e-05
26.728055,1.5625e-05
26.732058,-0.00103125
26.736057,7.8125e-06
26.740056,0.00046875
26.744056,2.34375e-05
26.748055,-0.0011875
26.752055,-3.90625e-05
26.756056,0.000421875
26.760056,3.125e-05
26.764055,-0.0015390625
26.768056,1.5625e-05
26.772055,0.0008359375
26.776055,3.125e-05
26.780056,-0.002078125
26.784055,2.34375e-05
26.788055,0.0010078125
26.792055,-7.031250000000001e-05
26.796055,-0.0045234375
26.800056,-7.031250000000001e-05
26.804056,0.0009296875000000001
26.808055,0.0
26.812055,1.5625e-05
26.816055,5.46875e-05
26.820055,-3.90625e-05
26.824055,5.46875e-05
26.828055,2.34375e-05
26.832055,-0.001140625
26.836055,0.0
26.840055,0.0003671875
26.844056,5.46875e-05
26.848055,-0.0012421875
26.852055,7.8125e-06
26.856055,0.0005078125
26.860055,3.125e-05
26.864055,-0.001703125
26.868055,-1.5625e-05
26.872055,0.00065625
26.876055,3.125e-05
26.880055,-0.002109375
26.884055,-2.34375e-05
26.888055,0.0009921875
26.892055,2.34375e-05
26.896055,-0.0044921875000000005
26.900056,2.34375e-05
26.904055,0.0009375
26.908055,1.5625e-05
26.912055,-0.0021015625
26.916055,0.0001484375
26.920055,1.5625e-05
26.924055,0.00010156250000000001
26.928055,9.375e-05
26.932058,-0.0001328125
26.936056,1.5625e-05
26.940056,0.00059375
26.944055,8.59375e-05
26.948055,-0.0011093750000000001
26.952055,-1.5625e-05
26.956055,0.0005234375
26.960055,7.031250000000001e-05
26.964056,-0.0013515625000000001
26.968055,-7.8125e-06
26.972055,0.0006796875000000001
26.976055,6.25e-05
26.980055,-0.00215625
26.984055,-1.5625e-05
26.988055,0.0008671875
26.992055,2.34375e-05
26.996055,-0.0020859375
27.000055,7.031250000000001e-05
27.004055,0.000859375
27.008055,0.0
27.012055,-0.002140625
27.016055,-0.00010156250000000001
27.020055,-7.8125e-06
27.024055,-3.125e-05
27.028055,6.25e-05
27.032055,-0.000296875
27.036055,4.6875e-05
27.040055,0.000578125
27.044055,0.0
27.048055,-0.0011875
27.052055,-4.6875e-05
27.056055,0.0006171875
27.060055,5.46875e-05
27.064055,-0.0015546875
27.068055,-1.5625e-05
27.072055,0.0006640625
27.076055,6.25e-05
27.080055,-0.0021015625
27.084055,3.125e-05
27.088055,0.0009218750000000001
27.092055,4.6875e-05
27.096055,-0.00246875
27.100055,-7.031250000000001e-05
27.104055,0.000828125
27.108055,-0.00020312500000000002
27.112055,-0.0020390625
27.116055,-0.00025
27.120055,-7.8125e-06
27.124056,-0.00015625
27.128055,2.34375e-05
27.132058,-0.000390625
27.136057,7.8125e-06
27.140056,0.00059375
27.144055,5.46875e-05
27.148055,-0.0013203125
27.152056,-3.90625e-05
27.156055,0.0005703125
27.160055,7.8125e-06
27.164055,-0.0014609375
27.168056,4.6875e-05
27.172055,0.00065625
27.176055,4.6875e-05
27.180056,-0.0022031250000000002
27.184055,-3.90625e-05
27.188055,0.0008515625
27.192055,3.90625e-05
27.196056,-0.0020390625
27.200055,-0.00015625
27.204055,0.0009921875
27.208055,-0.0002578125
27.212055,-0.0019375
27.216055,-4.6875e-05
27.220055,3.90625e-05
27.224055,0.00021875
27.228055,1.5625e-05
27.232055,-0.0001953125
27.236055,3.125e-05
27.240055,0.0005625000000000001
27.244055,0.00010156250000000001
27.248055,-0.001390625
27.252054,2.34375e-05
27.256056,0.0006796875000000001
27.260056,6.25e-05
27.264055,-0.001546875
27.268057,7.8125e-06
27.272064,0.0005234375
27.276058,7.031250000000001e-05
27.280063,-0.004578125
27.284056,0.0
27.288055,0.00090625
27.292055,8.59375e-05
27.296055,-0.0020859375
27.300055,-0.000171875
27.304054,0.0010859375
27.308055,-0.0001484375
27.312055,-0.001484375
27.316055,-0.00020312500000000002
27.320055,4.6875e-05
27.324054,0.000375
27.328055,0.000109375
27.332058,7.031250000000001e-05
27.336057,3.90625e-05
27.340056,0.0003828125
27.344056,5.46875e-05
27.348055,-0.0015625
27.352055,9.375e-05
27.356055,0.0006171875
27.360055,0.000125
27.364056,-0.0015546875
27.368055,-7.8125e-06
27.372055,0.0004453125
27.376055,6.25e-05
27.380056,-0.0014609375
27.384056,0.0
27.388055,0.0008984375
27.392055,3.90625e-05
27.396056,-0.001984375
27.400056,5.46875e-05
27.404055,0.0009609375
27.408055,0.0001484375
27.412055,-0.0018359375000000001
27.416056,-0.0001796875
27.420056,0.0011640625
27.424055,0.000171875
27.428055,4.6875e-05
27.432055,-0.000359375
27.436055,3.125e-05
27.440055,0.00014062500000000002
27.444055,7.8125e-05
27.448055,-0.0014921875
27.452055,0.0
27.456055,0.000625
27.460055,7.8125e-05
27.464055,-0.001703125
27.468055,-7.031250000000001e-05
27.472055,0.000578125
27.476055,5.46875e-05
27.480055,-0.001453125
27.484055,-7.8125e-06
27.488055,0.0008671875
27.492055,3.125e-05
27.496055,-0.0020546875
27.500055,-1.5625e-05
27.504055,0.0007968750000000001
27.508055,0.0001328125
27.512055,-0.00209375
27.516055,-0.00021875
27.520055,0.0011093750000000001
27.524055,-0.0001484375
27.528055,5.46875e-05
27.532057,-0.0005546875000000001
27.536056,-3.90625e-05
27.540055,-0.00014062500000000002
27.544056,0.000109375
27.548061,-0.0014453125
27.552058,-2.34375e-05
27.556056,0.0006328125
27.560055,4.6875e-05
27.564056,-0.0013359375
27.568055,0.0
27.572055,0.0006328125
27.576055,3.90625e-05
27.580055,-0.0015625
27.584055,-5.46875e-05
27.588055,0.000859375
27.592055,9.375e-05
27.596055,-0.002078125
27.600055,2.34375e-05
27.604056,0.000953125
27.608055,-7.8125e-05
27.612055,-0.0018046875
27.616055,-0.0003046875
27.620055,0.0009453125
27.624056,-0.0001171875
27.628055,0.00010156250000000001
27.632055,-0.000546875
27.636055,4.6875e-05
27.640055,-2.34375e-05
27.644055,0.0001328125
27.648055,-0.00140625
27.652055,4.6875e-05
27.656055,0.000625
27.660055,9.375e-05
27.664055,-0.0011093750000000001
27.668055,2.34375e-05
27.672055,0.0006718750000000001
27.676057,7.8125e-05
27.680063,-0.0014609375
27.684058,0.0
27.688056,0.0007890625
27.692055,-2.34375e-05
27.696059,-0.001875
27.700057,7.8125e-06
27.704056,0.0009375
27.708055,-0.000171875
27.712055,-0.0039296875
27.716055,-0.0005078125
27.720056,0.0006484375
27.724055,7.031250000000001e-05
27.728055,8.59375e-05
27.732058,-0.00039843750000000003
27.736056,-1.5625e-05
27.740056,0.000359375
27.744055,7.031250000000001e-05
27.748055,-0.00178125
27.752055,3.125e-05
27.756055,0.00053125
27.760056,7.8125e-05
27.764061,-0.0016328125
27.768057,-5.46875e-05
27.772056,0.0005390625
27.776055,3.125e-05
27.780056,-0.0018359375000000001
27.784056,-3.125e-05
27.788055,0.00090625
27.792055,8.59375e-05
27.796055,-0.0019296875
27.800055,1.5625e-05
27.804055,0.00109375
27.808055,9.375e-05
27.812056,-0.0037890625
27.816055,-0.0003125
27.820055,0.00046875
27.824055,0.0002265625
27.828055,8.59375e-05
27.832055,-0.0002578125
27.836055,0.0001484375
27.840056,0.0003125
27.844055,8.59375e-05
27.848056,-0.001328125
27.852055,-1.5625e-05
27.856055,0.000578125
27.860055,9.375e-05
27.864055,-0.0015937500000000001
27.868055,0.0
27.872055,0.0006796875000000001
27.876055,7.8125e-06
27.880055,-0.0015859375
27.884055,-4.6875e-05
27.888055,0.000578125
27.892055,3.125e-05
27.896055,-0.0016875
27.900055,-2.34375e-05
27.904055,0.0012109375
27.908055,0.000109375
27.912055,-0.00384375
27.916055,-0.0002265625
27.920055,0.0004296875
27.924055,0.0002578125
27.928055,-0.00103125
27.932058,-0.00015625
27.936057,1.5625e-05
27.940056,0.0002109375
27.944055,7.8125e-05
27.948055,-0.000984375
27.952056,7.8125e-05
27.956056,0.000546875
27.960056,3.90625e-05
27.964055,-0.0017109375
27.968055,-3.90625e-05
27.972055,0.0006796875000000001
27.976056,7.031250000000001e-05
27.980055,-0.0017109375
27.984056,7.8125e-06
27.988056,0.0007109375
27.992056,0.00010156250000000001
27.996055,-0.0018125
28.000055,2.34375e-05
28.004055,0.00128125
28.008056,5.46875e-05
28.012056,-0.0011640625
28.016056,-0.0002890625
28.020055,0.00046093750000000003
28.024056,0.000296875
28.028055,-0.000859375
28.032055,-0.0003125
28.036055,6.25e-05
28.040055,0.0002421875
28.044055,1.5625e-05
28.048055,-0.00078125
28.052055,-7.8125e-06
28.056055,0.0005859375
28.060055,5.46875e-05
28.064055,-0.0015859375
28.068055,6.25e-05
28.072055,0.0006796875000000001
28.076055,1.5625e-05
28.080055,-0.00140625
28.084055,-7.8125e-06
28.088055,0.0008828125
28.092055,4.6875e-05
28.096055,-0.0019140625
28.100055,2.34375e-05
28.104055,0.0007890625
28.108055,6.25e-05
28.112055,-0.0011093750000000001
28.116055,-0.00046093750000000003
28.120055,0.00039843750000000003
28.124055,-3.125e-05
28.128055,-0.0007890625
28.132058,-0.000640625
28.136056,3.125e-05
28.140055,0.0002109375
28.144055,9.375e-05
28.148055,-0.000859375
28.152055,3.90625e-05
28.156055,0.0006875
28.160056,0.00010156250000000001
28.164055,-0.00171875
28.168055,3.90625e-05
28.172055,0.0007421875
28.176055,8.59375e-05
28.180056,-0.0018828125
28.184055,7.8125e-06
28.188055,0.0008359375
28.192055,5.46875e-05
28.196055,-0.0040234375
28.200056,-7.8125e-06
28.204055,0.000515625
28.208055,6.25e-05
28.212055,-0.0011015625000000001
28.216055,-0.0005703125
28.220055,0.00053125
28.224055,-0.00010156250000000001
28.228056,-0.000578125
28.232055,-0.00078125
28.236055,3.125e-05
28.240056,0.00025
28.244055,5.46875e-05
28.248055,-0.000828125
28.252055,5.46875e-05
28.256057,0.00059375
28.26006,7.031250000000001e-05
28.264057,-0.0016953125
28.268056,-1.5625e-05
28.272056,0.0006953125
28.276056,7.8125e-06
28.280055,-0.001765625
28.284055,4.6875e-05
28.288055,0.0007421875
28.292055,5.46875e-05
28.296055,-0.0036875000000000002
28.300056,7.8125e-06
28.304055,0.0005625000000000001
28.308054,0.0
28.312056,-0.0009609375
28.316055,-0.0003046875
28.320055,0.0004375
28.324055,0.0001640625
28.328055,-0.0006718750000000001
28.332058,-0.0006640625
28.336057,3.125e-05
28.340056,0.00039843750000000003
28.344056,0.000109375
28.348055,-0.0008046875000000001
28.352055,3.90625e-05
28.356055,0.0007265625
28.360055,3.90625e-05
28.364056,-0.0018593750000000001
28.368055,7.8125e-05
28.372055,0.0006796875000000001
28.376055,1.5625e-05
28.380055,-0.001984375
28.384055,-1.5625e-05
28.388055,0.0006718750000000001
28.392055,0.00014062500000000002
28.396055,-0.0017734375
28.400056,-7.8125e-06
28.404055,0.0005234375
28.408055,2.34375e-05
28.412055,-0.0009296875000000001
28.416055,0.0001875
28.420055,0.0004140625
28.424055,0.0003203125
28.428055,-0.0008828125
28.432055,-0.00071875
28.436055,0.0005546875000000001
28.440056,0.000390625
28.444055,7.031250000000001e-05
28.448055,-0.0006640625
28.452055,1.5625e-05
28.456055,0.0003046875
28.460055,0.000125
28.464055,-0.0018593750000000001
28.468055,-7.8125e-06
28.472055,0.0005859375
28.476055,3.125e-05
28.480055,-0.00175
28.484055,7.8125e-06
28.488055,0.0007734375
28.492055,0.00010156250000000001
28.496054,-0.0017734375
28.500056,2.34375e-05
28.504055,0.000453125
28.508055,-0.000109375
28.512055,-0.001
28.516055,-8.59375e-05
28.520055,0.0005078125
28.524055,0.00039843750000000003
28.528055,-0.00084375
28.532057,-0.000765625
28.536059,0.0004453125
28.540056,0.00028125000000000003
28.544056,0.0001328125
28.548055,-0.000578125
28.552055,-3.125e-05
28.556055,0.00034375
28.560055,0.000125
28.564055,-0.0018984375
28.568054,0.0
28.572055,0.0007890625
28.576055,1.5625e-05
28.580056,-0.001765625
28.584055,-7.8125e-05
28.588055,0.00065625
28.592055,5.46875e-05
28.596055,-0.0018984375
28.600056,0.0
28.604055,0.0003828125
28.608055,-0.000375
28.612055,-0.000890625
28.616055,-0.000359375
28.620055,0.0004296875
28.624055,0.000171875
28.628054,-0.00046875
28.632055,-0.000828125
28.636055,0.00033593750000000003
28.640055,0.0002578125
28.644055,4.6875e-05
28.648055,-0.0009296875000000001
28.652055,-1.5625e-05
28.656055,0.0003046875
28.660055,9.375e-05
28.664055,-0.001890625
28.668055,-7.8125e-06
28.672055,0.0009140625
28.676055,9.375e-05
28.680062,-0.0017734375
28.684058,7.8125e-06
28.688056,0.00078125
28.692055,5.46875e-05
28.696059,-0.0019921875
28.700057,9.375e-05
28.704056,0.00053125
28.708055,-7.8125e-05
28.712055,-0.000609375
28.716055,0.0
28.720056,0.0005546875000000001
28.724055,0.00034375
28.728055,-6.25e-05
28.732058,-0.00084375
28.736056,1.5625e-05
28.740058,0.000296875
28.744055,0.00010156250000000001
28.748055,-0.0009296875000000001
28.752055,3.90625e-05
28.756055,0.00039843750000000003
28.760055,0.0001171875
28.764055,-0.001703125
28.768056,7.8125e-05
28.772061,0.00071875
28.776058,6.25e-05
28.780056,-0.0015859375
28.784056,-7.031250000000001e-05
28.788055,0.0007968750000000001
28.792055,5.46875e-05
28.796055,-0.0016640625
28.800055,0.0001796875
28.804056,0.0004921875
28.808055,5.46875e-05
28.812055,-0.0004140625
28.816055,0.00025
28.820055,0.00090625
28.824054,0.000328125
28.828055,7.8125e-06
28.832056,-0.0007890625
28.836055,1.5625e-05
28.840056,0.0003125
28.844055,8.59375e-05
28.848055,-0.001046875
28.852055,2.34375e-05
28.856055,0.000375
28.860056,8.59375e-05
28.864055,-0.00190625
28.868055,-7.8125e-06
28.872055,0.0008046875000000001
28.876055,7.031250000000001e-05
28.880055,-0.0017578125
28.884055,4.6875e-05
28.888055,0.000765625
28.892055,-7.8125e-05
28.896055,-0.002
28.900055,0.0001484375
28.904055,0.0008671875
28.908055,0.0001328125
28.912055,-0.0006328125
28.916055,0.000109375
28.920055,0.00075
28.924055,0.00020312500000000002
28.928055,3.125e-05
28.932058,-0.0008046875000000001
28.936057,7.8125e-06
28.940056,0.0003828125
28.944055,3.125e-05
28.948056,-0.000734375
28.952055,2.34375e-05
28.956055,0.00046093750000000003
28.960055,1.5625e-05
28.964055,-0.001
28.968055,3.90625e-05
28.972055,0.0006796875000000001
28.976055,0.000125
28.980055,-0.00171875
28.984055,7.8125e-06
28.988055,0.00075
28.992056,7.031250000000001e-05
28.996055,-0.001796875
29.000056,0.0001171875
29.004056,0.0008125000000000001
29.008055,3.90625e-05
29.012055,-0.0008125000000000001
29.016055,-0.0001796875
29.020055,0.0004765625
29.024055,-0.000125
29.028055,0.0
29.032055,-0.0005625000000000001
29.036055,0.0
29.040055,0.0004140625
29.044055,2.34375e-05
29.048055,-0.000890625
29.052055,0.0
29.056055,0.0004375
29.060055,8.59375e-05
29.064055,-0.00115625
29.068055,-6.25e-05
29.072055,0.0007109375
29.076055,6.25e-05
29.080055,-0.0017734375
29.084055,-3.125e-05
29.088055,0.0007890625
29.092055,-0.0001171875
29.096055,-0.0020390625
29.100055,7.8125e-06
29.104055,0.0009218750000000001
29.108055,3.125e-05
29.112055,-0.000640625
29.116055,-6.25e-05
29.120055,0.0001328125
29.124055,-0.000109375
29.128055,6.25e-05
29.132057,-0.0006953125
29.136057,-2.34375e-05
29.140056,0.000265625
29.144055,8.59375e-05
29.148055,-0.000984375
29.152055,-7.8125e-06
29.156056,0.0004296875
29.160055,6.25e-05
29.164056,-0.0011015625000000001
29.168055,5.46875e-05
29.172055,0.000640625
29.176055,7.8125e-05
29.180056,-0.0017421875
29.184055,-3.125e-05
29.188055,0.000859375
29.192055,-0.0003828125
29.196055,-0.002046875
29.200055,-0.00020312500000000002
29.204056,0.001046875
29.208055,-0.000125
29.212056,-7.8125e-05
29.216055,-0.00014062500000000002
29.220055,5.46875e-05
29.224055,1.5625e-05
29.228055,4.6875e-05
29.232056,-0.00090625
29.236055,7.8125e-06
29.240055,0.00039843750000000003
29.244055,6.25e-05
29.248055,-0.0010703125
29.252056,4.6875e-05
29.256055,0.0005390625
29.260055,4.6875e-05
29.264055,-0.001328125
29.26806,0.0
29.272057,0.00084375
29.276056,3.90625e-05
29.280056,-0.0017734375
29.284055,-3.125e-05
29.288055,0.000890625
29.292055,-0.0001484375
29.296055,-0.00215625
29.300056,-0.00014062500000000002
29.304056,0.000953125
29.308055,-9.375e-05
29.312055,0.0
29.316055,-0.00014062500000000002
29.320055,2.34375e-05
29.324055,7.8125e-06
29.328055,2.34375e-05
29.332057,-0.0009296875000000001
29.336056,4.6875e-05
29.340056,0.0004296875
29.344055,5.46875e-05
29.348055,-0.0011796875
29.352055,3.125e-05
29.356055,0.000390625
29.360055,3.125e-05
29.364055,-0.0010546875
29.368055,7.8125e-06
29.372055,0.000703125
29.376056,7.8125e-05
29.380056,-0.0017578125
29.384055,-6.25e-05
29.388055,0.0008125000000000001
29.392055,0.000125
29.396054,-0.0023046875
29.400055,0.0001484375
29.404056,0.0007890625
29.408055,0.0002890625
29.412055,-0.0022500000000000003
29.416056,7.8125e-06
29.420055,9.375e-05
29.424055,4.6875e-05
29.428055,-7.8125e-06
29.432056,-0.0001171875
29.436055,3.90625e-05
29.440055,0.00046875
29.444056,6.25e-05
29.448056,-0.0011093750000000001
29.452056,-4.6875e-05
29.456055,0.0005546875000000001
29.460055,4.6875e-05
29.464055,-0.001078125
29.468055,4.6875e-05
29.472055,0.000578125
29.476055,5.46875e-05
29.480055,-0.001953125
29.484055,-1.5625e-05
29.488055,0.0009765625
29.492055,3.125e-05
29.496055,-0.00240625
29.500055,0.0001484375
29.504055,0.0008828125
29.508055,0.000265625
29.512055,-0.001984375
29.516056,-1.5625e-05
29.520056,-4.6875e-05
29.524055,-0.000171875
29.528055,2.34375e-05
29.532062,-0.0002890625
29.536058,-7.8125e-06
29.540056,0.00046093750000000003
29.544056,4.6875e-05
29.548055,-0.0012421875
29.552055,7.8125e-06
29.556055,0.000453125
29.560055,0.00010156250000000001
29.564055,-0.001234375
29.568055,-2.34375e-05
29.572056,0.0006484375
29.576055,3.90625e-05
29.580056,-0.0021953125
29.584055,0.0
29.588056,0.001015625
29.592055,3.125e-05
29.596055,-0.00209375
29.600055,-0.0001796875
29.604055,0.0008671875
29.608055,-0.000125
29.612055,-0.001984375
29.616055,-4.6875e-05
29.620056,-2.34375e-05
29.624055,-0.0001484375
29.628055,7.8125e-06
29.632055,-0.000109375
29.636055,2.34375e-05
29.640056,0.0005390625
29.644055,7.031250000000001e-05
29.648055,-0.0011875
29.652055,7.8125e-06
29.656055,0.0004765625
29.660055,2.34375e-05
29.664055,-0.0011484375
29.668055,7.8125e-06
29.672055,0.0007265625
29.676055,7.8125e-05
29.680063,-0.0020859375
29.684058,0.0
29.688055,0.00096875
29.692055,-7.8125e-06
29.696059,-0.002015625
29.700058,-0.0001484375
29.704056,0.000859375
29.708055,-0.00025
29.712056,-0.0019609375
29.716055,0.0
29.720056,-7.8125e-06
29.724056,-3.90625e-05
29.728055,5.46875e-05
29.732056,-0.0001171875
29.736055,0.0
29.740055,0.0005078125
29.744055,4.6875e-05
29.748055,-0.0013515625000000001
29.752055,6.25e-05
29.756055,0.00046875
29.760056,5.46875e-05
29.764055,-0.0016171875000000001
29.76806,1.5625e-05
29.772057,0.0006640625
29.776056,7.8125e-06
29.780056,-0.00215625
29.784056,2.34375e-05
29.788055,0.0010390625
29.792055,8.59375e-05
29.796055,-0.0043359375
29.800056,-0.0001171875
29.804055,0.000953125
29.808055,7.8125e-05
29.812055,-0.002
29.816055,0.0001171875
29.820055,3.90625e-05
29.824055,0.0001796875
29.828055,2.34375e-05
29.832055,-0.0001171875
29.836056,3.90625e-05
29.840056,0.000375
29.844054,9.375e-05
29.848054,-0.001375
29.852056,-2.34375e-05
29.856055,0.0005703125
29.860055,5.46875e-05
29.864055,-0.0014296875
29.868055,-7.8125e-06
29.872055,0.000640625
29.876055,2.34375e-05
29.880056,-0.002375
29.884055,3.90625e-05
29.888055,0.0009609375
29.892055,7.8125e-06
29.896055,-0.001734375
29.900056,-3.90625e-05
29.904055,0.0009140625
29.908054,6.25e-05
29.912055,-0.00215625
29.916056,4.6875e-05
29.920055,0.0008359375
29.924055,5.46875e-05
29.928055,2.34375e-05
29.932055,-0.00015625
29.936055,1.5625e-05
29.940055,-0.000125
29.944055,7.8125e-05
29.948055,-0.001140625
29.952055,-7.8125e-06
29.956055,0.000578125
29.960055,0.000125
29.964055,-0.00165625
29.968057,0.0
29.972056,0.0005859375
29.976055,1.5625e-05
29.980055,-0.0015
29.984055,-0.000109375
29.988056,0.0008125000000000001
29.992055,9.375e-05
29.996055,-0.0023671875
30.000055,1.5625e-05
30.004085,0.0009609375
30.008056,-4.6875e-05
30.012055,-0.0020546875
30.016056,-0.0001171875
30.020056,0.0010234375
30.024055,0.00010156250000000001
30.028056,7.8125e-05
30.032055,-0.00034375
30.036055,7.8125e-06
30.040055,-7.8125e-06
30.044055,8.59375e-05
30.048055,-0.0010234375
30.052055,7.8125e-06
30.056055,0.0006171875
30.060055,0.0001171875
30.064055,-0.0014140625
30.068055,0.0
30.072055,0.0007265625
30.076055,6.25e-05
30.080055,-0.0012578125
30.084056,-1.5625e-05
30.088055,0.0007421875
30.092055,5.46875e-05
30.096055,-0.0021796875
30.100055,0.0
30.104055,0.000828125
30.108055,-0.0003046875
30.112055,-0.002
30.116055,-0.00046093750000000003
30.120056,0.0009453125
30.124055,-0.000109375
30.128055,9.375e-05
30.132055,-0.000484375
30.136055,0.0
30.140056,0.0002265625
30.144055,7.031250000000001e-05
30.148055,-0.0016171875000000001
30.152055,5.46875e-05
30.156055,0.0005859375
30.160056,8.59375e-05
30.164055,-0.0016640625
30.168055,2.34375e-05
30.172055,0.000546875
30.176055,6.25e-05
30.180056,-0.00146875
30.184055,-4.6875e-05
30.188055,0.0009375
30.192055,3.125e-05
30.196055,-0.002078125
30.200055,-3.125e-05
30.204056,0.0008828125
30.208055,-0.00020312500000000002
30.212056,-0.00365625
30.216055,-0.000171875
30.220055,0.0010625
30.224055,0.00010156250000000001
30.228056,6.25e-05
30.232055,-0.000453125
30.236055,2.34375e-05
30.240055,0.0002890625
30.244055,0.0001171875
30.248055,-0.001453125
30.252055,3.125e-05
30.256055,0.000625
30.260055,8.59375e-05
30.264056,-0.0013593750000000001
30.26806,2.34375e-05
30.272056,0.0004765625
30.276056,7.031250000000001e-05
30.280055,-0.0015234375
30.284056,-1.5625e-05
30.288055,0.0009609375
30.292055,-7.8125e-06
30.296055,-0.00175
30.300055,-2.34375e-05
30.304056,0.0009218750000000001
30.308056,-7.8125e-06
30.312056,-0.0016484375
30.316056,-7.031250000000001e-05
30.320055,0.001421875
30.324055,0.000234375
30.328056,4.6875e-05
30.332055,-0.000328125
30.336055,7.8125e-05
30.340056,0.0002265625
30.344055,0.00015625
30.348055,-0.0017890625
30.352055,0.0
30.356055,0.0005546875000000001
30.360056,0.0001171875
30.364055,-0.001640625
30.368055,-4.6875e-05
30.372055,0.00053125
30.376055,8.59375e-05
30.380056,-0.0017109375
30.384055,0.0
30.388055,0.0009375
30.392055,1.5625e-05
30.396055,-0.0021015625
30.400056,2.34375e-05
30.404055,0.0009921875
30.408055,0.0002109375
30.412055,-0.0017734375
30.416055,-7.031250000000001e-05
30.420054,0.0012109375
30.424055,0.0001484375
30.428055,5.46875e-05
30.432055,-0.000234375
30.436055,0.0
30.440055,0.00028125000000000003
30.444055,9.375e-05
30.448055,-0.000375
30.452056,-2.34375e-05
30.456055,0.0005390625
30.460055,7.8125e-05
30.464055,-0.001484375
30.468055,-2.34375e-05
30.472055,0.000609375
30.476055,7.031250000000001e-05
30.480055,-0.00128125
30.484055,3.90625e-05
30.488055,0.000703125
30.492055,4.6875e-05
30.496055,-0.00209375
30.500055,-1.5625e-05
30.504055,0.00075
30.508054,8.59375e-05
30.512055,-0.00196875
30.516055,-0.000390625
30.520055,0.0007109375
30.524055,-0.000109375
30.528055,-0.0011484375
30.532055,-0.0005546875000000001
30.536056,-1.5625e-05
30.540056,-4.6875e-05
30.544056,0.00014062500000000002
30.548061,-0.0005
30.552056,1.5625e-05
30.556056,0.000578125
30.560055,7.031250000000001e-05
30.564056,-0.0013984375
30.568055,7.8125e-06
30.572055,0.0006484375
30.576055,3.125e-05
30.580056,-0.0016171875000000001
30.584055,-1.5625e-05
30.588055,0.0006171875
30.592055,3.90625e-05
30.596056,-0.0018984375
30.600056,-2.34375e-05
30.604055,0.0009375
30.608055,2.34375e-05
30.612055,-0.00375
30.616055,-0.000265625
30.620056,0.00046875
30.624055,-2.34375e-05
30.628055,-0.0010078125
30.632055,-0.0006718750000000001
30.636056,7.8125e-06
30.640055,-0.00014062500000000002
30.644055,0.00010156250000000001
30.648055,-0.0009140625
30.652055,4.6875e-05
30.656055,0.0005703125
30.660055,6.25e-05
30.664055,-0.001265625
30.668055,-3.90625e-05
30.672055,0.000625
30.676054,6.25e-05
30.680065,-0.0016171875000000001
30.684057,-2.34375e-05
30.688056,0.0006953125
30.692055,3.125e-05
30.696059,-0.00190625
30.700058,-7.031250000000001e-05
30.704056,0.0009921875
30.708055,8.59375e-05
30.712055,-0.0011250000000000001
30.716055,-0.00046093750000000003
30.720056,0.0005234375
30.724056,7.031250000000001e-05
30.728055,-0.00096875
30.732055,-0.00034375
30.736055,1.5625e-05
30.740056,0.00025
30.744055,6.25e-05
30.748056,-0.000875
30.752055,-1.5625e-05
30.756055,0.00053125
30.760056,9.375e-05
30.76406,-0.0016328125
30.768057,-3.125e-05
30.772056,0.000765625
30.776056,4.6875e-05
30.780055,-0.001796875
30.784056,-7.8125e-06
30.788055,0.000609375
30.792055,1.5625e-05
30.796056,-0.0018515625000000001
30.800056,2.34375e-05
30.804056,0.0011015625000000001
30.808055,9.375e-05
30.812055,-0.0009765625
30.816055,-0.000421875
30.820055,0.000515625
30.824056,0.0002421875
30.828055,-0.0008671875
30.832055,-0.000421875
30.836055,-7.8125e-06
30.840056,0.0004375
30.844056,0.0001328125
30.848055,-0.000390625
30.852055,-7.031250000000001e-05
30.856055,0.0005
30.860055,3.125e-05
30.864056,-0.0018437500000000001
30.868054,7.8125e-05
30.872055,0.0006953125
30.876055,6.25e-05
30.880055,-0.0018984375
30.884055,-2.34375e-05
30.888055,0.0006484375
30.892055,7.8125e-05
30.896055,-0.0018046875
30.900055,2.34375e-05
30.904055,0.0011796875
30.908055,0.0001171875
30.912055,-0.0011875
30.916055,-0.0002421875
30.920055,0.0004375
30.924055,0.0001484375
30.928055,-0.00103125
30.932055,-0.000265625
30.936054,7.031250000000001e-05
30.940055,0.00020312500000000002
30.944055,6.25e-05
30.948055,-0.0007890625
30.952055,5.46875e-05
30.956056,0.000296875
30.960055,4.6875e-05
30.964055,-0.001828125
30.968055,-1.5625e-05
30.972055,0.000640625
30.976055,0.00010156250000000001
30.980055,-0.0018515625000000001
30.984055,1.5625e-05
30.988055,0.0007265625
30.992055,3.90625e-05
30.996055,-0.001796875
31.000055,7.8125e-06
31.004055,0.0008515625
31.008054,2.34375e-05
31.012056,-0.0011093750000000001
31.016056,4.6875e-05
31.020056,0.0004296875
31.024055,0.000171875
31.028055,-0.0006796875000000001
31.032055,-0.000375
31.036055,0.00040625000000000004
31.040055,0.0004296875
31.044055,3.125e-05
31.048055,-0.0007578125
31.052055,0.0
31.056055,0.000234375
31.060055,8.59375e-05
31.064055,-0.0014921875
31.068055,-3.90625e-05
31.072055,0.00071875
31.076055,8.59375e-05
31.080055,-0.00175
31.084056,-1.5625e-05
31.088055,0.00084375
31.092055,0.000109375
31.096055,-0.00171875
31.100056,2.34375e-05
31.104055,0.000484375
31.108055,3.125e-05
31.112055,-0.001140625
31.116055,9.375e-05
31.120055,0.00039843750000000003
31.124055,0.00014062500000000002
31.128055,-0.00065625
31.132055,-0.0006718750000000001
31.136055,0.000609375
31.140056,0.00028125000000000003
31.144055,5.46875e-05
31.148055,-0.0008203125
31.152055,4.6875e-05
31.156055,0.0002734375
31.160055,7.8125e-05
31.164055,-0.00171875
31.168055,4.6875e-05
31.172055,0.0006953125
31.176055,0.0001171875
31.180055,-0.0018359375000000001
31.184055,-2.34375e-05
31.188055,0.0008671875
31.192055,0.00010156250000000001
31.196055,-0.00146875
31.200055,-6.25e-05
31.204055,0.0005078125
31.208055,8.59375e-05
31.212055,-0.001
31.216055,0.000171875
31.220055,0.0005390625
31.224055,-2.34375e-05
31.228055,-0.0005625000000000001
31.232056,-0.000734375
31.236055,0.0008828125
31.240056,0.000296875
31.244055,5.46875e-05
31.248055,-0.0008125000000000001
31.252056,5.46875e-05
31.256055,0.0002890625
31.26006,4.6875e-05
31.264057,-0.001828125
31.268056,1.5625e-05
31.272056,0.00065625
31.276055,2.34375e-05
31.280055,-0.00203125
31.284056,-5.46875e-05
31.288055,0.0007421875
31.292055,7.8125e-05
31.296056,-0.00165625
31.300056,-2.34375e-05
31.304055,0.0004375
31.308056,-8.59375e-05
31.312056,-0.000890625
31.316055,7.031250000000001e-05
31.320055,0.0006015625
31.324055,0.0002109375
31.328055,-0.00059375
31.332055,-0.0007968750000000001
31.336055,0.000703125
31.340056,0.0002734375
31.344055,0.000109375
31.348054,-0.0010078125
31.352055,7.8125e-06
31.356055,0.0003671875
31.360056,0.00014062500000000002
31.364056,-0.001765625
31.368055,0.0
31.372055,0.0007265625
31.376055,5.46875e-05
31.380055,-0.0019765625
31.384055,0.0
31.388055,0.0006015625
31.392055,1.5625e-05
31.396055,-0.0020390625
31.400055,0.00020312500000000002
31.404055,0.0004921875
31.408055,9.375e-05
31.412055,-0.0007265625
31.416055,0.0001171875
31.420055,0.0004765625
31.424055,0.00040625000000000004
31.428055,-0.0006796875000000001
31.432055,-0.0006718750000000001
31.436056,7.031250000000001e-05
31.440055,0.00028125000000000003
31.444054,3.125e-05
31.448054,-0.00084375
31.452054,0.0
31.456055,0.000453125
31.460056,4.6875e-05
31.464055,-0.0018671875000000001
31.468055,3.125e-05
31.472055,0.0008671875
31.476055,8.59375e-05
31.480055,-0.0018437500000000001
31.484055,4.6875e-05
31.488055,0.0006484375
31.492055,0.0
31.496055,-0.0019296875
31.500056,3.125e-05
31.504055,0.00075
31.508056,-7.8125e-06
31.512056,-0.00075
31.516056,-7.8125e-06
31.520055,0.00059375
31.524056,3.125e-05
31.528055,-2.34375e-05
31.532055,-0.000734375
31.536056,6.25e-05
31.540057,0.00025
31.544057,0.0
31.548056,-0.0008515625
31.552056,-4.6875e-05
31.556056,0.000359375
31.560055,0.000109375
31.564056,-0.001203125
31.568055,-3.90625e-05
31.572055,0.000828125
31.576055,7.8125e-05
31.580056,-0.0015078125
31.584055,3.90625e-05
31.588055,0.0007421875
31.592055,-0.000234375
31.596055,-0.0015625
31.600055,-0.0001171875
31.604056,0.0008203125
31.608055,-0.0003125
31.612055,-0.000734375
31.616055,-0.0002109375
31.620056,0.0005234375
31.624055,-0.0001171875
31.628055,6.25e-05
31.632055,-0.0006484375
31.636055,5.46875e-05
31.640055,0.000359375
31.644055,2.34375e-05
31.648055,-0.0009921875
31.652055,3.90625e-05
31.656055,0.0004375
31.660056,0.000125
31.664055,-0.00121875
31.668055,4.6875e-05
31.672055,0.00071875
31.676056,6.25e-05
31.680063,-0.0016015625000000001
31.684057,-5.46875e-05
31.688056,0.0008515625
31.692055,-0.00014062500000000002
31.696059,-0.001765625
31.700056,-8.59375e-05
31.704056,0.0009609375
31.708055,-0.0001953125
31.712055,-0.00090625
31.716055,-0.0002421875
31.720055,0.000640625
31.724055,-0.00025
31.728055,7.8125e-06
31.732055,-0.0009296875000000001
31.736055,-7.031250000000001e-05
31.740055,0.00028125000000000003
31.744056,7.8125e-05
31.748055,-0.0009453125
31.752055,1.5625e-05
31.756057,0.00034375
31.760061,-7.8125e-06
31.764058,-0.0011796875
31.768056,1.5625e-05
31.772055,0.0007734375
31.776055,0.00010156250000000001
31.780055,-0.0018203125
31.784055,7.8125e-06
31.788055,0.0006953125
31.792056,-0.00014062500000000002
31.796055,-0.0017890625
31.800056,9.375e-05
31.804056,0.0009375
31.808055,8.59375e-05
31.812055,-0.0005078125
31.816055,6.25e-05
31.820055,0.0004296875
31.824055,0.0001796875
31.828055,2.34375e-05
31.832055,-0.00084375
31.836055,7.8125e-05
31.840056,0.0003671875
31.844056,0.0
31.848055,-0.001203125
31.852055,-7.8125e-05
31.856055,0.0004765625
31.860056,0.00010156250000000001
31.864055,-0.001375
31.868055,-2.34375e-05
31.872055,0.0006953125
31.876055,1.5625e-05
31.880055,-0.0019453125
31.884055,-7.8125e-06
31.888055,0.00084375
31.892055,4.6875e-05
31.896055,-0.0021875
31.900056,8.59375e-05
31.904055,0.000953125
31.908055,0.000109375
31.912055,-6.25e-05
31.916055,0.00021875
31.920056,4.6875e-05
31.924055,0.00010156250000000001
31.928055,3.90625e-05
31.932055,-0.0008359375
31.936055,-4.6875e-05
31.940055,0.0002734375
31.944055,8.59375e-05
31.948055,-0.00090625
31.952055,-4.6875e-05
31.956054,0.00053125
31.960055,4.6875e-05
31.964055,-0.0011250000000000001
31.968055,4.6875e-05
31.972055,0.0006328125
31.976055,9.375e-05
31.980055,-0.00196875
31.984055,4.6875e-05
31.988056,0.0007968750000000001
31.992055,5.46875e-05
31.996055,-0.0023125
32.000055,7.031250000000001e-05
32.004055,0.0009921875
32.008056,7.8125e-06
32.012056,-0.0044062500000000004
32.016055,-0.000109375
32.020055,-3.125e-05
32.024055,-7.031250000000001e-05
32.028055,7.031250000000001e-05
32.032055,3.125e-05
32.036055,0.0
32.040055,0.00028125000000000003
32.044055,7.031250000000001e-05
32.048055,-0.00115625
32.052055,0.0
32.056055,0.0005234375
32.060055,5.46875e-05
32.064055,-0.0011796875
32.068055,-3.125e-05
32.072055,0.0004140625
32.076055,0.000109375
32.080056,-0.002046875
32.084056,-5.46875e-05
32.088055,0.00078125
32.092055,0.0001171875
32.096055,-0.002375
32.100056,-4.6875e-05
32.104055,0.000859375
32.108055,2.34375e-05
32.112055,-0.0018515625000000001
32.116055,-0.0001953125
32.120056,3.90625e-05
32.124055,-0.000125
32.128055,8.59375e-05
32.132055,-0.00020312500000000002
32.136055,-7.031250000000001e-05
32.140056,0.00039843750000000003
32.144055,8.59375e-05
32.148055,-0.0011171875000000001
32.152055,3.90625e-05
32.156055,0.0005234375
32.160056,-2.34375e-05
32.164055,-0.001203125
32.168055,-2.34375e-05
32.172055,0.0004453125
32.176055,2.34375e-05
32.180055,-0.0016875
32.184055,0.0
32.188055,0.000859375
32.192055,0.00010156250000000001
32.196055,-0.0022265625000000002
32.200055,-0.000171875
32.204055,0.0008515625
32.208055,-6.25e-05
32.212055,-0.002046875
32.216055,-0.0001328125
32.220055,0.0
32.224055,-0.000125
32.228055,1.5625e-05
32.232055,-1.5625e-05
32.236055,-3.90625e-05
32.240056,0.0004453125
32.244055,0.00010156250000000001
32.248055,-0.001234375
32.252056,2.34375e-05
32.256055,0.0004453125
32.260055,2.34375e-05
32.264055,-0.0015
32.268056,2.34375e-05
32.272057,0.0005390625
32.276056,2.34375e-05
32.280056,-0.00203125
32.284056,-3.90625e-05
32.288055,0.0009296875000000001
32.292055,-7.8125e-06
32.296055,-0.00203125
32.300055,-0.0002421875
32.304056,0.0008828125
32.308055,-0.0001484375
32.312055,-0.0019921875
32.316055,-0.0001171875
32.320055,3.90625e-05
32.324056,0.00015625
32.328055,7.8125e-05
32.332055,-7.8125e-05
32.336056,5.46875e-05
32.340056,0.00046875
32.344055,0.000109375
32.348055,-0.00128125
32.352055,2.34375e-05
32.356055,0.0004453125
32.360055,2.34375e-05
32.364055,-0.0013125
32.368055,0.0
32.372054,0.0006484375
32.376055,6.25e-05
32.380056,-0.0022890625
32.384055,-2.34375e-05
32.388055,0.0010390625
32.392055,4.6875e-05
32.396055,-0.0021484375
32.400056,2.34375e-05
32.404055,0.0009453125
32.408055,0.0001171875
32.412055,-0.002296875
32.416055,8.59375e-05
32.420056,1.5625e-05
32.424055,-2.34375e-05
32.428055,3.125e-05
32.432055,5.46875e-05
32.436055,1.5625e-05
32.440055,0.0005078125
32.444055,7.031250000000001e-05
32.448055,-0.0012578125
32.452056,0.0
32.456056,0.00039843750000000003
32.460055,2.34375e-05
32.464055,-0.0015703125
32.468055,3.90625e-05
32.472054,0.0005546875000000001
32.476055,7.8125e-05
32.480055,-0.0022343750000000002
32.484055,7.8125e-06
32.488055,0.00096875
32.492056,3.125e-05
32.496055,-0.0019296875
32.500055,0.000125
32.504055,0.0009375
32.508056,5.46875e-05
32.512055,-0.0021484375
32.516055,7.031250000000001e-05
32.520055,0.0008125000000000001
32.524055,-0.0002265625
32.528055,0.00010156250000000001
32.532056,-0.000390625
32.536057,-3.90625e-05
32.540055,-2.34375e-05
32.544056,6.25e-05
32.548055,-0.00121875
32.552055,3.125e-05
32.556055,0.000609375
32.560055,0.000109375
32.564056,-0.001578125
32.568054,-7.031250000000001e-05
32.572055,0.00065625
32.576055,2.34375e-05
32.580056,-0.0015703125
32.584055,7.8125e-06
32.588055,0.001015625
32.592055,1.5625e-05
32.596056,-0.0019609375
32.600056,0.0
32.604055,0.00103125
32.608055,2.34375e-05
32.612055,-0.0039140625
32.616055,-6.25e-05
32.620056,0.0010234375
32.624055,-0.000125
32.628055,4.6875e-05
32.632055,-0.000296875
32.636055,-7.8125e-06
32.640055,-6.25e-05
32.644055,8.59375e-05
32.648055,-0.0012421875
32.652055,6.25e-05
32.656055,0.0005625000000000001
32.660056,0.00010156250000000001
32.664055,-0.0016875
32.668055,-4.6875e-05
32.672055,0.00053125
32.676055,-2.34375e-05
32.680062,-0.001296875
32.684058,-7.8125e-06
32.688055,0.0007968750000000001
32.692055,6.25e-05
32.696059,-0.0021484375
32.700057,7.8125e-06
32.704056,0.0010234375
32.708055,-9.375e-05
32.712055,-0.0018437500000000001
32.716056,-0.00014062500000000002
32.720056,0.0010078125
32.724055,7.031250000000001e-05
32.728056,7.8125e-05
32.732055,-0.00020312500000000002
32.736055,-3.90625e-05
32.740055,7.031250000000001e-05
32.744059,0.000109375
32.748057,-0.0016953125
32.752056,-6.25e-05
32.756055,0.0006640625
32.760055,0.00010156250000000001
32.764056,-0.0015234375
32.768056,-0.000109375
32.772056,0.000484375
32.776056,3.125e-05
32.780056,-0.001390625
32.784056,3.125e-05
32.788056,0.0007578125
32.792055,4.6875e-05
32.796055,-0.0022343750000000002
32.800056,-6.25e-05
32.804056,0.00103125
32.808055,-0.000265625
32.812055,-0.002
32.816056,-7.8125e-06
32.820055,0.001
32.824055,0.00021875
32.828055,6.25e-05
32.832055,-3.90625e-05
32.836055,-1.5625e-05
32.840056,0.0003671875
32.844055,5.46875e-05
32.848055,-0.0016875
32.852055,-4.6875e-05
32.856055,0.0005390625
32.860056,7.031250000000001e-05
32.864055,-0.00175
32.868055,7.8125e-06
32.872055,0.0005234375
32.876055,4.6875e-05
32.880055,-0.0016015625000000001
32.884055,2.34375e-05
32.888055,0.0008515625
32.892055,2.34375e-05
32.896055,-0.0019453125
32.900056,0.0
32.904055,0.000953125
32.908055,0.0001796875
32.912055,-0.001984375
32.916054,4.6875e-05
32.920055,0.0011015625000000001
32.924055,7.8125e-06
32.928055,0.000109375
32.932055,-0.0003125
32.936055,5.46875e-05
32.940056,1.5625e-05
32.944055,8.59375e-05
32.948055,-0.0016640625
32.952056,6.25e-05
32.956055,0.0007734375
32.960055,9.375e-05
32.964055,-0.001640625
32.968055,-1.5625e-05
32.972056,0.0006015625
32.976055,6.25e-05
32.980055,-0.00165625
32.984054,-6.25e-05
32.988057,0.000953125
32.992055,9.375e-05
32.996055,-0.0021484375
33.000055,-6.25e-05
33.004056,0.0009140625
33.008054,7.8125e-06
33.012056,-0.00190625
33.016056,3.90625e-05
33.020056,0.0011250000000000001
33.024055,9.375e-05
33.028056,-0.0036640625000000002
33.032055,-0.000484375
33.036055,-5.46875e-05
33.040056,-5.46875e-05
33.044056,0.0001171875
33.048055,-0.000484375
33.052055,3.125e-05
33.056055,0.00065625
33.060055,6.25e-05
33.064055,-0.0012734375
33.068055,1.5625e-05
33.072055,0.000625
33.076055,7.8125e-05
33.080055,-0.001328125
33.084055,-7.8125e-05
33.088055,0.0006953125
33.092055,-3.125e-05
33.096055,-0.0021640625
33.100056,-3.90625e-05
33.104055,0.0008203125
33.108056,5.46875e-05
33.112055,-0.0021328125
33.116055,-0.0003828125
33.120056,0.0009609375
33.124055,-7.031250000000001e-05
33.128055,-0.001078125
33.132055,-0.000546875
33.136056,8.59375e-05
33.140056,0.0001484375
33.144055,0.0001328125
33.148055,-0.000421875
33.152055,5.46875e-05
33.156055,0.00059375
33.160056,8.59375e-05
33.164056,-0.001375
33.168055,-0.00010156250000000001
33.172055,0.000625
33.176055,2.34375e-05
33.180055,-0.0015859375
33.184055,-4.6875e-05
33.188055,0.00075
33.192055,7.8125e-06
33.196055,-0.001984375
33.200056,7.8125e-06
33.204056,0.0009375
33.208055,6.25e-05
33.212055,-0.0018984375
33.216055,-0.000359375
33.220055,0.0009296875000000001
33.224055,-0.0001328125
33.228055,-0.0008984375
33.232055,-0.0005078125
33.236055,3.125e-05
33.240055,8.59375e-05
33.244055,9.375e-05
33.248055,-0.0004453125
33.252055,5.46875e-05
33.256055,0.0007265625
33.260055,6.25e-05
33.264055,-0.0015234375
33.268056,0.0
33.272056,0.00065625
33.276056,4.6875e-05
33.280055,-0.0015625
33.284056,5.46875e-05
33.288055,0.000625
33.292055,7.8125e-05
33.296056,-0.0018671875000000001
33.300055,0.0
33.304055,0.00109375
33.308056,0.00010156250000000001
33.312055,-0.0039375
33.316055,-0.000265625
33.320055,0.0005703125
33.324056,0.0002421875
33.328055,-0.0010625
33.332056,-0.000296875
33.336056,3.125e-05
33.340055,0.000265625
33.344055,3.125e-05
33.348055,-0.0005390625
33.352055,6.25e-05
33.356055,0.0005390625
33.360056,0.0001171875
33.364055,-0.0017109375
33.368055,3.90625e-05
33.372055,0.0006015625
33.376055,2.34375e-05
33.380056,-0.0016875
33.384056,4.6875e-05
33.388055,0.0006796875000000001
33.392055,5.46875e-05
33.396055,-0.0017421875
33.400056,3.90625e-05
33.404055,0.0012734375
33.408055,9.375e-05
33.412055,-0.0018671875000000001
33.416055,3.90625e-05
33.420056,0.0005078125
33.424055,0.0004453125
33.428055,-0.0009921875
33.432055,-7.031250000000001e-05
33.436055,7.031250000000001e-05
33.440055,0.0004140625
33.444055,0.000171875
33.448055,-0.00040625000000000004
33.452055,-2.34375e-05
33.456055,0.0005625000000000001
33.460054,6.25e-05
33.464055,-0.001515625
33.468055,2.34375e-05
33.472055,0.0006796875000000001
33.476055,7.8125e-05
33.480055,-0.0016796875
33.484055,1.5625e-05
33.488055,0.0007109375
33.492054,3.125e-05
33.496054,-0.001796875
33.500056,3.125e-05
33.504055,0.0011953125
33.508054,7.8125e-05
33.512055,-0.0011093750000000001
33.516055,-0.00046093750000000003
33.520056,0.0005546875000000001
33.524055,0.00015625
33.528055,-0.001015625
33.532056,-0.00040625000000000004
33.536057,0.0003671875
33.540055,0.0002578125
33.544056,7.8125e-06
33.548055,-0.00075
33.552055,3.125e-05
33.556055,0.0003203125
33.560054,3.125e-05
33.564056,-0.0016328125
33.568055,-1.5625e-05
33.572055,0.0006640625
33.576055,4.6875e-05
33.580055,-0.0016171875000000001
33.584056,1.5625e-05
33.588055,0.0007421875
33.592055,7.031250000000001e-05
33.596055,-0.0018437500000000001
33.600056,-2.34375e-05
33.604055,0.00115625
33.608055,6.25e-05
33.612055,-0.00109375
33.616055,5.46875e-05
33.620056,0.0004921875
33.624055,0.0
33.628055,-0.0008828125
33.632055,-0.0006718750000000001
33.636055,0.00046093750000000003
33.640055,0.0001328125
33.644055,9.375e-05
33.648055,-0.0009375
33.652055,-1.5625e-05
33.656055,0.0003203125
33.660055,5.46875e-05
33.664055,-0.0013828125
33.668055,3.90625e-05
33.672055,0.0007421875
33.676055,8.59375e-05
33.680063,-0.0017578125
33.684058,-3.90625e-05
33.688056,0.0008359375
33.692055,6.25e-05
33.696059,-0.0019765625
33.700058,3.90625e-05
33.704056,0.0009140625
33.708055,4.6875e-05
33.712055,-0.0010859375
33.716055,1.5625e-05
33.720056,0.0004921875
33.724055,0.00010156250000000001
33.728055,-0.0008203125
33.732055,-0.0005234375
33.736055,0.000484375
33.740055,0.00021875
33.744056,6.25e-05
33.748055,-0.000890625
33.752056,-7.031250000000001e-05
33.756055,0.00034375
33.760056,4.6875e-05
33.764057,-0.0015234375
33.768055,-4.6875e-05
33.772056,0.0006953125
33.776056,7.8125e-05
33.780056,-0.0019296875
33.784056,0.0
33.788055,0.00075
33.792055,3.125e-05
33.796055,-0.0019375
33.800056,1.5625e-05
33.804055,0.0006953125
33.808055,6.25e-05
33.812055,-0.0009218750000000001
33.816055,0.0003828125
33.820055,0.00046093750000000003
33.824055,0.000171875
33.828056,-0.0006484375
33.832055,-0.00034375
33.836055,0.0006015625
33.840056,0.0003671875
33.844055,0.000109375
33.848055,-0.0006875
33.852055,2.34375e-05
33.856055,0.0003125
33.860055,0.00010156250000000001
33.864055,-0.001578125
33.868055,7.8125e-06
33.872055,0.0006796875000000001
33.876055,3.90625e-05
33.880055,-0.0020625
33.884055,7.8125e-06
33.888055,0.0009296875000000001
33.892055,4.6875e-05
33.896055,-0.0017109375
33.900055,3.125e-05
33.904055,0.0005
33.908055,1.5625e-05
33.912055,-0.0009296875000000001
33.916055,0.000109375
33.920055,0.000453125
33.924055,0.0002890625
33.928055,-0.0007265625
33.932056,-0.00046093750000000003
33.936056,0.00059375
33.940054,0.0004140625
33.944054,6.25e-05
33.948055,-0.000703125
33.952056,7.8125e-06
33.956055,0.0003671875
33.960055,3.125e-05
33.964055,-0.0017421875
33.968055,3.125e-05
33.972056,0.0006718750000000001
33.976055,4.6875e-05
33.980055,-0.001984375
33.984055,2.34375e-05
33.988055,0.000765625
33.992055,0.0
33.996055,-0.001453125
34.000055,0.0
34.004055,0.0005
34.008054,-0.00021875
34.012055,-0.0011484375
34.016055,-9.375e-05
34.020056,0.000359375
34.024055,0.0003125
34.028055,-0.0008125000000000001
34.032055,-0.0005859375
34.036055,0.000515625
34.040055,0.0003046875
34.044055,-5.46875e-05
34.048055,-0.0008125000000000001
34.052055,3.125e-05
34.056055,0.000390625
34.060055,3.90625e-05
34.064055,-0.0009765625
34.068055,-7.8125e-06
34.072055,0.000734375
34.076055,1.5625e-05
34.080055,-0.002078125
34.084056,3.125e-05
34.088055,0.0007421875
34.092056,9.375e-05
34.096056,-0.0015
34.100056,-1.5625e-05
34.104055,0.0007968750000000001
34.108055,-0.00014062500000000002
34.112055,-0.0009453125
34.116055,-0.00010156250000000001
34.120056,0.0003828125
34.124055,-0.0002109375
34.128055,-0.00096875
34.132055,-0.000765625
34.136055,0.0004765625
34.140055,0.0002890625
34.144055,2.34375e-05
34.148055,-0.00090625
34.152055,-1.5625e-05
34.156055,0.000328125
34.160055,0.000109375
34.164055,-0.0010234375
34.168055,-1.5625e-05
34.172055,0.0009453125
34.176055,4.6875e-05
34.180055,-0.001765625
34.184055,-4.6875e-05
34.188055,0.0006796875000000001
34.192055,3.125e-05
34.196055,-0.0013671875000000001
34.200055,3.90625e-05
34.204055,0.0008046875000000001
34.208055,-5.46875e-05
34.212055,-0.00096875
34.216055,0.000171875
34.220055,0.00053125
34.224055,0.00014062500000000002
34.228055,-0.0006796875000000001
34.232055,-0.0009921875
34.236055,0.0005
34.240055,0.0003046875
34.244055,2.34375e-05
34.248055,-0.000734375
34.252055,4.6875e-05
34.256057,0.00040625000000000004
34.260056,0.000125
34.264055,-0.0009453125
34.268056,3.90625e-05
34.272055,0.000890625
34.276055,7.8125e-06
34.280055,-0.002125
34.284055,3.90625e-05
34.288056,0.0007578125
34.292055,3.90625e-05
34.296055,-0.00171875
34.300056,0.00010156250000000001
34.304055,0.0008359375
34.308055,-0.0001484375
34.312055,-0.0008046875000000001
34.316055,0.00020312500000000002
34.320056,0.0006015625
34.324056,0.0001640625
34.328055,-0.0005
34.332055,-0.0007578125
34.336055,0.0003671875
34.340055,0.000234375
34.344055,1.5625e-05
34.348055,-0.0008984375
34.352055,7.031250000000001e-05
34.356055,0.000359375
34.360055,3.125e-05
34.364055,-0.000875
34.368055,3.125e-05
34.372055,0.0007734375
34.376055,0.000125
34.380055,-0.0018828125
34.384056,8.59375e-05
34.388055,0.0006015625
34.392055,7.031250000000001e-05
34.396055,-0.00190625
34.400055,9.375e-05
34.404055,0.000734375
34.408055,7.8125e-06
34.412055,-0.0006796875000000001
34.416055,0.0001875
34.420054,0.0005625000000000001
34.424056,-1.5625e-05
34.428055,-0.0002265625
34.432055,-0.000640625
34.436056,6.25e-05
34.440055,0.0004296875
34.444055,3.90625e-05
34.448055,-0.0009218750000000001
34.452055,-7.8125e-06
34.456055,0.0003203125
34.460055,0.00010156250000000001
34.464055,-0.001015625
34.468055,1.5625e-05
34.472055,0.000765625
34.476055,7.031250000000001e-05
34.480055,-0.0018203125
34.484056,-2.34375e-05
34.488055,0.0007578125
34.492055,3.90625e-05
34.496055,-0.0018046875
34.500054,0.00028125000000000003
34.504055,0.0007890625
34.508056,0.000109375
34.512055,-0.0008828125
34.516054,3.125e-05
34.520054,0.0005234375
34.524056,-7.8125e-05
34.528055,1.5625e-05
34.532055,-0.0006796875000000001
34.536056,2.34375e-05
34.540057,0.0003671875
34.544056,7.8125e-06
34.548055,-0.0009296875000000001
34.552054,3.125e-05
34.556055,0.000421875
34.560055,2.34375e-05
34.564055,-0.00109375
34.568055,4.6875e-05
34.572055,0.000421875
34.576055,8.59375e-05
34.580055,-0.0016093750000000001
34.584055,5.46875e-05
34.588055,0.0007734375
34.592055,5.46875e-05
34.596055,-0.0017578125
34.600056,-5.46875e-05
34.604055,0.00096875
34.608055,-0.0003046875
34.612055,-0.0023125
34.616055,-0.0001484375
34.620056,0.000546875
34.624055,-0.0001171875
34.628055,-7.8125e-06
34.632055,-0.0001484375
34.636055,4.6875e-05
34.640056,0.000296875
34.644055,7.031250000000001e-05
34.648055,-0.0009609375
34.652055,-2.34375e-05
34.656055,0.000359375
34.660055,3.90625e-05
34.664055,-0.001328125
34.668055,7.8125e-06
34.672055,0.000375
34.676055,6.25e-05
34.680063,-0.0015937500000000001
34.684058,5.46875e-05
34.688055,0.000890625
34.692055,4.6875e-05
34.696059,-0.0015
34.700058,-0.00020312500000000002
34.704055,0.0009453125
34.708055,-0.0003125
34.712055,-0.0022109375000000002
34.716055,-0.0001953125
34.720056,0.0005859375
34.724055,-0.00010156250000000001
34.728055,-1.5625e-05
34.732055,-3.125e-05
34.736056,1.5625e-05
34.740055,0.00033593750000000003
34.744055,3.90625e-05
34.748055,-0.0009296875000000001
34.752055,2.34375e-05
34.756055,0.0003671875
34.760056,5.46875e-05
34.764055,-0.0012421875
34.768056,0.0
34.772057,0.0003515625
34.776056,7.031250000000001e-05
34.780055,-0.001515625
34.784055,1.5625e-05
34.788054,0.0008125000000000001
34.792056,-7.8125e-06
34.796054,-0.001875
34.800055,9.375e-05
34.804054,0.000984375
34.808056,4.6875e-05
34.812055,-0.0023203125
34.816055,-7.8125e-05
34.820055,0.0007265625
34.824056,7.031250000000001e-05
34.828055,7.8125e-06
34.832055,-9.375e-05
34.836055,3.90625e-05
34.840056,0.0003671875
34.844055,5.46875e-05
34.848055,-0.0009453125
34.852055,3.125e-05
34.856055,0.0004375
34.860056,9.375e-05
34.864055,-0.0013437500000000001
34.868056,-5.46875e-05
34.872055,0.0005234375
34.876055,2.34375e-05
34.880056,-0.00171875
34.884056,-7.8125e-06
34.888055,0.0007968750000000001
34.892055,0.000109375
34.896055,-0.0019140625
34.900055,0.00015625
34.904055,0.0009765625
34.908055,0.000125
34.912055,-0.002109375
34.916056,7.8125e-05
34.920055,0.00040625000000000004
34.924056,0.00034375
34.928055,5.46875e-05
34.932056,0.0001796875
34.936055,0.0
34.940056,0.0003203125
34.944056,-5.46875e-05
34.948056,-0.000953125
34.952056,-4.6875e-05
34.956056,0.00053125
34.960056,3.90625e-05
34.964055,-0.00140625
34.968054,3.125e-05
34.972056,0.0005234375
34.976055,0.0
34.980056,-0.00190625
34.984055,5.46875e-05
34.988056,0.000734375
34.992055,7.8125e-05
34.996056,-0.00240625
35.000055,7.8125e-05
35.004084,0.00103125
35.008056,8.59375e-05
35.012055,-0.002171875
35.016054,-1.5625e-05
35.020056,7.8125e-05
35.024056,0.00015625
35.028054,4.6875e-05
35.032054,-7.031250000000001e-05
35.036056,1.5625e-05
35.040056,0.000515625
35.044055,2.34375e-05
35.048055,-0.00096875
35.052055,3.125e-05
35.056055,0.0005234375
35.060055,0.00010156250000000001
35.064055,-0.0008984375
35.068055,-7.8125e-06
35.072055,0.00046875
35.076055,4.6875e-05
35.080056,-0.00146875
35.084056,0.0
35.088055,0.0007421875
35.092055,7.031250000000001e-05
35.096055,-0.0023046875
35.100055,-3.125e-05
35.104055,0.0008671875
35.108055,-0.0001640625
35.112055,-0.0045078125
35.116055,-0.0001484375
35.120056,0.0010078125
35.124055,-0.0001640625
35.128055,-2.34375e-05
35.132055,-0.0001328125
35.136056,0.0
35.140055,5.46875e-05
35.144055,3.90625e-05
35.148055,-0.001171875
35.152055,-2.34375e-05
35.156055,0.0004765625
35.160055,3.125e-05
35.164055,-0.0013515625000000001
35.168055,-7.8125e-06
35.172055,0.00046875
35.176055,7.8125e-06
35.180055,-0.0016093750000000001
35.184055,7.8125e-06
35.188055,0.0009140625
35.192055,4.6875e-05
35.196055,-0.0023359375
35.200055,-3.90625e-05
35.204056,0.0010234375
35.208055,6.25e-05
35.212055,-0.004328125
35.216055,-8.59375e-05
35.220054,0.0010546875
35.224055,-0.00015625
35.228056,5.46875e-05
35.232055,7.8125e-05
35.236055,0.0
35.240055,2.34375e-05
35.244056,3.125e-05
35.248055,-0.0012734375
35.252056,5.46875e-05
35.256055,0.0003203125
35.260055,7.8125e-05
35.264055,-0.00109375
35.268056,-1.5625e-05
35.272056,0.000484375
35.276055,1.5625e-05
35.280055,-0.0015390625
35.284056,7.8125e-06
35.288054,0.0010078125
35.292055,7.031250000000001e-05
35.296054,-0.002109375
35.300055,5.46875e-05
35.304056,0.001
35.308055,-0.00020312500000000002
35.312056,-0.00171875
35.316056,-0.0001328125
35.320055,0.001
35.324055,-3.125e-05
35.328055,6.25e-05
35.332055,0.0001875
35.336055,0.0
35.340055,7.8125e-06
35.344055,1.5625e-05
35.348055,-0.0013984375
35.352055,7.8125e-06
35.356055,0.0005625000000000001
35.360056,5.46875e-05
35.364055,-0.0010546875
35.368055,-3.125e-05
35.372055,0.0006875
35.376055,2.34375e-05
35.380056,-0.0015078125
35.384055,2.34375e-05
35.388055,0.001015625
35.392055,6.25e-05
35.396055,-0.0023984375
35.400056,-3.125e-05
35.404055,0.0009218750000000001
35.408055,-0.00015625
35.412055,-0.0020625
35.416056,-7.8125e-06
35.420055,0.000875
35.424055,0.0
35.428055,5.46875e-05
35.432055,0.000109375
35.436055,-3.125e-05
35.440055,3.125e-05
35.444055,3.125e-05
35.448055,-0.0011250000000000001
35.452055,7.8125e-06
35.456056,0.0003828125
35.460055,5.46875e-05
35.464056,-0.0011171875000000001
35.468055,-3.125e-05
35.472055,0.0007109375
35.476054,8.59375e-05
35.480055,-0.00121875
35.484055,3.125e-05
35.488055,0.00096875
35.492055,3.90625e-05
35.496055,-0.0021484375
35.500055,-7.8125e-05
35.504055,0.000734375
35.508055,0.0002578125
35.512055,-0.0021796875
35.516055,3.90625e-05
35.520056,0.0009296875000000001
35.524055,-0.000171875
35.528055,0.0
35.532056,8.59375e-05
35.536055,-1.5625e-05
35.540055,-7.031250000000001e-05
35.544055,2.34375e-05
35.548056,-0.0010078125
35.552055,2.34375e-05
35.556055,0.00053125
35.560055,7.8125e-06
35.564055,-0.0012265625
35.568055,0.0
35.572055,0.0006171875
35.576055,3.90625e-05
35.580056,-0.0013515625000000001
35.584055,-1.5625e-05
35.588055,0.00096875
35.592055,7.031250000000001e-05
35.596055,-0.0022187500000000002
35.600056,-1.5625e-05
35.604055,0.000765625
35.608055,0.0
35.612055,-0.0022734375
35.616055,7.031250000000001e-05
35.620056,0.000859375
35.624055,-0.0002109375
35.628055,-0.0020234375
35.632055,-0.0001796875
35.636056,-3.125e-05
35.640056,-0.0001328125
35.644055,0.00010156250000000001
35.648055,-0.0002578125
35.652055,3.125e-05
35.656055,0.00046093750000000003
35.660056,4.6875e-05
35.664055,-0.00128125
35.668056,7.8125e-06
35.672055,0.00075
35.676055,7.031250000000001e-05
35.680063,-0.0016093750000000001
35.684057,4.6875e-05
35.688056,0.000609375
35.692055,3.125e-05
35.696059,-0.001875
35.700057,3.90625e-05
35.704056,0.00084375
35.708055,2.34375e-05
35.712055,-0.0020390625
35.716055,4.6875e-05
35.720056,0.0010703125
35.724056,-0.00014062500000000002
35.728055,-0.001828125
35.732054,3.90625e-05
35.736055,4.6875e-05
35.740056,0.0001484375
35.744055,6.25e-05
35.748055,-0.0001875
35.752055,4.6875e-05
35.756055,0.00053125
35.760056,0.0001171875
35.764055,-0.0015234375
35.768056,7.8125e-05
35.772056,0.0007421875
35.776055,2.34375e-05
35.780055,-0.0015703125
35.784056,2.34375e-05
35.788055,0.0005703125
35.792055,6.25e-05
35.796055,-0.0042734375
35.800055,-1.5625e-05
35.804056,0.00096875
35.808056,1.5625e-05
35.812055,-0.0020703125
35.816055,-0.0001484375
35.820056,0.001046875
35.824055,-1.5625e-05
35.828056,-0.0017734375
35.832056,-0.0001171875
35.836055,5.46875e-05
35.840056,0.0003828125
35.844055,7.031250000000001e-05
35.848055,-2.34375e-05
35.852055,3.90625e-05
35.856055,0.0004765625
35.860056,6.25e-05
35.864055,-0.0015390625
35.868055,0.0
35.872055,0.0006015625
35.876055,5.46875e-05
35.880055,-0.0016093750000000001
35.884056,-1.5625e-05
35.888055,0.0005625000000000001
35.892055,4.6875e-05
35.896055,-0.00428125
35.900056,-2.34375e-05
35.904055,0.0009453125
35.908055,5.46875e-05
35.912055,-0.00203125
35.916055,0.000125
35.920056,0.0009375
35.924055,9.375e-05
35.928055,-0.0017890625
35.932055,-8.59375e-05
35.936056,3.125e-05
35.940055,0.00014062500000000002
35.944055,2.34375e-05
35.948055,-0.00021875
35.952055,-3.125e-05
35.956055,0.000515625
35.960055,7.031250000000001e-05
35.964055,-0.0018359375000000001
35.968055,6.25e-05
35.972056,0.0005546875000000001
35.976055,4.6875e-05
35.980055,-0.0015859375
35.984056,0.0
35.988055,0.0005234375
35.992054,7.031250000000001e-05
35.996056,-0.0018046875
36.000056,5.46875e-05
36.004055,0.0009765625
36.008055,3.125e-05
36.012055,-0.0019375
36.016056,0.0001640625
36.020056,0.00084375
36.024055,3.90625e-05
36.028055,-0.0019453125
36.032055,-0.0003515625
36.036055,1.5625e-05
36.040055,-0.0001171875
36.044055,0.0
36.048056,-0.000625
36.052054,3.125e-05
36.056055,0.0005078125
36.060056,9.375e-05
36.064055,-0.0014453125
36.068055,-1.5625e-05
36.072055,0.000609375
36.076055,4.6875e-05
36.080056,-0.001328125
36.084055,1.5625e-05
36.088055,0.00059375
36.092055,3.125e-05
36.096055,-0.0021953125
36.100056,0.0
36.104055,0.0009296875000000001
36.108055,7.031250000000001e-05
36.112055,-0.0018671875000000001
36.116055,7.8125e-06
36.120055,0.0010625
36.124055,8.59375e-05
36.128055,-0.0021640625
36.132055,-0.00020312500000000002
36.136055,0.00125
36.140055,-1.5625e-05
36.144055,3.125e-05
36.148055,-0.0005234375
36.152055,-7.8125e-06
36.156055,-2.34375e-05
36.160056,7.031250000000001e-05
36.164055,-0.0016328125
36.168055,5.46875e-05
36.172055,0.0006953125
36.176055,7.031250000000001e-05
36.180056,-0.001328125
36.184055,-8.59375e-05
36.188055,0.0005625000000000001
36.192055,7.8125e-05
36.196056,-0.0015
36.200055,-2.34375e-05
36.204055,0.000890625
36.208055,2.34375e-05
36.212055,-0.002109375
36.216055,-3.125e-05
36.220055,0.0009609375
36.224055,-0.000125
36.228055,-0.001765625
36.232055,-0.00039843750000000003
36.236055,0.001078125
36.240056,0.0001640625
36.244055,4.6875e-05
36.248055,-0.0001796875
36.252055,-3.125e-05
36.256055,0.00040625000000000004
36.260055,3.90625e-05
36.264056,-0.001734375
36.268056,-4.6875e-05
36.272056,0.0006015625
36.276055,8.59375e-05
36.280055,-0.0014296875
36.284055,2.34375e-05
36.288055,0.0005078125
36.292055,8.59375e-05
36.296055,-0.00175
36.300056,2.34375e-05
36.304055,0.000984375
36.308055,7.8125e-05
36.312055,-0.0019375
36.316055,7.8125e-06
36.320055,0.0010703125
36.324055,2.34375e-05
36.328055,-0.0017890625
36.332055,-0.0002578125
36.336056,0.000890625
36.340055,0.0001796875
36.344055,5.46875e-05
36.348055,-0.0002421875
36.352055,-2.34375e-05
36.356056,0.0004140625
36.360055,7.031250000000001e-05
36.364056,-0.001515625
36.368056,3.125e-05
36.372055,0.00046093750000000003
36.376055,8.59375e-05
36.380056,-0.0016484375
36.384055,1.5625e-05
36.388055,0.0004375
36.392055,3.125e-05
36.396055,-0.0018359375000000001
36.400055,7.8125e-06
36.404056,0.0010625
36.408055,9.375e-05
36.412055,-0.001703125
36.416055,1.5625e-05
36.420055,0.001140625
36.424055,0.00025
36.428055,-0.003890625
36.432055,-0.00010156250000000001
36.436056,0.0006015625
36.440055,0.0002265625
36.444056,7.031250000000001e-05
36.448055,-0.0002734375
36.452055,-4.6875e-05
36.456056,0.0001875
36.460055,0.0001171875
36.464055,-0.0016015625000000001
36.468055,-3.90625e-05
36.472056,0.0005
36.476056,4.6875e-05
36.480055,-0.0015546875
36.484055,3.90625e-05
36.488055,0.000703125
36.492056,7.031250000000001e-05
36.496055,-0.0015859375
36.500055,-1.5625e-05
36.504055,0.0010703125
36.508055,0.0
36.512055,-0.0018671875000000001
36.516055,3.90625e-05
36.520055,0.0011171875000000001
36.524055,0.0003125
36.528055,-0.0037421875000000003
36.532055,-0.0001171875
36.536055,0.0004765625
36.540055,0.000296875
36.544057,6.25e-05
36.548056,-0.000296875
36.552055,-1.5625e-05
36.556055,0.0001640625
36.560055,8.59375e-05
36.564054,-0.001515625
36.568055,1.5625e-05
36.572055,0.0005078125
36.576055,7.8125e-05
36.580055,-0.001296875
36.584055,1.5625e-05
36.588055,0.0007421875
36.592055,2.34375e-05
36.596055,-0.0014140625
36.600055,-7.8125e-06
36.604055,0.00084375
36.608055,9.375e-05
36.612055,-0.002125
36.616055,4.6875e-05
36.620055,0.0008203125
36.624055,9.375e-05
36.628055,-0.0036171875
36.632055,-0.00046875
36.636055,0.000546875
36.640055,3.90625e-05
36.644055,-0.001
36.648055,-0.0005625000000000001
36.652055,7.031250000000001e-05
36.656055,6.25e-05
36.660055,8.59375e-05
36.664055,-0.00071875
36.668055,-3.125e-05
36.672055,0.000625
36.676055,1.5625e-05
36.680063,-0.001453125
36.684058,-2.34375e-05
36.688056,0.00075
36.692055,3.125e-05
36.696059,-0.00175
36.700057,3.90625e-05
36.704055,0.00078125
36.708055,3.90625e-05
36.712055,-0.0019375
36.716055,2.34375e-05
36.720056,0.0010234375
36.724055,5.46875e-05
36.728055,-0.0036171875
36.732055,-0.0005
36.736055,0.0005625000000000001
36.740058,-0.00025
36.744054,-0.0009140625
36.748055,-0.000609375
36.752054,1.5625e-05
36.756055,8.59375e-05
36.760055,7.031250000000001e-05
36.764056,-0.0007265625
36.768055,3.125e-05
36.772055,0.0006015625
36.776054,7.8125e-05
36.780055,-0.0014375
36.784055,3.90625e-05
36.788054,0.000640625
36.792054,7.8125e-05
36.796055,-0.001828125
36.800056,-7.8125e-06
36.804055,0.0007734375
36.808056,7.8125e-06
36.812055,-0.00190625
36.816055,7.8125e-06
36.820055,0.0012734375
36.824055,0.0001328125
36.828056,-0.0011171875000000001
36.832055,-0.000390625
36.836055,0.0005625000000000001
36.840055,0.0002890625
36.844055,-0.00103125
36.848055,-0.00046875
36.852055,0.0
36.856055,0.00021875
36.860056,7.8125e-06
36.864056,-0.0006718750000000001
36.868055,6.25e-05
36.872055,0.0006953125
36.876056,8.59375e-05
36.880056,-0.0014765625
36.884055,2.34375e-05
36.888055,0.0006796875000000001
36.892055,7.8125e-06
36.896055,-0.0018125
36.900055,0.0
36.904055,0.0008046875000000001
36.908055,7.031250000000001e-05
36.912055,-0.0019375
36.916056,-1.5625e-05
36.920055,0.0013359375
36.924055,9.375e-05
36.928055,-0.0010625
36.932055,-0.00021875
36.936054,0.0004765625
36.940054,0.0003828125
36.944055,-0.0009765625
36.948054,-0.000171875
36.952054,3.125e-05
36.956054,0.00033593750000000003
36.960055,5.46875e-05
36.964055,-0.000640625
36.968055,-7.031250000000001e-05
36.972056,0.000515625
36.976055,3.125e-05
36.980055,-0.0015
36.984055,4.6875e-05
36.988055,0.0006953125
36.992056,4.6875e-05
36.996056,-0.001828125
37.000055,7.8125e-06
37.004055,0.0008828125
37.008055,8.59375e-05
37.012054,-0.001953125
37.016054,3.125e-05
37.020055,0.0011484375
37.024055,1.5625e-05
37.028055,-0.0012265625
37.032055,-0.0002734375
37.036055,0.0004921875
37.040055,0.00020312500000000002
37.044055,-0.001
37.048055,-0.000109375
37.052055,-7.8125e-06
37.056055,0.0002734375
37.060055,0.00010156250000000001
37.064055,-0.0006953125
37.068055,2.34375e-05
37.072055,0.00053125
37.076054,9.375e-05
37.080054,-0.001578125
37.084055,2.34375e-05
37.088055,0.000609375
37.092055,3.90625e-05
37.096055,-0.0017890625
37.100055,-3.90625e-05
37.104055,0.00078125
37.108055,1.5625e-05
37.112055,-0.0017421875
37.116055,-2.34375e-05
37.120056,0.0009218750000000001
37.124055,3.90625e-05
37.128055,-0.001140625
37.132055,3.125e-05
37.136056,0.000484375
37.140055,5.46875e-05
37.144055,-0.0009296875000000001
37.148055,-0.0005859375
37.152055,0.000578125
37.156056,0.0001640625
37.160055,7.031250000000001e-05
37.164055,-0.000859375
37.168055,7.8125e-06
37.172055,0.0003515625
37.176055,0.00010156250000000001
37.180056,-0.0017421875
37.184055,5.46875e-05
37.188056,0.0008046875000000001
37.192054,7.8125e-05
37.196055,-0.0017578125
37.200054,0.0
37.204055,0.000859375
37.208055,7.8125e-06
37.212055,-0.00171875
37.216055,0.0
37.220055,0.0008828125
37.224055,0.00010156250000000001
37.228055,-0.00115625
37.232055,0.00010156250000000001
37.236055,0.000515625
37.240055,0.00014062500000000002
37.244055,-0.00075
37.248055,-0.0006484375
37.252056,0.000625
37.256055,0.0003828125
37.260055,6.25e-05
37.264056,-0.000625
37.268057,2.34375e-05
37.272055,0.0002890625
37.276055,0.0001171875
37.280055,-0.0014921875
37.284055,3.90625e-05
37.288055,0.0006015625
37.292055,8.59375e-05
37.296054,-0.0017265625
37.300054,0.0
37.304054,0.0008828125
37.308055,0.00010156250000000001
37.312054,-0.0017890625
37.316055,3.125e-05
37.320055,0.0006171875
37.324055,6.25e-05
37.328055,-0.00096875
37.332055,0.0003203125
37.336056,0.0004453125
37.340056,0.0001328125
37.344055,-0.000609375
37.348055,-0.0004921875
37.352055,0.000640625
37.356055,0.00046875
37.360056,0.0001171875
37.364055,-0.000765625
37.368055,-2.34375e-05
37.372055,0.00033593750000000003
37.376055,1.5625e-05
37.380055,-0.0016796875
37.384055,4.6875e-05
37.388055,0.00078125
37.392055,6.25e-05
37.396055,-0.00196875
37.400056,0.0
37.404055,0.0008671875
37.408055,9.375e-05
37.412055,-0.001796875
37.416055,7.8125e-06
37.420055,0.0005234375
37.424055,6.25e-05
37.428055,-0.001015625
37.432055,0.00020312500000000002
37.436055,0.0005234375
37.440055,0.00010156250000000001
37.444055,-0.0005625000000000001
37.448056,-0.0006796875000000001
37.452055,0.000609375
37.456055,0.000453125
37.460054,2.34375e-05
37.464055,-0.0006484375
37.468054,0.0
37.472054,0.0003046875
37.476054,-7.8125e-06
37.480055,-0.0017109375
37.484055,1.5625e-05
37.488055,0.0006328125
37.492054,-1.5625e-05
37.496055,-0.0021796875
37.500057,7.8125e-06
37.504056,0.000765625
37.508055,8.59375e-05
37.512055,-0.0016484375
37.516055,1.5625e-05
37.520056,0.0005390625
37.524056,-0.00010156250000000001
37.528055,-0.0011015625000000001
37.532055,-8.59375e-05
37.536056,0.0004296875
37.540055,0.000328125
37.544057,-0.0007890625
37.548056,-0.0005625000000000001
37.552054,0.00046093750000000003
37.556055,0.0003046875
37.560055,9.375e-05
37.564054,-0.0008828125
37.568055,-7.8125e-06
37.572054,0.0002421875
37.576054,0.000125
37.580054,-0.001578125
37.584055,8.59375e-05
37.588054,0.0007890625
37.592055,7.031250000000001e-05
37.596055,-0.0019453125
37.600056,-6.25e-05
37.604055,0.0008046875000000001
37.608055,0.00010156250000000001
37.612056,-0.0016250000000000001
37.616055,-3.90625e-05
37.620056,0.0004296875
37.624055,-0.00014062500000000002
37.628055,-0.0010859375
37.632056,0.0
37.636055,0.0003515625
37.640055,0.0002578125
37.644055,-0.0007421875
37.648055,-0.0005703125
37.652055,0.0005234375
37.656055,0.000421875
37.660056,-2.34375e-05
37.664055,-0.000609375
37.668055,-7.8125e-06
37.672055,0.0004140625
37.676055,7.031250000000001e-05
37.680062,-0.001
37.684057,7.031250000000001e-05
37.688056,0.0007109375
37.692055,5.46875e-05
37.696059,-0.00175
37.700058,4.6875e-05
37.704056,0.0008125000000000001
37.708055,9.375e-05
37.712055,-0.001140625
37.716055,4.6875e-05
37.720056,0.0008359375
37.724055,-8.59375e-05
37.728055,-0.0010703125
37.732055,7.031250000000001e-05
37.736056,0.0005
37.740056,-3.90625e-05
37.744056,-0.000625
37.748056,-0.000734375
37.752055,0.0007421875
37.756055,0.0003828125
37.760056,-7.8125e-06
37.764055,-0.0006796875000000001
37.768056,-5.46875e-05
37.772055,0.00040625000000000004
37.776055,6.25e-05
37.780054,-0.00090625
37.784056,6.25e-05
37.788054,0.0008203125
37.792055,8.59375e-05
37.796054,-0.002078125
37.800055,-7.8125e-06
37.804056,0.000703125
37.808055,0.000109375
37.812055,-0.001453125
37.816055,3.125e-05
37.820055,0.000828125
37.824055,-0.0001328125
37.828055,-0.0009765625
37.832055,7.8125e-05
37.836055,0.000484375
37.840056,5.46875e-05
37.844055,-0.000609375
37.848055,-0.000890625
37.852055,0.00084375
37.856055,0.000328125
37.860056,7.8125e-06
37.864055,-0.000703125
37.868055,5.46875e-05
37.872055,0.0003125
37.876055,9.375e-05
37.880055,-0.000875
37.884056,-2.34375e-05
37.888055,0.0008046875000000001
37.892055,6.25e-05
37.896055,-0.001984375
37.900055,3.125e-05
37.904055,0.0006875
37.908055,8.59375e-05
37.912055,-0.00175
37.916055,3.125e-05
37.920055,0.00075
37.924055,9.375e-05
37.928055,-0.000859375
37.932055,0.0001953125
37.936056,0.0005859375
37.940055,6.25e-05
37.944055,-0.000859375
37.948055,-0.0008125000000000001
37.952056,0.000765625
37.956056,0.000359375
37.960055,2.34375e-05
37.964055,-0.000734375
37.968055,7.8125e-05
37.972055,0.0003515625
37.976055,4.6875e-05
37.980055,-0.0010078125
37.984055,3.90625e-05
37.988055,0.000875
37.992055,7.031250000000001e-05
37.996055,-0.001953125
38.000055,7.8125e-06
38.004055,0.00071875
38.008054,9.375e-05
38.012056,-0.0018359375000000001
38.016056,3.125e-05
38.020055,0.0006796875000000001
38.024055,-1.5625e-05
38.028055,-0.00084375
38.032055,0.0002578125
38.036054,0.0004765625
38.040054,0.000125
38.044056,-0.0009453125
38.048055,-0.0004765625
38.052055,0.0005625000000000001
38.056055,0.000375
38.060055,-7.031250000000001e-05
38.064055,-0.0006796875000000001
38.068055,-3.125e-05
38.072055,0.0002265625
38.076055,0.000109375
38.080055,-0.0008671875
38.084056,0.0
38.088055,0.000703125
38.092055,-7.8125e-06
38.096055,-0.0018671875000000001
38.100055,1.5625e-05
38.104054,0.0007578125
38.108055,3.125e-05
38.112055,-0.0017734375
38.116055,1.5625e-05
38.120055,0.0007734375
38.124055,-0.000109375
38.128055,-0.0008828125
38.132055,-4.6875e-05
38.136055,0.0004453125
38.140056,-8.59375e-05
38.144055,-0.00096875
38.148055,-0.00084375
38.152055,0.000578125
38.156055,0.0002578125
38.160055,0.0
38.164055,-0.000828125
38.168055,-3.90625e-05
38.172055,0.000328125
38.176055,7.8125e-05
38.180055,-0.000859375
38.184055,3.125e-05
38.188055,0.00046875
38.192055,5.46875e-05
38.196055,-0.0019296875
38.200055,7.8125e-06
38.204055,0.000625
38.208055,4.6875e-05
38.212055,-0.00178125
38.216055,7.031250000000001e-05
38.220055,0.0007890625
38.224055,-0.0002734375
38.228055,-0.00403125
38.232055,-0.00021875
38.236055,0.0004140625
38.240055,-0.0002734375
38.244055,-0.00090625
38.248055,-0.0001640625
38.252055,0.0005
38.256055,0.00034375
38.260056,-1.5625e-05
38.264055,-0.0008828125
38.268056,6.25e-05
38.272055,0.00039843750000000003
38.276055,-7.8125e-06
38.280054,-0.0011328125
38.284055,-3.125e-05
38.288054,0.00034375
38.292055,7.031250000000001e-05
38.296054,-0.001875
38.300056,2.34375e-05
38.304055,0.00078125
38.308056,6.25e-05
38.312055,-0.001828125
38.316055,7.8125e-06
38.320055,0.0007265625
38.324055,-3.90625e-05
38.328055,-0.0021640625
38.332055,0.0001484375
38.336055,0.0005703125
38.340055,4.6875e-05
38.344055,-0.00059375
38.348055,0.0
38.352055,0.00040625000000000004
38.356055,0.0002890625
38.360055,6.25e-05
38.364055,-0.0009765625
38.368055,0.0
38.372056,0.0003125
38.376055,0.00010156250000000001
38.380056,-0.000984375
38.384055,3.90625e-05
38.388055,0.00033593750000000003
38.392055,3.125e-05
38.396055,-0.0016640625
38.400055,-7.8125e-06
38.404055,0.000703125
38.408055,9.375e-05
38.412055,-0.0017578125
38.416055,0.000109375
38.420055,0.00078125
38.424055,0.0001484375
38.428055,-0.0020546875
38.432055,9.375e-05
38.436055,0.0006171875
38.440056,0.0002109375
38.444055,-0.0004375
38.448055,0.00028125000000000003
38.452056,0.0003671875
38.456055,0.0002734375
38.460055,-2.34375e-05
38.464055,-0.0008984375
38.468055,-1.5625e-05
38.472055,0.000359375
38.476055,0.0001328125
38.480055,-0.001046875
38.484055,-3.125e-05
38.488055,0.00046093750000000003
38.492055,0.00010156250000000001
38.496055,-0.0019609375
38.500055,2.34375e-05
38.504055,0.0006484375
38.508054,0.000125
38.512055,-0.001921875
38.516055,6.25e-05
38.520054,0.000703125
38.524055,-0.00010156250000000001
38.528055,-0.0042578125
38.532055,0.0001328125
38.536055,0.000515625
38.540055,0.000125
38.544056,-0.000390625
38.548056,5.46875e-05
38.552055,0.00028125000000000003
38.556056,0.0003203125
38.560055,0.0
38.564056,-0.0008515625
38.568055,-3.125e-05
38.572055,0.00034375
38.576055,7.8125e-05
38.580055,-0.0011015625000000001
38.584055,3.90625e-05
38.588055,0.0005234375
38.592055,5.46875e-05
38.596055,-0.0018828125
38.600055,7.031250000000001e-05
38.604055,0.000578125
38.608055,8.59375e-05
38.612054,-0.0016640625
38.616054,0.000234375
38.620056,0.0007734375
38.624055,3.90625e-05
38.628055,-0.0022265625000000002
38.632055,2.34375e-05
38.636055,0.000421875
38.640056,-4.6875e-05
38.644055,-0.0006796875000000001
38.648055,-0.0002109375
38.652056,4.6875e-05
38.656055,0.000359375
38.660056,3.125e-05
38.664055,-0.0006796875000000001
38.668055,6.25e-05
38.672055,0.000328125
38.676055,7.8125e-05
38.680063,-0.0009921875
38.684058,-3.90625e-05
38.688056,0.00046093750000000003
38.692056,9.375e-05
38.696059,-0.0013359375
38.700058,2.34375e-05
38.704056,0.00059375
38.708055,5.46875e-05
38.712055,-0.0018437500000000001
38.716055,0.0
38.720056,0.0007265625
38.724055,-3.90625e-05
38.728055,-0.0021640625
38.732055,-3.90625e-05
38.736055,0.0010859375
38.740056,-7.8125e-06
38.744056,-0.0002734375
38.748056,-7.031250000000001e-05
38.752055,0.0
38.756055,-9.375e-05
38.760057,4.6875e-05
38.764055,-0.0006953125
38.768056,5.46875e-05
38.772056,0.000390625
38.776055,8.59375e-05
38.780055,-0.0009218750000000001
38.784056,-7.031250000000001e-05
38.788056,0.0004765625
38.792055,6.25e-05
38.796055,-0.001421875
38.800056,4.6875e-05
38.804056,0.0006640625
38.808055,9.375e-05
38.812055,-0.001546875
38.816055,-7.8125e-06
38.820055,0.00084375
38.824055,-0.0003046875
38.828055,-0.0022109375000000002
38.832055,0.0
38.836055,0.0010234375
38.840056,-2.34375e-05
38.844055,-1.5625e-05
38.848055,-7.031250000000001e-05
38.852055,8.59375e-05
38.856055,0.0001171875
38.860056,4.6875e-05
38.864055,-0.0010234375
38.868054,7.8125e-06
38.872056,0.0003828125
38.876055,2.34375e-05
38.880055,-0.001015625
38.884055,-5.46875e-05
38.888055,0.000515625
38.892055,9.375e-05
38.896055,-0.0013203125
38.900056,0.0
38.904055,0.0007734375
38.908055,1.5625e-05
38.912055,-0.0016328125
38.916056,5.46875e-05
38.920055,0.0007734375
38.924055,-0.00021875
38.928055,-0.0022343750000000002
38.932055,-6.25e-05
38.936055,0.0009921875
38.940056,-4.6875e-05
38.944055,0.0
38.948055,-7.8125e-05
38.952056,3.90625e-05
38.956055,2.34375e-05
38.960055,6.25e-05
38.964055,-0.0009609375
38.968055,0.0
38.972055,0.000375
38.976055,8.59375e-05
38.980055,-0.00109375
38.984055,1.5625e-05
38.988055,0.0004765625
38.992056,4.6875e-05
38.996055,-0.0011093750000000001
39.000055,3.90625e-05
39.004054,0.000734375
39.008055,3.90625e-05
39.012056,-0.0042421875
39.016055,1.5625e-05
39.020055,0.0007265625
39.024055,0.000265625
39.028055,-0.0021953125
39.032056,0.0001875
39.036055,0.00096875
39.040056,0.0001171875
39.044056,-2.34375e-05
39.048055,-3.125e-05
39.052055,5.46875e-05
39.056055,-7.8125e-06
39.060054,-1.5625e-05
39.064054,-0.00084375
39.068056,-3.125e-05
39.072055,0.0004140625
39.076055,0.0
39.080056,-0.001078125
39.084055,5.46875e-05
39.088055,0.00053125
39.092055,6.25e-05
39.096055,-0.001046875
39.100056,3.90625e-05
39.104055,0.0008046875000000001
39.108055,9.375e-05
39.112055,-0.0044218750000000005
39.116055,7.8125e-06
39.120056,0.00071875
39.124055,0.0001484375
39.128054,-0.00253125
39.132055,7.031250000000001e-05
39.136055,0.00090625
39.140055,0.000171875
39.144055,-5.46875e-05
39.148055,8.59375e-05
39.152055,3.125e-05
39.156055,-0.000125
39.160055,7.8125e-06
39.164056,-0.0008359375
39.168055,0.0
39.172055,0.0004765625
39.176055,2.34375e-05
39.180055,-0.00084375
39.184055,-7.8125e-05
39.188055,0.000515625
39.192055,4.6875e-05
39.196055,-0.0009453125
39.200055,3.90625e-05
39.204055,0.0004453125
39.208055,6.25e-05
39.212055,-0.0017421875
39.216055,-1.5625e-05
39.220055,0.0008203125
39.224055,6.25e-05
39.228055,-0.0021953125
39.232055,-0.00025
39.236055,0.00103125
39.240055,0.0
39.244055,-0.004375
39.248055,-0.0001484375
39.252055,5.46875e-05
39.256055,-7.031250000000001e-05
39.260056,6.25e-05
39.264056,-2.34375e-05
39.268056,-5.46875e-05
39.272055,0.0004296875
39.276055,8.59375e-05
39.280055,-0.001046875
39.284055,7.8125e-06
39.288055,0.0005625000000000001
39.292055,2.34375e-05
39.296055,-0.0011640625
39.300056,-7.031250000000001e-05
39.304055,0.00040625000000000004
39.308055,8.59375e-05
39.312055,-0.0017109375
39.316055,-4.6875e-05
39.320055,0.0007890625
39.324056,3.125e-05
39.328055,-0.00209375
39.332055,-0.00010156250000000001
39.336055,0.00096875
39.340055,-0.0002578125
39.344055,-0.001671875
39.348055,-0.0002421875
39.352055,7.8125e-06
39.356055,-0.0002265625
39.360056,4.6875e-05
39.364055,0.0002265625
39.368055,7.8125e-06
39.372056,0.0003515625
39.376055,3.90625e-05
39.380056,-0.0013203125
39.384055,3.125e-05
39.388056,0.0005234375
39.392055,3.90625e-05
39.396056,-0.0011875
39.400055,-1.5625e-05
39.404055,0.00033593750000000003
39.408055,-3.125e-05
39.412055,-0.001796875
39.416055,3.125e-05
39.420056,0.0009218750000000001
39.424055,4.6875e-05
39.428055,-0.0023515625
39.432055,3.90625e-05
39.436055,0.001015625
39.440055,6.25e-05
39.444055,-0.0019140625
39.448055,-4.6875e-05
39.452055,3.90625e-05
39.456055,4.6875e-05
39.460055,-3.125e-05
39.464055,8.59375e-05
39.468055,-7.8125e-06
39.472055,0.000390625
39.476056,7.8125e-05
39.480055,-0.0011953125
39.484055,7.8125e-06
39.488055,0.0004765625
39.492056,7.031250000000001e-05
39.496055,-0.0011796875
39.500055,1.5625e-05
39.504055,0.0004375
39.508054,2.34375e-05
39.512055,-0.0017734375
39.516056,-3.125e-05
39.520056,0.00090625
39.524056,7.031250000000001e-05
39.528055,-0.0021328125
39.532055,0.00015625
39.536058,0.0009218750000000001
39.540056,0.0002578125
39.544055,-0.0019765625
39.548056,6.25e-05
39.552056,3.90625e-05
39.556056,3.90625e-05
39.560055,6.25e-05
39.564055,5.46875e-05
39.568055,7.8125e-06
39.572055,0.00033593750000000003
39.576055,8.59375e-05
39.580056,-0.0009609375
39.584055,-3.90625e-05
39.588055,0.0005234375
39.592055,2.34375e-05
39.596055,-0.00109375
39.600056,7.8125e-06
39.604055,0.000640625
39.608055,7.8125e-05
39.612055,-0.0019609375
39.616055,-7.8125e-06
39.620055,0.0008359375
39.624055,3.125e-05
39.628055,-0.0022343750000000002
39.632055,7.031250000000001e-05
39.636055,0.0009921875
39.640054,-2.34375e-05
39.644056,-0.001953125
39.648055,-5.46875e-05
39.652055,3.125e-05
39.656055,6.25e-05
39.660055,7.031250000000001e-05
39.664055,-1.5625e-05
39.668055,0.0
39.672055,0.000453125
39.676055,5.46875e-05
39.680064,-0.0009453125
39.684057,1.5625e-05
39.688056,0.0005078125
39.692055,4.6875e-05
39.696059,-0.0010078125
39.700058,4.6875e-05
39.704056,0.0006953125
39.708055,5.46875e-05
39.712055,-0.0013984375
39.716055,3.90625e-05
39.720055,0.000875
39.724055,2.34375e-05
39.728055,-0.002484375
39.732055,1.5625e-05
39.736058,0.000859375
39.740057,-3.125e-05
39.744056,-0.0016484375
39.748056,-0.0002265625
39.752055,0.00096875
39.756055,-0.00021875
39.760056,6.25e-05
39.764055,-2.34375e-05
39.768057,7.8125e-06
39.772056,-0.0001171875
39.776055,7.031250000000001e-05
39.780055,-0.001234375
39.784056,-6.25e-05
39.788055,0.00039843750000000003
39.792055,4.6875e-05
39.796055,-0.0012734375
39.800056,3.125e-05
39.804056,0.0005859375
39.808056,4.6875e-05
39.812056,-0.0016484375
39.816056,3.125e-05
39.820056,0.0009140625
39.824055,9.375e-05
39.828056,-0.0024140625
39.832056,-2.34375e-05
39.836056,0.0008671875
39.840056,-3.125e-05
39.844055,-0.0018203125
39.848055,-5.46875e-05
39.852055,0.0009765625
39.856055,-0.00021875
39.860056,3.125e-05
39.864055,-9.375e-05
39.868055,2.34375e-05
39.872055,4.6875e-05
39.876055,3.90625e-05
39.880056,-0.0011875
39.884055,-3.125e-05
39.888056,0.00040625000000000004
39.892055,7.031250000000001e-05
39.896055,-0.0011093750000000001
39.900056,0.0
39.904055,0.000453125
39.908055,7.031250000000001e-05
39.912055,-0.0018515625000000001
39.916055,1.5625e-05
39.920055,0.000984375
39.924055,6.25e-05
39.928055,-0.0022187500000000002
39.932055,1.5625e-05
39.936058,0.0008671875
39.940057,-7.8125e-05
39.944055,-0.0019765625
39.948055,-8.59375e-05
39.952056,0.00096875
39.956055,2.34375e-05
39.960055,5.46875e-05
39.964055,9.375e-05
39.968055,0.0
39.972055,0.0001875
39.976055,3.125e-05
39.980055,-0.001234375
39.984055,7.8125e-06
39.988055,0.00053125
39.992055,0.000125
39.996055,-0.0012734375
40.000055,-7.8125e-06
40.004083,0.000609375
40.008056,7.8125e-05
40.012055,-0.00165625
40.016055,-3.90625e-05
40.020055,0.00096875
40.024055,8.59375e-05
40.028056,-0.0022031250000000002
40.032055,1.5625e-05
40.036055,0.00096875
40.040056,-1.5625e-05
40.044055,-0.002
40.048055,-7.031250000000001e-05
40.052056,0.00096875
40.056056,1.5625e-05
40.060055,2.34375e-05
40.064055,0.00033593750000000003
40.068055,7.8125e-06
40.072055,0.000265625
40.076055,0.0001171875
40.080055,-0.0012734375
40.084054,-2.34375e-05
40.088054,0.0004296875
40.092055,9.375e-05
40.096055,-0.0012421875
40.100056,6.25e-05
40.104055,0.0005546875000000001
40.108055,7.8125e-06
40.112055,-0.0016328125
40.116055,0.0
40.120055,0.000984375
40.124055,0.000109375
40.128055,-0.00209375
40.132055,7.8125e-06
40.136057,0.000875
40.140057,0.0001640625
40.144056,-0.0022031250000000002
40.148055,0.000109375
40.152054,0.00090625
40.156055,-9.375e-05
40.160055,7.8125e-06
40.164055,3.125e-05
40.168055,-2.34375e-05
40.172055,-0.000109375
40.176055,7.031250000000001e-05
40.180055,-0.001375
40.184055,1.5625e-05
40.188055,0.000546875
40.192055,5.46875e-05
40.196055,-0.0013125
40.200055,-7.8125e-06
40.204055,0.0006328125
40.208055,5.46875e-05
40.212055,-0.0016484375
40.216055,-7.8125e-06
40.220055,0.0010234375
40.224055,4.6875e-05
40.228055,-0.0020234375
40.232055,4.6875e-05
40.236055,0.0006953125
40.240055,0.00010156250000000001
40.244055,-0.0023359375
40.248055,-5.46875e-05
40.252055,0.000875
40.256055,-0.0001796875
40.260056,-0.0021875
40.264056,-0.0003046875
40.268055,2.34375e-05
40.272055,-0.0001328125
40.276055,8.59375e-05
40.280055,-0.000453125
40.284055,3.125e-05
40.288055,0.000546875
40.292055,6.25e-05
40.296055,-0.0011484375
40.300055,5.46875e-05
40.304055,0.0006953125
40.308055,4.6875e-05
40.312055,-0.00146875
40.316055,-3.90625e-05
40.320055,0.0005859375
40.324055,7.8125e-06
40.328055,-0.0021875
40.332055,2.34375e-05
40.336058,0.0007968750000000001
40.340055,3.125e-05
40.344056,-0.002109375
40.348057,-0.00020312500000000002
40.352056,0.0010390625
40.356055,-0.0002109375
40.360056,-0.00190625
40.364055,-0.0001640625
40.368055,6.25e-05
40.372055,9.375e-05
40.376055,8.59375e-05
40.380056,-0.000390625
40.384055,1.5625e-05
40.388055,0.0005
40.392055,3.90625e-05
40.396056,-0.001203125
40.400055,2.34375e-05
40.404055,0.00071875
40.408055,7.8125e-05
40.412055,-0.001484375
40.416055,4.6875e-05
40.420055,0.0006484375
40.424055,7.8125e-05
40.428055,-0.0021015625
40.432055,-5.46875e-05
40.436056,0.0008203125
40.440055,7.031250000000001e-05
40.444055,-0.002015625
40.448055,-0.0001796875
40.452055,0.000984375
40.456055,-0.0001640625
40.460056,-0.0028125
40.464055,-0.00015625
40.468055,-1.5625e-05
40.472055,0.000265625
40.476055,6.25e-05
40.480055,-0.0001953125
40.484055,5.46875e-05
40.488055,0.0003828125
40.492055,0.00010156250000000001
40.496055,-0.001296875
40.500055,7.031250000000001e-05
40.504055,0.0006171875
40.508055,4.6875e-05
40.512055,-0.00146875
40.516055,2.34375e-05
40.520055,0.0005625000000000001
40.524055,3.125e-05
40.528055,-0.0019609375
40.532055,0.0
40.536058,0.00075
40.540057,7.8125e-05
40.544056,-0.002296875
40.548055,0.0
40.552055,0.0010390625
40.556055,-1.5625e-05
40.560055,-0.0018515625000000001
40.564055,8.59375e-05
40.568055,3.90625e-05
40.572056,0.000109375
40.576055,7.8125e-05
40.580055,-0.0001484375
40.584055,-2.34375e-05
40.588055,0.0003671875
40.592055,0.000109375
40.596055,-0.001484375
40.600056,5.46875e-05
40.604056,0.00053125
40.608055,0.00010156250000000001
40.612055,-0.001484375
40.616055,1.5625e-05
40.620055,0.000625
40.624055,5.46875e-05
40.628056,-0.0017265625
40.632055,3.125e-05
40.636056,0.000734375
40.640055,6.25e-05
40.644055,-0.00209375
40.648055,0.0
40.652055,0.0007578125
40.656055,0.0002109375
40.660054,-0.0018828125
40.664055,0.00010156250000000001
40.668055,-2.34375e-05
40.672055,-9.375e-05
40.676055,4.6875e-05
40.680065,-0.0003671875
40.684058,7.8125e-06
40.688056,0.0005625000000000001
40.692055,4.6875e-05
40.696059,-0.0012265625
40.700057,-1.5625e-05
40.704056,0.0007421875
40.708055,2.34375e-05
40.712055,-0.0014296875
40.716055,3.125e-05
40.720055,0.0006015625
40.724055,2.34375e-05
40.728055,-0.0019296875
40.732055,-0.00010156250000000001
40.736058,0.0007421875
40.740057,-7.8125e-06
40.744059,-0.0020859375
40.748057,-3.125e-05
40.752055,0.000953125
40.756055,-0.0001484375
40.760056,-0.001921875
40.764055,-0.0002109375
40.768057,0.001078125
40.772056,1.5625e-05
40.776056,1.5625e-05
40.780055,-0.0002734375
40.784056,7.8125e-06
40.788055,-7.8125e-06
40.792055,3.125e-05
40.796055,-0.001171875
40.800056,3.90625e-05
40.804056,0.0005546875000000001
40.808055,9.375e-05
40.812055,-0.0013671875000000001
40.816055,5.46875e-05
40.820055,0.000578125
40.824055,9.375e-05
40.828055,-0.001296875
40.832056,-6.25e-05
40.836056,0.0008046875000000001
40.840055,3.125e-05
40.844056,-0.00203125
40.848055,2.34375e-05
40.852055,0.0009765625
40.856055,-0.00025
40.860056,-0.0016796875
40.864055,-0.00021875
40.868055,0.0010546875
40.872055,7.8125e-06
40.876055,7.8125e-05
40.880055,-0.0003828125
40.884055,7.8125e-06
40.888056,0.00020312500000000002
40.892055,0.0001171875
40.896055,-0.0014140625
40.900056,5.46875e-05
40.904055,0.0006015625
40.908055,8.59375e-05
40.912055,-0.0016250000000000001
40.916054,-3.125e-05
40.920055,0.000484375
40.924055,4.6875e-05
40.928055,-0.001453125
40.932055,7.8125e-06
40.936057,0.0008828125
40.940056,5.46875e-05
40.944055,-0.0022343750000000002
40.948056,0.0
40.952055,0.0009765625
40.956055,-0.00015625
40.960056,-0.001765625
40.964056,-0.00034375
40.968055,0.0011093750000000001
40.972055,7.031250000000001e-05
40.976055,7.031250000000001e-05
40.980055,-0.0002265625
40.984055,-3.125e-05
40.988055,0.0002734375
40.992055,0.000109375
40.996055,-0.00140625
41.000055,8.59375e-05
41.004055,0.00059375
41.008056,7.031250000000001e-05
41.012056,-0.0015078125
41.016054,7.8125e-06
41.020056,0.0004375
41.024056,5.46875e-05
41.028055,-0.0015703125
41.032055,2.34375e-05
41.036055,0.0009453125
41.040055,3.125e-05
41.044056,-0.0020546875
41.048055,-1.5625e-05
41.052055,0.0009218750000000001
41.056055,9.375e-05
41.060055,-0.002
41.064055,2.34375e-05
41.068055,0.0010625
41.072056,0.00028125000000000003
41.076056,0.00010156250000000001
41.080055,-0.0001328125
41.084055,-3.90625e-05
41.088055,3.90625e-05
41.092055,7.8125e-05
41.096055,-0.0016015625000000001
41.100055,4.6875e-05
41.104055,0.0005546875000000001
41.108054,7.031250000000001e-05
41.112054,-0.0016093750000000001
41.116055,7.8125e-06
41.120055,0.0005
41.124055,6.25e-05
41.128055,-0.0016171875000000001
41.132055,-1.5625e-05
41.136057,0.00090625
41.140057,7.031250000000001e-05
41.144056,-0.0044453125000000005
41.148056,2.34375e-05
41.152055,0.0009765625
41.156056,0.0001875
41.160055,-0.0041015625
41.164055,-0.000109375
41.168055,0.0010859375
41.172054,6.25e-05
41.176054,6.25e-05
41.180055,-0.000328125
41.184055,2.34375e-05
41.188055,0.00020312500000000002
41.192055,5.46875e-05
41.196055,-0.0016171875000000001
41.200055,2.34375e-05
41.204055,0.000625
41.208055,0.0001171875
41.212055,-0.0014296875
41.216055,0.0
41.220055,0.0005390625
41.224055,8.59375e-05
41.228055,-0.0013828125
41.232055,-7.8125e-06
41.236055,0.00090625
41.240055,0.00010156250000000001
41.244055,-0.0022187500000000002
41.248055,-3.90625e-05
41.252055,0.000859375
41.256055,2.34375e-05
41.260055,-0.0019140625
41.264056,-0.0002109375
41.268056,0.0010546875
41.272055,-1.5625e-05
41.276055,-0.0035546875
41.280055,-0.000390625
41.284056,3.90625e-05
41.288055,0.0001171875
41.292055,0.000109375
41.296055,-0.0004140625
41.300056,3.125e-05
41.304056,0.000546875
41.308055,5.46875e-05
41.312055,-0.0015625
41.316055,4.6875e-05
41.320055,0.000578125
41.324055,4.6875e-05
41.328055,-0.0015546875
41.332055,-5.46875e-05
41.336058,0.0006484375
41.340057,3.90625e-05
41.344055,-0.00409375
41.348056,-7.8125e-06
41.352055,0.000828125
41.356055,5.46875e-05
41.360055,-0.0017890625
41.364055,-0.000375
41.368055,0.000890625
41.372056,-0.00015625
41.376055,-0.0034921875
41.380056,-0.0005234375
41.384055,2.34375e-05
41.388056,0.00014062500000000002
41.392055,8.59375e-05
41.396055,-0.000390625
41.400056,9.375e-05
41.404055,0.0006796875000000001
41.408055,6.25e-05
41.412055,-0.0011484375
41.416055,5.46875e-05
41.420056,0.0006484375
41.424055,6.25e-05
41.428055,-0.001328125
41.432056,0.0
41.436055,0.0006484375
41.440055,4.6875e-05
41.444055,-0.0038984375
41.448055,-3.90625e-05
41.452055,0.000953125
41.456055,5.46875e-05
41.460055,-0.0018437500000000001
41.464055,-0.0002265625
41.468055,0.0012578125
41.472056,5.46875e-05
41.476055,-0.0037265625000000003
41.480055,-0.000328125
41.484055,2.34375e-05
41.488055,0.0002734375
41.492055,9.375e-05
41.496055,-0.00034375
41.500056,-7.8125e-06
41.504055,0.000703125
41.508054,8.59375e-05
41.512055,-0.0014453125
41.516055,4.6875e-05
41.520055,0.00053125
41.524055,3.90625e-05
41.528054,-0.0016171875000000001
41.532056,-7.031250000000001e-05
41.536057,0.0005703125
41.540056,0.0
41.544056,-0.0019453125
41.548056,-4.6875e-05
41.552055,0.00096875
41.556055,3.90625e-05
41.560055,-0.0018359375000000001
41.564056,-0.0001171875
41.568055,0.001390625
41.572055,0.0003671875
41.576055,-0.0011171875000000001
41.580055,-0.0001640625
41.584055,8.59375e-05
41.588055,0.000421875
41.592054,8.59375e-05
41.596055,-0.00025
41.600055,3.125e-05
41.604056,0.0006953125
41.608055,3.125e-05
41.612055,-0.0013593750000000001
41.616055,1.5625e-05
41.620055,0.0006328125
41.624055,8.59375e-05
41.628055,-0.0015234375
41.632055,1.5625e-05
41.636055,0.00065625
41.640056,9.375e-05
41.644055,-0.0020703125
41.648055,3.125e-05
41.652055,0.0009921875
41.656055,6.25e-05
41.660056,-0.001921875
41.664055,-0.00014062500000000002
41.668055,0.0013125
41.672055,8.59375e-05
41.676055,-0.001265625
41.680063,-0.0001953125
41.684057,2.34375e-05
41.688055,0.00020312500000000002
41.692056,0.000125
41.696059,-0.0002265625
41.700057,7.8125e-06
41.704056,0.00065625
41.708055,3.90625e-05
41.712055,-0.00140625
41.716055,-3.90625e-05
41.720055,0.0005
41.724055,7.8125e-05
41.728055,-0.001734375
41.732055,7.031250000000001e-05
41.736058,0.0005625000000000001
41.740057,6.25e-05
41.744056,-0.0019453125
41.748055,7.8125e-06
41.752055,0.0008671875
41.756055,7.031250000000001e-05
41.760057,-0.0019921875
41.764055,-6.25e-05
41.768056,0.001078125
41.772055,-7.8125e-06
41.776055,-0.0010703125
41.780055,-0.00039843750000000003
41.784055,0.000484375
41.788056,-5.46875e-05
41.792055,0.00010156250000000001
41.796055,-0.0004765625
41.800055,-1.5625e-05
41.804056,8.59375e-05
41.808055,4.6875e-05
41.812055,-0.0013203125
41.816055,0.0
41.820055,0.0006328125
41.824055,9.375e-05
41.828055,-0.0015390625
41.832055,-7.031250000000001e-05
41.836055,0.000703125
41.840055,-2.34375e-05
41.844055,-0.0017890625
41.848055,-3.125e-05
41.852055,0.0009609375
41.856055,0.00010156250000000001
41.860055,-0.002046875
41.864055,-7.031250000000001e-05
41.868055,0.0011875
41.872055,-7.8125e-06
41.876055,-0.001140625
41.880055,-0.00046093750000000003
41.884055,0.0005078125
41.888055,5.46875e-05
41.892055,6.25e-05
41.896055,-0.00046093750000000003
41.900056,0.0
41.904055,0.000125
41.908055,6.25e-05
41.912055,-0.0014375
41.916055,-0.0001171875
41.920055,0.0006171875
41.924055,9.375e-05
41.928055,-0.0014609375
41.932055,-1.5625e-05
41.936058,0.00059375
41.940056,1.5625e-05
41.944055,-0.001703125
41.948056,-3.90625e-05
41.952055,0.00096875
41.956055,5.46875e-05
41.960055,-0.0019296875
41.964055,-7.031250000000001e-05
41.968055,0.0010859375
41.972056,-3.125e-05
41.976055,-0.00096875
41.980056,-0.0003125
41.984055,0.0005078125
41.988055,0.000234375
41.992055,0.0001171875
41.996055,-0.00028125000000000003
42.000055,3.125e-05
42.004055,0.00028125000000000003
42.008055,5.46875e-05
42.012056,-0.0016484375
42.016055,-7.8125e-06
42.020056,0.0005234375
42.024055,0.000109375
42.028055,-0.00178125
42.032055,-4.6875e-05
42.036055,0.000640625
42.040055,7.8125e-05
42.044055,-0.0019296875
42.048056,4.6875e-05
42.052055,0.001046875
42.056055,6.25e-05
42.060055,-0.001921875
42.064055,-1.5625e-05
42.068055,0.0009296875000000001
42.072055,0.00010156250000000001
42.076055,-0.001015625
42.080055,-0.000484375
42.084056,0.000515625
42.088055,0.000265625
42.092056,0.0001171875
42.096056,-0.000171875
42.100056,1.5625e-05
42.104055,0.0004453125
42.108055,8.59375e-05
42.112055,-0.0013828125
42.116055,-2.34375e-05
42.120056,0.0004921875
42.124055,8.59375e-05
42.128055,-0.0018437500000000001
42.132054,5.46875e-05
42.136057,0.000640625
42.140057,6.25e-05
42.144055,-0.0017734375
42.148056,5.46875e-05
42.152055,0.0010859375
42.156055,1.5625e-05
42.160056,-0.0015937500000000001
42.164055,-7.031250000000001e-05
42.168055,0.00096875
42.172055,0.00021875
42.176055,-0.001234375
42.180055,-0.00015625
42.184055,0.0004921875
42.188055,0.00014062500000000002
42.192055,0.000109375
42.196054,-0.00046875
42.200055,-3.90625e-05
42.204055,0.000234375
42.208055,0.0001171875
42.212055,-0.001640625
42.216055,5.46875e-05
42.220055,0.000453125
42.224055,0.000109375
42.228055,-0.0016484375
42.232055,-3.90625e-05
42.236055,0.0006328125
42.240055,-3.125e-05
42.244055,-0.0019296875
42.248055,-7.8125e-06
42.252055,0.0010625
42.256055,4.6875e-05
42.260055,-0.001484375
42.264055,3.90625e-05
42.268055,0.0007265625
42.272063,2.34375e-05
42.276057,-0.0011953125
42.280056,-0.000125
42.284062,0.000453125
42.288057,0.000171875
42.292055,-0.000828125
42.296055,-0.00046093750000000003
42.300055,2.34375e-05
42.304055,0.0001953125
42.308055,0.00010156250000000001
42.312055,-0.0008515625
42.316055,2.34375e-05
42.320055,0.0006796875000000001
42.324055,8.59375e-05
42.328055,-0.001375
42.332056,5.46875e-05
42.336057,0.0006875
42.340057,2.34375e-05
42.344057,-0.001765625
42.348056,-3.125e-05
42.352056,0.0007968750000000001
42.356055,5.46875e-05
42.360054,-0.001671875
42.364056,-4.6875e-05
42.368055,0.0005078125
42.372055,7.8125e-05
42.376055,-0.0011093750000000001
42.380056,-0.0005625000000000001
42.384055,0.0004921875
42.388055,5.46875e-05
42.392055,-0.0007968750000000001
42.396055,-0.0005078125
42.400055,1.5625e-05
42.404055,0.000328125
42.408055,9.375e-05
42.412055,-0.00084375
42.416055,3.125e-05
42.420055,0.0006328125
42.424055,0.000125
42.428055,-0.0015625
42.432055,7.8125e-06
42.436055,0.000640625
42.440055,3.90625e-05
42.444055,-0.003953125
42.448055,7.8125e-06
42.452055,0.00090625
42.456055,7.8125e-06
42.460055,-0.0041953125
42.464055,0.0
42.468055,0.00053125
42.472055,3.125e-05
42.476055,-0.0010703125
42.480055,-0.0004921875
42.484055,0.0004296875
42.488055,-4.6875e-05
42.492055,-0.0005859375
42.496055,-0.0006484375
42.500055,1.5625e-05
42.504055,0.000328125
42.508055,0.00010156250000000001
42.512055,-0.000859375
42.516055,1.5625e-05
42.520055,0.000625
42.524055,3.90625e-05
42.528055,-0.0017890625
42.532058,-3.125e-05
42.536058,0.0006484375
42.540056,7.031250000000001e-05
42.544055,-0.0018437500000000001
42.548055,7.8125e-06
42.552055,0.00084375
42.556056,2.34375e-05
42.560055,-0.0037578125
42.564056,-3.90625e-05
42.568055,0.0005625000000000001
42.572056,7.031250000000001e-05
42.576056,-0.00115625
42.580056,-0.000421875
42.584055,0.00046875
42.588055,0.00010156250000000001
42.592055,-0.0007734375
42.596055,-0.0005546875000000001
42.600056,3.125e-05
42.604056,0.00034375
42.608055,0.00014062500000000002
42.612054,-0.00075
42.616055,0.0
42.620056,0.000609375
42.624055,8.59375e-05
42.628055,-0.0016171875000000001
42.632056,9.375e-05
42.636055,0.0006640625
42.640056,5.46875e-05
42.644054,-0.001921875
42.648056,-2.34375e-05
42.652056,0.0007968750000000001
42.656056,9.375e-05
42.660056,-0.0036015625
42.664055,-4.6875e-05
42.668055,0.0005546875000000001
42.672055,-7.8125e-06
42.676056,-0.0009453125
42.680063,-0.0002109375
42.684058,0.0003515625
42.688056,0.0004296875
42.692055,-0.0008671875
42.696059,-0.0004375
42.700058,-7.8125e-06
42.704055,0.00028125000000000003
42.708055,0.0001171875
42.712055,-0.0007421875
42.716056,0.0
42.720056,0.0006015625
42.724056,8.59375e-05
42.728055,-0.0017578125
42.732055,-7.8125e-06
42.736055,0.0006484375
42.740056,8.59375e-05
42.744055,-0.0019375
42.748056,3.125e-05
42.752055,0.0007968750000000001
42.756055,4.6875e-05
42.760056,-0.0036953125000000002
42.764058,0.0
42.768056,0.00046875
42.772055,2.34375e-05
42.776055,-0.0011875
42.780055,-0.000265625
42.784055,0.00046875
42.788055,0.000171875
42.792055,-0.0005703125
42.796055,-0.0006015625
42.800055,9.375e-05
42.804056,0.000328125
42.808056,7.8125e-05
42.812055,-0.000734375
42.816055,-2.34375e-05
42.820055,0.00034375
42.824055,0.000109375
42.828055,-0.0019375
42.832055,5.46875e-05
42.836055,0.0006718750000000001
42.840056,6.25e-05
42.844055,-0.0018593750000000001
42.848055,-3.90625e-05
42.852055,0.0007968750000000001
42.856055,3.90625e-05
42.860056,-0.0012578125
42.864055,7.8125e-06
42.868055,0.0004375
42.872055,-0.00014062500000000002
42.876055,-0.0011093750000000001
42.880055,-7.031250000000001e-05
42.884055,0.00040625000000000004
42.888055,4.6875e-05
42.892055,-0.000625
42.896055,-0.0007968750000000001
42.900055,0.00065625
42.904055,0.0003203125
42.908055,0.000125
42.912055,-0.0008671875
42.916055,1.5625e-05
42.920056,0.00025
42.924055,0.00010156250000000001
42.928055,-0.001515625
42.932055,-7.8125e-06
42.936055,0.000765625
42.940055,6.25e-05
42.944055,-0.002
42.948055,-1.5625e-05
42.952055,0.00078125
42.956055,7.8125e-05
42.960055,-0.0015937500000000001
42.964055,3.125e-05
42.968055,0.000515625
42.972055,-5.46875e-05
42.976055,-0.000953125
42.980055,0.0001328125
42.984055,0.00040625000000000004
42.988055,0.00015625
42.992055,-0.0005625000000000001
42.996055,-0.00075
43.000055,0.000765625
43.004055,0.00033593750000000003
43.008055,2.34375e-05
43.012055,-0.0007890625
43.016055,7.031250000000001e-05
43.020055,0.0003125
43.024055,6.25e-05
43.028055,-0.0015078125
43.032055,3.125e-05
43.036055,0.0008828125
43.040056,7.031250000000001e-05
43.044055,-0.0018828125
43.048055,-3.125e-05
43.052055,0.0008046875000000001
43.056055,9.375e-05
43.060055,-0.001578125
43.064055,4.6875e-05
43.068055,0.0005
43.072055,0.0001484375
43.076055,-0.000828125
43.080055,0.00033593750000000003
43.084055,0.000484375
43.088055,0.0001953125
43.092055,-0.0005078125
43.096055,-0.0006640625
43.100056,0.0007421875
43.104056,0.0004140625
43.108055,0.000125
43.112056,-0.0007265625
43.116055,-3.90625e-05
43.120055,0.0002890625
43.124055,0.00010156250000000001
43.128055,-0.001703125
43.132055,-7.8125e-06
43.136055,0.0007734375
43.140055,4.6875e-05
43.144055,-0.0021171875
43.148055,-3.125e-05
43.152055,0.0007734375
43.156054,3.125e-05
43.160055,-0.0014453125
43.164056,-1.5625e-05
43.168055,0.000515625
43.172055,-1.5625e-05
43.176055,-0.0009765625
43.180055,0.00033593750000000003
43.184055,0.0005
43.188055,0.000234375
43.192055,-0.000640625
43.196055,-0.000703125
43.200055,0.0007890625
43.204056,0.0004140625
43.208055,0.000109375
43.212055,-0.0005546875000000001
43.216055,3.125e-05
43.220054,0.0004453125
43.224055,9.375e-05
43.228055,-0.0015703125
43.232056,7.8125e-06
43.236055,0.00065625
43.240055,8.59375e-05
43.244055,-0.0018437500000000001
43.248055,-2.34375e-05
43.252056,0.0006953125
43.256055,0.0001171875
43.260055,-0.001640625
43.264055,1.5625e-05
43.268056,0.0005546875000000001
43.272057,-5.46875e-05
43.276056,-0.0010234375
43.280055,-5.46875e-05
43.284056,0.0004375
43.288055,0.000359375
43.292055,-0.001046875
43.296055,-0.00046093750000000003
43.300055,0.00065625
43.304056,0.000453125
43.308055,8.59375e-05
43.312055,-0.0006640625
43.316055,2.34375e-05
43.320055,0.0004296875
43.324055,0.000125
43.328055,-0.0016875
43.332055,5.46875e-05
43.336055,0.0007734375
43.340056,5.46875e-05
43.344056,-0.0019765625
43.348055,-3.90625e-05
43.352055,0.0006953125
43.356055,7.031250000000001e-05
43.360055,-0.0016328125
43.364055,-3.125e-05
43.368055,0.000703125
43.372055,-0.0001328125
43.376056,-0.0009296875000000001
43.380055,7.031250000000001e-05
43.384055,0.00040625000000000004
43.388055,-0.00015625
43.392055,-0.0008515625
43.396056,-0.0005
43.400055,0.00046875
43.404055,0.0002734375
43.408055,4.6875e-05
43.412055,-0.0005625000000000001
43.416055,7.8125e-06
43.420055,0.0002578125
43.424055,0.000109375
43.428055,-0.0009609375
43.432055,-3.90625e-05
43.436055,0.000703125
43.440055,-7.8125e-06
43.444055,-0.0018437500000000001
43.448055,-6.25e-05
43.452056,0.0007890625
43.456055,7.8125e-06
43.460055,-0.0015625
43.464055,-2.34375e-05
43.468055,0.0007734375
43.472055,-0.0002421875
43.476055,-0.0011640625
43.480055,-7.031250000000001e-05
43.484055,0.00046093750000000003
43.488055,-0.0002265625
43.492055,-0.000765625
43.496055,-0.000609375
43.500055,0.0008125000000000001
43.504055,0.0003515625
43.508055,4.6875e-05
43.512055,-0.0006875
43.516056,-7.8125e-05
43.520056,0.00039843750000000003
43.524055,0.0001171875
43.528055,-0.00084375
43.532055,2.34375e-05
43.536057,0.0007734375
43.540055,7.8125e-05
43.544055,-0.0020625
43.548056,7.8125e-06
43.552056,0.0008125000000000001
43.556055,0.000109375
43.560055,-0.0015546875
43.564056,5.46875e-05
43.568055,0.000828125
43.572055,-0.00021875
43.576056,-0.0009765625
43.580056,-0.00010156250000000001
43.584055,0.000375
43.588055,-0.0002109375
43.592055,-0.0008671875
43.596055,-0.000765625
43.600055,0.0006796875000000001
43.604055,0.0003515625
43.608055,7.8125e-06
43.612056,-0.0007890625
43.616055,0.0
43.620055,0.0003125
43.624055,8.59375e-05
43.628055,-0.0008515625
43.632055,1.5625e-05
43.636054,0.0007968750000000001
43.640054,-2.34375e-05
43.644055,-0.00175
43.648055,1.5625e-05
43.652056,0.00075
43.656055,0.000109375
43.660055,-0.0016093750000000001
43.664055,-1.5625e-05
43.668055,0.000703125
43.672055,-1.5625e-05
43.676055,-0.000828125
43.680063,0.0001328125
43.684058,0.0005078125
43.688056,0.000109375
43.692055,-0.0007265625
43.696059,-0.0008203125
43.700058,0.0007890625
43.704056,0.0003125
43.708055,0.0
43.712055,-0.0006484375
43.716055,6.25e-05
43.720056,0.000359375
43.724055,0.0001171875
43.728055,-0.0007421875
43.732054,5.46875e-05
43.736055,0.0008203125
43.740056,8.59375e-05
43.744056,-0.0019375
43.748056,5.46875e-05
43.752055,0.0007734375
43.756055,7.8125e-05
43.760056,-0.0016875
43.764057,7.8125e-05
43.768056,0.00075
43.772056,3.90625e-05
43.776056,-0.00078125
43.780055,0.000328125
43.784056,0.000484375
43.788055,0.0001640625
43.792055,-0.000578125
43.796055,-0.000828125
43.800056,0.00075
43.804055,0.000265625
43.808055,3.125e-05
43.812055,-0.000578125
43.816055,-8.59375e-05
43.820056,0.0003203125
43.824055,0.000109375
43.828056,-0.0008515625
43.832055,1.5625e-05
43.836055,0.000765625
43.840056,7.031250000000001e-05
43.844055,-0.0021484375
43.848055,-7.8125e-06
43.852055,0.000640625
43.856055,6.25e-05
43.860056,-0.0017109375
43.864055,0.0
43.868055,0.0007421875
43.872055,7.8125e-05
43.876056,-0.000953125
43.880056,0.00015625
43.884055,0.00046093750000000003
43.888055,-6.25e-05
43.892055,-0.0007968750000000001
43.896055,-0.000890625
43.900056,0.0006640625
43.904055,0.0002890625
43.908055,3.90625e-05
43.912055,-0.0005
43.916056,5.46875e-05
43.920055,0.000453125
43.924055,0.000125
43.928055,-0.0010234375
43.932055,6.25e-05
43.936056,0.0004375
43.940055,8.59375e-05
43.944055,-0.002078125
43.948055,6.25e-05
43.952055,0.0006484375
43.956055,8.59375e-05
43.960055,-0.0018593750000000001
43.964055,7.8125e-05
43.968055,0.0006328125
43.972055,6.25e-05
43.976055,-0.0020234375
43.980055,0.000265625
43.984055,0.00046093750000000003
43.988055,3.90625e-05
43.992056,-0.0007421875
43.996055,-0.000125
44.000056,0.0004296875
44.004055,0.00034375
44.008054,-5.46875e-05
44.012055,-0.0007265625
44.016055,5.46875e-05
44.020056,0.00039843750000000003
44.024055,9.375e-05
44.028055,-0.00096875
44.032055,-1.5625e-05
44.036055,0.0003203125
44.040055,3.90625e-05
44.044055,-0.00196875
44.048055,4.6875e-05
44.052056,0.0006875
44.056055,2.34375e-05
44.060055,-0.0018046875
44.064055,5.46875e-05
44.068056,0.000859375
44.072055,0.0
44.076055,-0.0019921875
44.080055,-3.125e-05
44.084055,0.0005078125
44.088055,-0.000125
44.092055,-0.000703125
44.096055,-5.46875e-05
44.100055,0.000484375
44.104055,0.0004140625
44.108055,7.8125e-06
44.112055,-0.0006171875
44.116055,-1.5625e-05
44.120055,0.0004296875
44.124055,0.0001171875
44.128055,-0.000859375
44.132056,-2.34375e-05
44.136055,0.0004375
44.140055,7.8125e-06
44.144055,-0.001953125
44.148055,-3.125e-05
44.152055,0.0006328125
44.156056,-1.5625e-05
44.160056,-0.0016796875
44.164055,3.90625e-05
44.168055,0.0007578125
44.172055,-0.0002890625
44.176055,-0.00175
44.180054,-0.0003125
44.184054,0.00039843750000000003
44.188055,-0.00028125000000000003
44.192055,-0.0008359375
44.196055,-0.0003125
44.200055,0.0004140625
44.204055,0.0002734375
44.208055,3.90625e-05
44.212055,-0.0008984375
44.216055,5.46875e-05
44.220055,0.00033593750000000003
44.224055,3.90625e-05
44.228055,-0.0011250000000000001
44.232055,3.125e-05
44.236056,0.0004140625
44.240055,0.0001171875
44.244055,-0.0018593750000000001
44.248054,-5.46875e-05
44.252055,0.0007578125
44.256055,4.6875e-05
44.260055,-0.0019921875
44.264057,-1.5625e-05
44.268056,0.0007734375
44.272055,-0.00015625
44.276055,-0.0018593750000000001
44.280055,-2.34375e-05
44.284055,0.0003671875
44.288055,-7.031250000000001e-05
44.292055,-0.0008125000000000001
44.296055,-0.0001484375
44.300055,0.000390625
44.304055,0.000375
44.308055,2.34375e-05
44.312055,-0.000734375
44.316055,3.125e-05
44.320055,0.00034375
44.324056,6.25e-05
44.328055,-0.000984375
44.332055,0.0
44.336055,0.000453125
44.340056,5.46875e-05
44.344056,-0.00175
44.348055,-7.8125e-06
44.352055,0.0006484375
44.356055,0.00010156250000000001
44.360055,-0.001921875
44.364055,6.25e-05
44.368055,0.0007968750000000001
44.372055,-7.031250000000001e-05
44.376055,-0.0018593750000000001
44.380055,9.375e-05
44.384055,0.0005078125
44.388055,0.000171875
44.392055,-0.00046093750000000003
44.396055,0.0001484375
44.400056,0.0005
44.404055,0.000296875
44.408055,2.34375e-05
44.412055,-0.00090625
44.416055,2.34375e-05
44.420056,0.0003828125
44.424055,0.0001171875
44.428055,-0.001078125
44.432055,1.5625e-05
44.436056,0.000328125
44.440055,6.25e-05
44.444055,-0.0023125
44.448055,-7.031250000000001e-05
44.452055,0.0006796875000000001
44.456055,7.031250000000001e-05
44.460055,-0.0021015625
44.464055,5.46875e-05
44.468055,0.0007968750000000001
44.472055,0.0
44.476055,-0.0021171875
44.480055,-7.8125e-05
44.484055,0.00059375
44.488055,0.0001875
44.492056,-0.000484375
44.496055,5.46875e-05
44.500056,0.00046875
44.504055,0.000359375
44.508054,6.25e-05
44.512056,-0.0007265625
44.516055,1.5625e-05
44.520055,0.00025
44.524055,9.375e-05
44.528055,-0.000875
44.532055,-7.8125e-06
44.536055,0.00040625000000000004
44.540055,8.59375e-05
44.544057,-0.001078125
44.548056,7.8125e-05
44.552055,0.000609375
44.556055,1.5625e-05
44.560055,-0.0018203125
44.564056,3.90625e-05
44.568055,0.000765625
44.572055,0.0001796875
44.576055,-0.002078125
44.580056,0.0001953125
44.584056,0.0010234375
44.588055,0.0001875
44.592055,-0.000609375
44.596055,0.000109375
44.600055,0.00039843750000000003
44.604056,-2.34375e-05
44.608055,7.8125e-06
44.612055,-0.0009375
44.616055,-5.46875e-05
44.620055,0.0003203125
44.624055,5.46875e-05
44.628055,-0.0011250000000000001
44.632055,0.0
44.636055,0.000375
44.640055,7.031250000000001e-05
44.644055,-0.001296875
44.648055,-7.8125e-06
44.652055,0.0007265625
44.656055,0.000125
44.660055,-0.0020078125
44.664055,-3.90625e-05
44.668055,0.0007890625
44.672055,0.000171875
44.676055,-0.0021796875
44.680064,0.0002109375
44.684058,0.0009453125
44.688056,0.0001328125
44.692055,-0.0005234375
44.696059,0.0001484375
44.700057,0.000234375
44.704056,6.25e-05
44.708055,4.6875e-05
44.712055,-0.0006640625
44.716055,7.8125e-06
44.720056,0.000390625
44.724055,4.6875e-05
44.728055,-0.0006328125
44.732055,0.0
44.736055,0.00059375
44.740057,7.8125e-05
44.744055,-0.0009765625
44.748055,-1.5625e-05
44.752056,0.000578125
44.756055,8.59375e-05
44.760056,-0.0018359375000000001
44.764056,2.34375e-05
44.768055,0.0008046875000000001
44.772055,-0.0001796875
44.776055,-0.0020078125
44.780056,-1.5625e-05
44.784056,0.0009921875
44.788056,-7.031250000000001e-05
44.792055,-0.000453125
44.796055,-0.00015625
44.800056,7.8125e-05
44.804056,2.34375e-05
44.808055,-7.8125e-06
44.812055,-0.0007968750000000001
44.816056,1.5625e-05
44.820055,0.0003515625
44.824055,8.59375e-05
44.828055,-0.0010078125
44.832056,-3.90625e-05
44.836056,0.0004375
44.840056,0.000125
44.844055,-0.0011875
44.848055,-1.5625e-05
44.852055,0.00046093750000000003
44.856055,4.6875e-05
44.860056,-0.0019140625
44.864056,0.0
44.868055,0.0008359375
44.872056,-0.0001875
44.876055,-0.0018359375000000001
44.880056,-0.0001171875
44.884056,0.0010859375
44.888055,-0.0002734375
44.892056,-0.0005625000000000001
44.896055,-0.000234375
44.900056,0.00010156250000000001
44.904055,-0.0001953125
44.908055,3.125e-05
44.912055,-0.0008125000000000001
44.916055,2.34375e-05
44.920055,0.000453125
44.924055,1.5625e-05
44.928055,-0.0011875
44.932055,4.6875e-05
44.936055,0.0004921875
44.940056,4.6875e-05
44.944055,-0.0011640625
44.948056,7.8125e-06
44.952056,0.0007265625
44.956055,5.46875e-05
44.960055,-0.0018828125
44.964055,3.90625e-05
44.968055,0.000828125
44.972055,-0.0001953125
44.976055,-0.0043203125
44.980055,-9.375e-05
44.984055,0.001046875
44.988055,7.031250000000001e-05
44.992055,-0.000296875
44.996055,6.25e-05
45.000056,0.0001171875
45.004084,-7.8125e-06
45.008056,7.031250000000001e-05
45.012055,-0.000828125
45.016055,-3.125e-05
45.020056,0.00034375
45.024056,5.46875e-05
45.028055,-0.0011093750000000001
45.032055,2.34375e-05
45.036055,0.000390625
45.040056,7.8125e-05
45.044056,-0.0012890625
45.048055,3.90625e-05
45.052055,0.0006796875000000001
45.056055,7.031250000000001e-05
45.060055,-0.00178125
45.064055,0.0
45.068055,0.000828125
45.072055,-7.031250000000001e-05
45.076055,-0.001953125
45.080055,-6.25e-05
45.084056,0.001046875
45.088055,7.8125e-05
45.092056,-0.001875
45.096055,5.46875e-05
45.100056,0.000125
45.104055,7.031250000000001e-05
45.108055,8.59375e-05
45.112055,0.00010156250000000001
45.116055,0.0
45.120055,0.0004375
45.124056,5.46875e-05
45.128055,-0.000859375
45.132055,-2.34375e-05
45.136055,0.0006328125
45.140056,5.46875e-05
45.144055,-0.0009296875000000001
45.148056,-2.34375e-05
45.152056,0.0005625000000000001
45.156055,9.375e-05
45.160056,-0.0017890625
45.164056,-7.031250000000001e-05
45.168055,0.0007265625
45.172055,3.125e-05
45.176056,-0.0022031250000000002
45.180056,2.34375e-05
45.184055,0.001046875
45.188055,7.031250000000001e-05
45.192056,-0.0021015625
45.196055,7.8125e-06
45.200055,-1.5625e-05
45.204054,0.0001875
45.208054,4.6875e-05
45.212056,6.25e-05
45.216055,2.34375e-05
45.220055,0.00040625000000000004
45.224055,4.6875e-05
45.228055,-0.0011093750000000001
45.232055,-3.125e-05
45.236055,0.00065625
45.240055,4.6875e-05
45.244055,-0.0011171875000000001
45.248055,-3.90625e-05
45.252056,0.000546875
45.256055,7.8125e-06
45.260056,-0.001875
45.264055,-1.5625e-05
45.268056,0.0006328125
45.272055,4.6875e-05
45.276054,-0.0020625
45.280055,0.00033593750000000003
45.284055,0.0009140625
45.288055,0.0002890625
45.292054,-0.0023203125
45.296055,9.375e-05
45.300054,1.5625e-05
45.304055,0.0001484375
45.308056,4.6875e-05
45.312055,-3.125e-05
45.316055,0.0
45.320055,0.0004296875
45.324056,3.125e-05
45.328055,-0.00103125
45.332055,-7.8125e-06
45.336055,0.0005703125
45.340055,8.59375e-05
45.344056,-0.001078125
45.348055,-5.46875e-05
45.352055,0.000484375
45.356055,1.5625e-05
45.360055,-0.0019140625
45.364055,5.46875e-05
45.368055,0.000765625
45.372055,8.59375e-05
45.376055,-0.0024375
45.380055,3.90625e-05
45.384055,0.000953125
45.388055,-5.46875e-05
45.392056,-0.0046328125
45.396055,-7.031250000000001e-05
45.400055,3.90625e-05
45.404055,6.25e-05
45.408055,5.46875e-05
45.412055,-0.000125
45.416055,-3.90625e-05
45.420055,0.00039843750000000003
45.424055,3.90625e-05
45.428055,-0.00090625
45.432055,2.34375e-05
45.436055,0.00053125
45.440055,4.6875e-05
45.444055,-0.0011640625
45.448055,-2.34375e-05
45.452055,0.0005390625
45.456055,8.59375e-05
45.460055,-0.0018359375000000001
45.464055,3.125e-05
45.468055,0.000734375
45.472055,0.0
45.476055,-0.0019296875
45.480055,-0.0001796875
45.484056,0.000984375
45.488055,-0.0002578125
45.492055,-0.0044921875000000005
45.496055,-0.0003125
45.500056,3.125e-05
45.504055,-0.00014062500000000002
45.508056,2.34375e-05
45.512055,8.59375e-05
45.516056,3.90625e-05
45.520055,0.0003203125
45.524055,7.8125e-05
45.528055,-0.001328125
45.532055,-7.031250000000001e-05
45.536055,0.0004296875
45.540056,4.6875e-05
45.544056,-0.001234375
45.548057,2.34375e-05
45.552055,0.0005078125
45.556055,4.6875e-05
45.560055,-0.002015625
45.564056,-3.90625e-05
45.568055,0.0009218750000000001
45.572056,7.031250000000001e-05
45.576055,-0.003765625
45.580056,-3.125e-05
45.584055,0.0009296875000000001
45.588055,-0.0001484375
45.592055,-0.0043046875
45.596055,-0.0001171875
45.600056,7.031250000000001e-05
45.604055,-7.8125e-05
45.608055,2.34375e-05
45.612055,0.0002890625
45.616055,2.34375e-05
45.620056,0.0002265625
45.624055,7.031250000000001e-05
45.628055,-0.0010234375
45.632055,3.125e-05
45.636056,0.00053125
45.640056,4.6875e-05
45.644055,-0.0009765625
45.648055,2.34375e-05
45.652055,0.00053125
45.656055,0.0001171875
45.660056,-0.001265625
45.664055,-7.031250000000001e-05
45.668055,0.000890625
45.672055,3.125e-05
45.676055,-0.0023359375
45.680063,7.8125e-06
45.684057,0.00090625
45.688055,0.00015625
45.692056,-0.00190625
45.696059,9.375e-05
45.700058,0.0009296875000000001
45.704056,1.5625e-05
45.708055,0.0
45.712055,0.000109375
45.716055,-7.8125e-06
45.720056,-8.59375e-05
45.724055,7.031250000000001e-05
45.728055,-0.001234375
45.732055,3.125e-05
45.736055,0.0004921875
45.740056,0.00010156250000000001
45.744055,-0.0012109375
45.748055,-5.46875e-05
45.752055,0.0005078125
45.756055,6.25e-05
45.760056,-0.0015703125
45.764058,0.0
45.768056,0.0008671875
45.772056,9.375e-05
45.776056,-0.0022500000000000003
45.780055,0.0
45.784055,0.0008984375
45.788055,0.0001640625
45.792055,-0.002125
45.796055,7.8125e-05
45.800056,0.0008359375
45.804056,7.8125e-06
45.808056,2.34375e-05
45.812055,3.90625e-05
45.816056,3.125e-05
45.820055,-0.000125
45.824055,8.59375e-05
45.828055,-0.0009218750000000001
45.832055,3.125e-05
45.836055,0.000546875
45.840055,0.00010156250000000001
45.844055,-0.0010703125
45.848055,5.46875e-05
45.852055,0.0006484375
45.856055,5.46875e-05
45.860056,-0.0013671875000000001
45.864055,1.5625e-05
45.868055,0.0008046875000000001
45.872055,7.8125e-05
45.876055,-0.0023515625
45.880055,6.25e-05
45.884055,0.00078125
45.888055,-2.34375e-05
45.892056,-0.00165625
45.896055,-0.0001640625
45.900055,0.0009609375
45.904055,-0.0001328125
45.908055,4.6875e-05
45.912055,-3.90625e-05
45.916055,1.5625e-05
45.920056,-2.34375e-05
45.924055,3.90625e-05
45.928055,-0.0010703125
45.932055,-2.34375e-05
45.936055,0.0006015625
45.940056,4.6875e-05
45.944055,-0.0011484375
45.948055,-1.5625e-05
45.952055,0.0006718750000000001
45.956055,8.59375e-05
45.960055,-0.0015078125
45.964055,-2.34375e-05
45.968055,0.000890625
45.972055,7.8125e-06
45.976055,-0.0022109375000000002
45.980055,-2.34375e-05
45.984055,0.000875
45.988055,-3.125e-05
45.992055,-0.001984375
45.996056,-0.000265625
46.000055,0.0008828125
46.004055,-8.59375e-05
46.008054,3.125e-05
46.012055,-0.000109375
46.016055,3.125e-05
46.020055,-1.5625e-05
46.024056,4.6875e-05
46.028055,-0.000953125
46.032055,0.0
46.036054,0.0005390625
46.040055,9.375e-05
46.044055,-0.0012109375
46.048055,6.25e-05
46.052055,0.0006171875
46.056055,9.375e-05
46.060055,-0.0013828125
46.064055,-2.34375e-05
46.068055,0.0009921875
46.072055,7.031250000000001e-05
46.076055,-0.002171875
46.080056,1.5625e-05
46.084055,0.0009140625
46.088055,-7.8125e-05
46.092055,-0.0020390625
46.096055,-5.46875e-05
46.100056,0.0009921875
46.104055,4.6875e-05
46.108055,1.5625e-05
46.112055,0.0
46.116055,2.34375e-05
46.120055,0.0001953125
46.124056,5.46875e-05
46.128055,-8.59375e-05
46.132055,5.46875e-05
46.136055,0.00053125
46.140056,9.375e-05
46.144055,-0.0011484375
46.148055,5.46875e-05
46.152055,0.0006484375
46.156055,1.5625e-05
46.160056,-0.0013984375
46.164055,3.125e-05
46.168055,0.0006640625
46.172055,9.375e-05
46.176055,-0.00228125
46.180055,-8.59375e-05
46.184055,0.0007890625
46.188056,6.25e-05
46.192055,-0.004296875
46.196055,-6.25e-05
46.200055,0.0009140625
46.204055,0.0001484375
46.208055,-0.0022343750000000002
46.212055,6.25e-05
46.216055,-1.5625e-05
46.220056,-7.8125e-05
46.224055,7.031250000000001e-05
46.228055,-0.00028125000000000003
46.232054,3.90625e-05
46.236056,0.000375
46.240055,0.0001171875
46.244055,-0.0013125
46.248055,2.34375e-05
46.252055,0.00053125
46.256056,2.34375e-05
46.260057,-0.0016640625
46.264056,-7.031250000000001e-05
46.268055,0.0006171875
46.272055,6.25e-05
46.276055,-0.0023125
46.280055,7.8125e-06
46.284055,0.000828125
46.288055,7.031250000000001e-05
46.292055,-0.0021953125
46.296054,7.8125e-05
46.300056,0.0009218750000000001
46.304056,-4.6875e-05
46.308055,-0.002265625
46.312055,5.46875e-05
46.316055,0.0
46.320055,0.000109375
46.324056,4.6875e-05
46.328055,-0.0002265625
46.332055,3.125e-05
46.336055,0.000421875
46.340055,0.00010156250000000001
46.344056,-0.0013046875
46.348055,-2.34375e-05
46.352055,0.0006328125
46.356055,6.25e-05
46.360055,-0.0015859375
46.364055,0.0
46.368055,0.0006640625
46.372055,4.6875e-05
46.376055,-0.0022421875000000003
46.380055,2.34375e-05
46.384055,0.00071875
46.388055,2.34375e-05
46.392055,-0.00240625
46.396055,7.8125e-06
46.400055,0.000875
46.404055,-0.0003125
46.408055,-0.0019375
46.412055,-0.00025
46.416055,-4.6875e-05
46.420055,-9.375e-05
46.424055,5.46875e-05
46.428055,-0.0004375
46.432055,4.6875e-05
46.436055,0.0004453125
46.440055,0.000109375
46.444055,-0.0015234375
46.448055,2.34375e-05
46.452055,0.0005859375
46.456055,3.90625e-05
46.460055,-0.0015625
46.464055,3.125e-05
46.468055,0.0005546875000000001
46.472055,3.90625e-05
46.476055,-0.0023203125
46.480055,0.0
46.484055,0.00075
46.488055,6.25e-05
46.492056,-0.00209375
46.496055,8.59375e-05
46.500055,0.0009375
46.504055,-0.0001875
46.508055,-0.002
46.512055,-0.0001640625
46.516055,0.0
46.520055,6.25e-05
46.524055,9.375e-05
46.528055,-0.000109375
46.532055,0.0
46.536057,0.0004921875
46.540056,0.0001171875
46.544056,-0.001234375
46.548055,3.125e-05
46.552055,0.000578125
46.556055,6.25e-05
46.560055,-0.0015078125
46.564055,-2.34375e-05
46.568055,0.0005625000000000001
46.572055,0.00010156250000000001
46.576055,-0.0021171875
46.580055,-1.5625e-05
46.584056,0.000828125
46.588055,6.25e-05
46.592055,-0.002015625
46.596055,-0.0001796875
46.600056,0.000953125
46.604055,5.46875e-05
46.608055,-0.001890625
46.612055,8.59375e-05
46.616055,2.34375e-05
46.620056,0.0003203125
46.624055,8.59375e-05
46.628055,-8.59375e-05
46.632055,0.0
46.636055,0.000265625
46.640055,8.59375e-05
46.644056,-0.0015234375
46.648055,5.46875e-05
46.652055,0.0006171875
46.656055,0.0001171875
46.660056,-0.00140625
46.664055,-2.34375e-05
46.668055,0.0006328125
46.672055,3.90625e-05
46.676055,-0.001453125
46.680064,0.0
46.684057,0.0009453125
46.688056,9.375e-05
46.692055,-0.0020390625
46.696059,-2.34375e-05
46.700058,0.000984375
46.704056,7.031250000000001e-05
46.708055,-0.002
46.712055,-2.34375e-05
46.716056,0.0011328125
46.720056,0.0001953125
46.724055,7.031250000000001e-05
46.728055,-0.0002421875
46.732055,0.0
46.736055,0.0001875
46.740055,0.0
46.744055,-0.00153125
46.748055,3.90625e-05
46.752055,0.0006171875
46.756055,9.375e-05
46.760056,-0.0014375
46.764055,7.8125e-06
46.768057,0.000515625
46.772056,7.8125e-06
46.776055,-0.0013515625000000001
46.780056,1.5625e-05
46.784056,0.0008359375
46.788055,5.46875e-05
46.792055,-0.0021953125
46.796055,7.8125e-06
46.800056,0.0008984375
46.804055,-1.5625e-05
46.808055,-0.001984375
46.812054,-0.0002109375
46.816055,0.000953125
46.820055,0.0
46.824056,8.59375e-05
46.828055,-0.0004140625
46.832055,1.5625e-05
46.836055,0.0
46.840055,0.000109375
46.844055,-0.001421875
46.848055,5.46875e-05
46.852055,0.000640625
46.856055,0.0001171875
46.860056,-0.00153125
46.864055,3.125e-05
46.868055,0.000578125
46.872055,6.25e-05
46.876055,-0.00140625
46.880056,-2.34375e-05
46.884055,0.000828125
46.888055,5.46875e-05
46.892055,-0.0021484375
46.896055,2.34375e-05
46.900056,0.00084375
46.904055,-3.125e-05
46.908055,-0.002015625
46.912055,-0.00021875
46.916056,0.0009375
46.920055,-0.0001796875
46.924055,3.90625e-05
46.928055,-0.0006640625
46.932055,4.6875e-05
46.936055,-0.000125
46.940055,0.0001171875
46.944055,-0.0016250000000000001
46.948055,3.125e-05
46.952055,0.000609375
46.956055,0.0001328125
46.960055,-0.00140625
46.964055,3.125e-05
46.968055,0.000640625
46.972055,7.8125e-05
46.976055,-0.0015859375
46.980056,-3.90625e-05
46.984055,0.0009921875
46.988055,8.59375e-05
46.992055,-0.0020390625
46.996055,-5.46875e-05
47.000055,0.0009296875000000001
47.004055,-0.0001171875
47.008055,-0.0016484375
47.012054,-0.00025
47.016056,0.001203125
47.020056,0.000125
47.024055,5.46875e-05
47.028055,-0.0004140625
47.032055,1.5625e-05
47.036055,0.0003046875
47.040055,7.8125e-05
47.044055,-0.001640625
47.048055,3.90625e-05
47.052055,0.0006328125
47.056055,8.59375e-05
47.060054,-0.001296875
47.064054,-2.34375e-05
47.068055,0.0006171875
47.072055,5.46875e-05
47.076055,-0.00153125
47.080055,7.8125e-06
47.084055,0.00090625
47.088055,8.59375e-05
47.092055,-0.002
47.096055,-7.8125e-06
47.100055,0.0009453125
47.104055,-0.000109375
47.108055,-0.0018359375000000001
47.112055,-0.0002109375
47.116055,0.0012421875
47.120055,0.0001640625
47.124055,3.90625e-05
47.128055,-0.00025
47.132055,3.90625e-05
47.136055,0.0003828125
47.140056,0.0001328125
47.144055,-0.000109375
47.148055,7.031250000000001e-05
47.152055,0.0005234375
47.156055,4.6875e-05
47.160055,-0.0016250000000000001
47.164055,2.34375e-05
47.168055,0.0005703125
47.172055,1.5625e-05
47.176055,-0.0018203125
47.180055,3.125e-05
47.184055,0.0005703125
47.188055,8.59375e-05
47.192055,-0.003171875
47.196056,7.031250000000001e-05
47.200055,0.001
47.204055,5.46875e-05
47.208055,-0.0018828125
47.212056,7.8125e-05
47.216055,0.001328125
47.220055,9.375e-05
47.224055,-0.0011640625
47.228055,-7.031250000000001e-05
47.232055,-1.5625e-05
47.236055,0.000265625
47.240055,3.90625e-05
47.244055,-0.00021875
47.248055,-3.125e-05
47.252055,0.000578125
47.256054,7.8125e-05
47.26006,-0.0013515625000000001
47.264061,7.031250000000001e-05
47.268057,0.000609375
47.272056,1.5625e-05
47.276056,-0.001703125
47.280058,0.0
47.284057,0.00059375
47.288056,8.59375e-05
47.292055,-0.0018593750000000001
47.296055,-4.6875e-05
47.300058,0.0009921875
47.304057,8.59375e-05
47.308056,-0.0018984375
47.312055,-0.0001484375
47.316055,0.001140625
47.320058,0.00010156250000000001
47.324055,-0.0011328125
47.328056,-0.0005390625
47.332056,8.59375e-05
47.336055,2.34375e-05
47.340058,9.375e-05
47.344056,-0.000578125
47.348055,2.34375e-05
47.352055,0.0005390625
47.356055,5.46875e-05
47.360058,-0.00109375
47.364057,-6.25e-05
47.368055,0.000546875
47.372055,4.6875e-05
47.376055,-0.001546875
47.380058,-3.90625e-05
47.384056,0.0006718750000000001
47.388056,5.46875e-05
47.392055,-0.0021015625
47.396055,-7.8125e-06
47.400057,0.001
47.404056,7.031250000000001e-05
47.408055,-0.0039921875
47.412055,-0.00021875
47.416055,0.001015625
47.420058,5.46875e-05
47.424057,-0.001046875
47.428056,-0.0003046875
47.432055,6.25e-05
47.436055,-2.34375e-05
47.440057,0.0001171875
47.444057,-0.00053125
47.448056,4.6875e-05
47.452055,0.00065625
47.456055,0.0001171875
47.460058,-0.0012734375
47.464056,2.34375e-05
47.468055,0.0006640625
47.472055,7.031250000000001e-05
47.476055,-0.00140625
47.480058,-2.34375e-05
47.484057,0.0007421875
47.488055,8.59375e-05
47.492055,-0.002078125
47.496055,3.90625e-05
47.500058,0.0009140625
47.504057,3.125e-05
47.508055,-0.0018046875
47.512055,-0.0005546875000000001
47.516055,0.0007109375
47.520057,-0.0001328125
47.524056,-0.0010546875
47.528056,-0.000578125
47.532055,5.46875e-05
47.536056,7.8125e-06
47.540058,6.25e-05
47.544056,-0.0004765625
47.548056,3.90625e-05
47.552056,0.000640625
47.556056,1.5625e-05
47.560058,-0.0014921875
47.564057,3.90625e-05
47.568056,0.000578125
47.572055,7.8125e-06
47.576054,-0.00165625
47.580058,-4.6875e-05
47.584057,0.0006718750000000001
47.588056,4.6875e-05
47.592055,-0.0020703125
47.596055,-2.34375e-05
47.600058,0.001078125
47.604056,4.6875e-05
47.608055,-0.0016484375
47.612055,-0.0002890625
47.616055,0.0007421875
47.620058,0.000109375
47.624057,-0.0010703125
47.628056,-0.0004375
47.632055,8.59375e-05
47.636055,7.8125e-05
47.640058,0.0001484375
47.644056,-0.000484375
47.648055,7.031250000000001e-05
47.652055,0.0003828125
47.656055,9.375e-05
47.660058,-0.0016093750000000001
47.664057,-2.34375e-05
47.668055,0.0005859375
47.672055,3.90625e-05
47.676055,-0.0018515625000000001
47.68006,2.34375e-05
47.684057,0.000546875
47.688056,4.6875e-05
47.692056,-0.0018828125
47.696059,2.34375e-05
47.700059,0.0011796875
47.704057,0.00010156250000000001
47.708055,-0.0061015625
47.712055,5.46875e-05
47.716055,0.0006328125
47.720058,0.00040625000000000004
47.724057,-0.0011328125
47.728056,2.34375e-05
47.732054,0.000421875
47.736055,0.00040625000000000004
47.740058,0.0001328125
47.744056,-0.0002734375
47.748055,-2.34375e-05
47.752055,0.00033593750000000003
47.756055,1.5625e-05
47.760058,-0.001578125
47.764056,-3.125e-05
47.768056,0.000640625
47.772061,4.6875e-05
47.776057,-0.001703125
47.780058,0.0
47.784057,0.000640625
47.788056,-7.8125e-06
47.792055,-0.00203125
47.796055,-0.00014062500000000002
47.800058,0.00115625
47.804057,5.46875e-05
47.808056,-0.0036015625
47.812055,-3.125e-05
47.816055,0.00059375
47.820057,0.000359375
47.824057,-0.0011875
47.828055,-0.0001328125
47.832055,0.0003671875
47.836056,0.0003515625
47.840058,0.00014062500000000002
47.844057,-0.000375
47.848056,5.46875e-05
47.852055,0.00040625000000000004
47.856055,7.8125e-05
47.860058,-0.0016328125
47.864057,1.5625e-05
47.868056,0.00059375
47.872055,4.6875e-05
47.876055,-0.0017109375
47.880058,7.8125e-06
47.884057,0.0007109375
47.888056,6.25e-05
47.892056,-0.00175
47.896055,2.34375e-05
47.900058,0.0011250000000000001
47.904057,7.8125e-05
47.908056,-0.0036640625000000002
47.912055,5.46875e-05
47.916055,0.000484375
47.920057,2.34375e-05
47.924057,-0.0010078125
47.928056,-0.0005390625
47.932055,0.0005078125
47.936055,0.0001171875
47.940058,7.031250000000001e-05
47.944057,-0.0006953125
47.948056,2.34375e-05
47.952055,0.00040625000000000004
47.956055,1.5625e-05
47.960058,-0.0012578125
47.964057,5.46875e-05
47.968055,0.0007578125
47.972055,0.0001171875
47.976055,-0.0015234375
47.980058,1.5625e-05
47.984057,0.0007968750000000001
47.988055,7.8125e-05
47.992055,-0.0018046875
47.996055,1.5625e-05
48.000058,0.000984375
48.004057,8.59375e-05
48.008056,-0.0038671875
48.012055,5.46875e-05
48.016055,0.000453125
48.020057,-4.6875e-05
48.024057,-0.0009296875000000001
48.028055,-0.0004296875
48.032055,0.0005
48.036055,-7.8125e-06
48.040057,9.375e-05
48.044056,-0.0009375
48.048055,3.125e-05
48.052055,0.0003046875
48.056055,7.8125e-05
48.060057,-0.00153125
48.064056,3.90625e-05
48.068056,0.0006875
48.072055,0.000109375
48.076055,-0.00153125
48.080057,7.8125e-06
48.084056,0.0008203125
48.088055,-2.34375e-05
48.092056,-0.001984375
48.096055,1.5625e-05
48.100057,0.0011250000000000001
48.104056,3.90625e-05
48.108055,-0.0010859375
48.112055,2.34375e-05
48.116055,0.0005703125
48.120058,0.0001171875
48.124056,-0.0009453125
48.128056,-0.0003046875
48.132055,0.0005
48.136055,0.0002890625
48.140058,-0.0008125000000000001
48.144057,-0.0009453125
48.148056,5.46875e-05
48.152055,0.00040625000000000004
48.156055,9.375e-05
48.160057,-0.000625
48.164056,-3.90625e-05
48.168055,0.0006328125
48.172055,8.59375e-05
48.176055,-0.0015
48.180058,3.125e-05
48.184056,0.0008125000000000001
48.188056,7.8125e-06
48.192055,-0.002046875
48.196055,-6.25e-05
48.200058,0.000609375
48.204057,0.000125
48.208055,-0.0025625
48.212056,-7.8125e-06
48.216055,0.0005390625
48.220058,0.00014062500000000002
48.224056,-0.0009765625
48.228056,-0.0002421875
48.232055,0.00046875
48.236055,0.00039843750000000003
48.240058,-0.0009609375
48.244056,-0.0006875
48.248055,3.125e-05
48.252055,0.0004375
48.256055,3.90625e-05
48.260058,-0.000640625
48.264057,6.25e-05
48.268061,0.00053125
48.272058,7.031250000000001e-05
48.276055,-0.0020078125
48.280058,3.90625e-05
48.284056,0.00075
48.288056,7.031250000000001e-05
48.292055,-0.0018828125
48.296055,-7.8125e-06
48.300057,0.0006640625
48.304056,7.8125e-05
48.308055,-0.0013437500000000001
48.312056,2.34375e-05
48.316055,0.0004921875
48.320057,-3.125e-05
48.324057,-0.00090625
48.328056,-0.00015625
48.332055,0.0005
48.336055,0.000328125
48.340058,-0.000875
48.344056,-0.0006718750000000001
48.348056,0.0
48.352055,0.0004375
48.356055,8.59375e-05
48.360057,-0.0006171875
48.364056,7.8125e-06
48.368055,0.00071875
48.372055,7.8125e-05
48.376055,-0.0018046875
48.380058,4.6875e-05
48.384056,0.0007968750000000001
48.388055,3.125e-05
48.392055,-0.0018828125
48.396055,7.8125e-06
48.400057,0.000609375
48.404056,1.5625e-05
48.408055,-0.001203125
48.412055,2.34375e-05
48.416055,0.00034375
48.420058,-0.000328125
48.424056,-0.0011093750000000001
48.428056,-0.00040625000000000004
48.432055,0.000546875
48.436055,0.00021875
48.440057,-0.00053125
48.444056,-0.0009375
48.448055,3.90625e-05
48.452055,0.0003203125
48.456055,0.0001171875
48.460058,-0.0007265625
48.464057,5.46875e-05
48.468055,0.00078125
48.472055,7.8125e-06
48.476055,-0.001703125
48.480058,-1.5625e-05
48.484056,0.0008828125
48.488055,7.031250000000001e-05
48.492055,-0.0021171875
48.496055,5.46875e-05
48.500058,0.0007578125
48.504057,8.59375e-05
48.508055,-0.00103125
48.512055,7.8125e-05
48.516055,0.000515625
48.520058,-2.34375e-05
48.524056,-0.0008203125
48.528055,-0.00033593750000000003
48.532055,0.0005859375
48.536055,0.0002890625
48.540058,-0.0005703125
48.544062,-0.00090625
48.548057,0.0
48.552056,0.0002109375
48.556056,3.90625e-05
48.560057,-0.0007890625
48.564057,3.125e-05
48.568055,0.0008359375
48.572055,7.031250000000001e-05
48.576056,-0.0016796875
48.580057,-5.46875e-05
48.584057,0.00084375
48.588055,1.5625e-05
48.592055,-0.0016640625
48.596055,-2.34375e-05
48.600057,0.0006875
48.604057,8.59375e-05
48.608055,-0.0010234375
48.612055,0.000171875
48.616055,0.00046093750000000003
48.620057,7.031250000000001e-05
48.624057,-0.0006796875000000001
48.628056,-0.0006328125
48.632055,0.00065625
48.636055,0.0002109375
48.640058,-0.0001328125
48.644057,-0.00084375
48.648055,-3.125e-05
48.652055,0.0003828125
48.656055,0.00010156250000000001
48.660058,-0.000890625
48.664057,1.5625e-05
48.668056,0.00039843750000000003
48.672055,8.59375e-05
48.676055,-0.002140625
48.68006,-7.031250000000001e-05
48.684058,0.0008359375
48.688056,6.25e-05
48.692055,-0.001765625
48.696059,2.34375e-05
48.700058,0.0006875
48.704056,3.125e-05
48.708055,-0.0020546875
48.712055,0.00014062500000000002
48.716055,0.0004921875
48.720057,0.0001171875
48.724057,-0.00071875
48.728055,0.0001796875
48.732055,0.0007109375
48.736055,0.0003203125
48.740058,-7.8125e-06
48.74406,-0.0006718750000000001
48.748057,7.8125e-06
48.752056,0.000359375
48.756055,0.00010156250000000001
48.760058,-0.0008046875000000001
48.764061,7.031250000000001e-05
48.768058,0.0004453125
48.772056,7.8125e-05
48.776056,-0.001890625
48.780058,0.0
48.784056,0.000734375
48.788056,8.59375e-05
48.792055,-0.0016953125
48.796055,0.0
48.800058,0.0007890625
48.804056,-7.8125e-05
48.808055,-0.0043984375000000004
48.812055,3.90625e-05
48.816055,0.00039843750000000003
48.820058,-7.8125e-05
48.824057,-0.0008125000000000001
48.828056,-7.031250000000001e-05
48.832055,0.000390625
48.836055,0.0002890625
48.840057,-6.25e-05
48.844056,-0.000640625
48.848056,4.6875e-05
48.852055,0.0002109375
48.856055,6.25e-05
48.860057,-0.0011484375
48.864056,7.8125e-06
48.868055,0.00034375
48.872055,5.46875e-05
48.876055,-0.0020546875
48.880057,-2.34375e-05
48.884056,0.00084375
48.888055,9.375e-05
48.892056,-0.0017421875
48.896055,7.8125e-06
48.900057,0.00084375
48.904057,0.0
48.908055,-0.001765625
48.912055,6.25e-05
48.916055,0.0004765625
48.920058,2.34375e-05
48.924056,-0.0007265625
48.928055,-3.90625e-05
48.932055,0.00046875
48.936055,0.000390625
48.940058,-3.125e-05
48.944056,-0.0006875
48.948056,2.34375e-05
48.952055,0.0003671875
48.956055,0.0001171875
48.960057,-0.0008203125
48.964057,0.0
48.968055,0.00039843750000000003
48.972055,7.8125e-05
48.976055,-0.0019609375
48.980058,5.46875e-05
48.984057,0.0008359375
48.988056,6.25e-05
48.992055,-0.0014140625
48.996055,0.0
49.000058,0.0008515625
49.004056,-0.0002734375
49.008056,-0.0016796875
49.012056,-3.90625e-05
49.016055,0.0004296875
49.020058,-6.25e-05
49.024056,-0.0006875
49.028056,3.90625e-05
49.032055,0.0008515625
49.036055,0.000375
49.040057,-7.8125e-06
49.044056,-0.00075
49.048055,-3.90625e-05
49.052055,0.000359375
49.056055,8.59375e-05
49.060058,-0.00103125
49.064056,3.90625e-05
49.068056,0.0003125
49.072055,7.031250000000001e-05
49.076055,-0.0022031250000000002
49.080058,0.0
49.084056,0.0007968750000000001
49.088055,4.6875e-05
49.092055,-0.001640625
49.096056,-7.031250000000001e-05
49.100057,0.0008125000000000001
49.104056,-4.6875e-05
49.108055,-0.0018984375
49.112055,-6.25e-05
49.116055,0.00040625000000000004
49.120057,-0.00015625
49.124057,-0.0008125000000000001
49.128055,-6.25e-05
49.132055,0.0007968750000000001
49.136055,0.000234375
49.140058,-2.34375e-05
49.144056,-0.0007421875
49.148056,0.0
49.152055,0.0003203125
49.156055,4.6875e-05
49.160058,-0.00090625
49.164056,5.46875e-05
49.168056,0.0004140625
49.172055,0.0
49.176055,-0.0019921875
49.180057,1.5625e-05
49.184056,0.0007109375
49.188056,0.000109375
49.192055,-0.0015859375
49.196055,3.125e-05
49.200058,0.0006328125
49.204056,0.00015625
49.208055,-0.0018203125
49.212055,0.0001796875
49.216055,0.000890625
49.220057,0.0001875
49.224056,-0.00075
49.228055,8.59375e-05
49.232055,0.0008046875000000001
49.236055,0.0001484375
49.240058,4.6875e-05
49.244057,-0.0008046875000000001
49.248055,3.90625e-05
49.252055,0.0003125
49.256057,4.6875e-05
49.26006,-0.0011953125
49.264057,5.46875e-05
49.268056,0.00033593750000000003
49.272055,-5.46875e-05
49.276055,-0.001265625
49.280058,3.90625e-05
49.284056,0.0006875
49.288055,2.34375e-05
49.292055,-0.00190625
49.296055,3.90625e-05
49.300058,0.0007734375
49.304055,0.0001640625
49.308056,-0.00190625
49.312056,0.000296875
49.316055,0.000765625
49.320058,0.0002265625
49.324057,-0.0006953125
49.328056,0.0001484375
49.332055,0.0006640625
49.336055,2.34375e-05
49.340058,3.90625e-05
49.344057,-0.0006640625
49.348056,0.0
49.352055,0.0004921875
49.356055,4.6875e-05
49.360058,-0.0008125000000000001
49.364056,5.46875e-05
49.368055,0.0005390625
49.372056,4.6875e-05
49.376055,-0.001
49.380057,4.6875e-05
49.384056,0.0006484375
49.388055,8.59375e-05
49.392055,-0.0018593750000000001
49.396055,-7.8125e-06
49.400057,0.000765625
49.404056,-0.00015625
49.408055,-0.001765625
49.412055,-7.8125e-05
49.416055,0.0009921875
49.420057,-7.031250000000001e-05
49.424056,-0.000828125
49.428055,-7.8125e-05
49.432055,0.0004140625
49.436055,-7.8125e-06
49.440057,-1.5625e-05
49.444057,-0.00071875
49.448055,2.34375e-05
49.452055,0.00040625000000000004
49.456055,4.6875e-05
49.460057,-0.0008125000000000001
49.464056,3.125e-05
49.468055,0.00039843750000000003
49.472055,3.125e-05
49.476055,-0.00115625
49.480058,-3.125e-05
49.484056,0.0006328125
49.488055,4.6875e-05
49.492055,-0.0018046875
49.496055,-4.6875e-05
49.500057,0.0008359375
49.504057,-0.0001796875
49.508056,-0.0018125
49.512055,-0.0001328125
49.516055,0.0010234375
49.520058,-0.00014062500000000002
49.524057,-0.0006875
49.528055,-0.000359375
49.53206,0.0002109375
49.536057,-0.00020312500000000002
49.540058,2.34375e-05
49.544056,-0.0007968750000000001
49.548056,-2.34375e-05
49.552055,0.000296875
49.556056,6.25e-05
49.560058,-0.00109375
49.564057,3.90625e-05
49.568056,0.0004375
49.572056,0.000109375
49.576055,-0.0011015625000000001
49.580058,0.0
49.584057,0.0006796875000000001
49.588055,0.000109375
49.592055,-0.001890625
49.596055,2.34375e-05
49.600058,0.000828125
49.604057,-0.000125
49.608056,-0.002078125
49.612055,7.8125e-05
49.616055,0.00096875
49.620058,-1.5625e-05
49.624057,-0.000390625
49.628056,-0.000125
49.632055,0.0001484375
49.636055,7.8125e-06
49.640058,5.46875e-05
49.644056,-0.0008984375
49.648055,0.0
49.652055,0.00033593750000000003
49.656055,3.125e-05
49.660057,-0.0010546875
49.664056,-4.6875e-05
49.668056,0.00046093750000000003
49.672055,6.25e-05
49.676055,-0.0013437500000000001
49.680059,6.25e-05
49.684057,0.0006718750000000001
49.688056,5.46875e-05
49.692055,-0.0041484375
49.696059,1.5625e-05
49.700058,0.0008125000000000001
49.704057,8.59375e-05
49.708055,-0.00215625
49.712055,9.375e-05
49.716055,0.000953125
49.720057,0.0001484375
49.724057,-0.00465625
49.728055,0.0001171875
49.732055,0.00014062500000000002
49.736055,0.0001484375
49.740058,7.031250000000001e-05
49.744057,0.0002109375
49.748056,0.0
49.752055,0.000359375
49.756055,7.8125e-06
49.760058,-0.0009453125
49.764061,1.5625e-05
49.768058,0.0005
49.772056,0.00010156250000000001
49.776056,-0.0010546875
49.780058,4.6875e-05
49.784056,0.0004765625
49.788056,9.375e-05
49.792055,-0.00190625
49.796055,3.90625e-05
49.800058,0.000703125
49.804057,3.90625e-05
49.808056,-0.00228125
49.812055,0.00015625
49.816055,0.0010078125
49.820058,0.0001640625
49.824057,-0.0045625
49.828056,0.000109375
49.832055,-3.90625e-05
49.836055,7.8125e-05
49.840058,3.125e-05
49.844057,5.46875e-05
49.848057,3.125e-05
49.852055,0.00046093750000000003
49.856055,5.46875e-05
49.860058,-0.001078125
49.864056,3.90625e-05
49.868056,0.0004453125
49.872055,5.46875e-05
49.876055,-0.0010546875
49.880058,7.8125e-06
49.884056,0.00046093750000000003
49.888056,4.6875e-05
49.892055,-0.0020234375
49.896055,2.34375e-05
49.900058,0.0007734375
49.904056,7.8125e-05
49.908056,-0.002125
49.912055,0.0
49.916055,0.0008828125
49.920057,9.375e-05
49.924056,-0.00434375
49.928055,-0.000125
49.932055,-7.8125e-06
49.936055,-8.59375e-05
49.940057,6.25e-05
49.944058,-0.0001484375
49.948056,0.0
49.952055,0.000453125
49.956055,8.59375e-05
49.960057,-0.0009609375
49.964057,6.25e-05
49.968055,0.0005234375
49.972055,8.59375e-05
49.976055,-0.0011875
49.980058,-7.8125e-06
49.984057,0.00053125
49.988056,3.125e-05
49.992055,-0.0020234375
49.996055,-1.5625e-05
50.000058,0.0008671875
50.004085,2.34375e-05
50.008055,-0.0023046875
50.012056,1.5625e-05
50.016055,0.00090625
50.020058,5.46875e-05
50.024056,-0.0045625
50.028055,-9.375e-05
50.032055,-3.125e-05
50.036055,-3.90625e-05
50.040058,2.34375e-05
50.044056,-0.00014062500000000002
50.048055,-3.125e-05
50.052055,0.000390625
50.056055,0.000109375
50.060058,-0.0010234375
50.064057,5.46875e-05
50.068055,0.0005
50.072056,4.6875e-05
50.076055,-0.0011171875000000001
50.080058,-2.34375e-05
50.084057,0.000375
50.088055,3.125e-05
50.092055,-0.001671875
50.096055,4.6875e-05
50.100058,0.0008828125
50.104056,4.6875e-05
50.108056,-0.0019453125
50.112055,-0.00033593750000000003
50.116055,0.0009375
50.120058,-7.8125e-05
50.124057,-0.00196875
50.128056,-0.000125
50.132055,-3.125e-05
50.136054,6.25e-05
50.140058,3.90625e-05
50.144056,0.00034375
50.148055,1.5625e-05
50.152055,0.000328125
50.156055,6.25e-05
50.160058,-0.0013359375
50.164056,-7.8125e-06
50.168056,0.0003515625
50.172055,4.6875e-05
50.176055,-0.00115625
50.180058,9.375e-05
50.184056,0.0005078125
50.188055,6.25e-05
50.192055,-0.001890625
50.196055,7.8125e-06
50.200058,0.0008515625
50.204056,6.25e-05
50.208055,-0.0023125
50.212055,2.34375e-05
50.216055,0.0009453125
50.220057,-2.34375e-05
50.224057,-0.001890625
50.228056,-5.46875e-05
50.232055,0.0009375
50.236055,-2.34375e-05
50.240057,7.031250000000001e-05
50.244056,8.59375e-05
50.248056,-7.8125e-06
50.252056,8.59375e-05
50.256056,4.6875e-05
50.260061,-0.0013671875000000001
50.264058,4.6875e-05
50.268056,0.0003671875
50.272056,1.5625e-05
50.276055,-0.001203125
50.280058,3.90625e-05
50.284057,0.000515625
50.288055,7.8125e-06
50.292055,-0.0016093750000000001
50.296056,1.5625e-05
50.300058,0.0008359375
50.304056,4.6875e-05
50.308056,-0.0022890625
50.312055,-7.8125e-06
50.316055,0.0008046875000000001
50.320058,0.0001953125
50.324056,-0.0020859375
50.328055,7.8125e-06
50.332056,0.0008984375
50.336055,-2.34375e-05
50.340058,7.8125e-05
50.344057,-0.0001484375
50.348056,-7.8125e-06
50.352055,-0.00015625
50.356055,7.031250000000001e-05
50.360058,-0.0010703125
50.364057,2.34375e-05
50.368056,0.0006718750000000001
50.372055,7.031250000000001e-05
50.376055,-0.00115625
50.380058,2.34375e-05
50.384057,0.0006484375
50.388055,9.375e-05
50.392054,-0.0014375
50.396056,4.6875e-05
50.400058,0.00090625
50.404057,7.031250000000001e-05
50.408056,-0.0022343750000000002
50.412055,2.34375e-05
50.416055,0.0007968750000000001
50.420058,0.0001953125
50.424056,-0.002125
50.428056,9.375e-05
50.432055,0.000859375
50.436055,-0.0002109375
50.440058,3.125e-05
50.444057,-0.0002734375
50.448056,4.6875e-05
50.452056,-0.00020312500000000002
50.456055,5.46875e-05
50.460058,-0.0011015625000000001
50.464057,7.8125e-06
50.468055,0.0005
50.472055,1.5625e-05
50.476055,-0.00121875
50.480057,-5.46875e-05
50.484056,0.0005859375
50.488055,7.8125e-05
50.492055,-0.001765625
50.496055,-1.5625e-05
50.500057,0.000875
50.504056,2.34375e-05
50.508055,-0.0020703125
50.512055,-3.90625e-05
50.516055,0.0008984375
50.520057,-0.00014062500000000002
50.524057,-0.0021171875
50.528056,-8.59375e-05
50.532055,0.0009765625
50.536056,-4.6875e-05
50.540059,-1.5625e-05
50.544057,-4.6875e-05
50.548056,7.8125e-06
50.552055,9.375e-05
50.556056,7.031250000000001e-05
50.560058,-0.0011015625000000001
50.564056,7.8125e-06
50.568055,0.000421875
50.572055,5.46875e-05
50.576056,-0.001140625
50.580058,1.5625e-05
50.584057,0.0006796875000000001
50.588056,4.6875e-05
50.592055,-0.0015703125
50.596055,-6.25e-05
50.600057,0.0008984375
50.604056,5.46875e-05
50.608055,-0.002140625
50.612056,-3.90625e-05
50.616055,0.00090625
50.620058,-0.00020312500000000002
50.624056,-0.00209375
50.628055,-0.0001484375
50.632055,0.0009218750000000001
50.636055,-0.00020312500000000002
50.640058,9.375e-05
50.644056,-2.34375e-05
50.648055,-4.6875e-05
50.652055,0.00033593750000000003
50.656055,7.031250000000001e-05
50.660058,-0.001390625
50.664056,-2.34375e-05
50.668055,0.00039843750000000003
50.672055,0.0001171875
50.676055,-0.0015546875
50.680059,5.46875e-05
50.684057,0.0004765625
50.688055,7.8125e-05
50.692056,-0.001671875
50.696059,-3.125e-05
50.700058,0.00059375
50.704056,7.8125e-05
50.708055,-0.0020546875
50.712055,-5.46875e-05
50.716055,0.0008515625
50.720058,8.59375e-05
50.724056,-0.002109375
50.728055,0.00014062500000000002
50.732055,0.00096875
50.736055,9.375e-05
50.740057,-0.0019453125
50.744056,6.25e-05
50.748055,-3.90625e-05
50.752055,7.031250000000001e-05
50.756055,7.031250000000001e-05
50.760058,-0.0001328125
50.764057,-7.8125e-06
50.768057,0.00033593750000000003
50.772061,0.000125
50.776057,-0.0013593750000000001
50.780057,3.90625e-05
50.784056,0.0005859375
50.788056,9.375e-05
50.792055,-0.0015703125
50.796055,-7.8125e-06
50.800058,0.0005546875000000001
50.804056,3.125e-05
50.808055,-0.00196875
50.812056,-3.90625e-05
50.816055,0.0008515625
50.820058,3.125e-05
50.824056,-0.00228125
50.828056,5.46875e-05
50.832056,0.000859375
50.836054,8.59375e-05
50.840058,-0.002171875
50.844056,-9.375e-05
50.848055,1.5625e-05
50.852055,-0.000109375
50.856055,2.34375e-05
50.860058,-0.00053125
50.864057,5.46875e-05
50.868056,0.000375
50.872055,4.6875e-05
50.876055,-0.001390625
50.880058,-2.34375e-05
50.884056,0.000609375
50.888055,3.125e-05
50.892055,-0.001375
50.896056,4.6875e-05
50.900058,0.0005078125
50.904055,6.25e-05
50.908056,-0.002296875
50.912055,2.34375e-05
50.916055,0.0009218750000000001
50.920058,3.90625e-05
50.924056,-0.0022500000000000003
50.928055,4.6875e-05
50.932055,0.0009453125
50.936055,-7.8125e-05
50.940058,-0.00190625
50.944057,-0.0002421875
50.948056,3.90625e-05
50.952055,-8.59375e-05
50.956055,5.46875e-05
50.960058,-0.00034375
50.964056,-7.8125e-06
50.968055,0.000578125
50.972055,2.34375e-05
50.976055,-0.001328125
50.980058,7.8125e-05
50.984056,0.000765625
50.988055,0.00010156250000000001
50.992055,-0.0013671875000000001
50.996055,-1.5625e-05
51.000057,0.0006328125
51.004057,6.25e-05
51.008056,-0.00471875
51.012055,-7.8125e-06
51.016054,0.00084375
51.020057,9.375e-05
51.024056,-0.0020234375
51.028055,-0.0001328125
51.032055,0.0008515625
51.036055,-0.0002265625
51.040057,-0.00178125
51.044056,-0.0002578125
51.048055,1.5625e-05
51.052055,0.00021875
51.056055,7.031250000000001e-05
51.060057,-0.0003125
51.064057,-5.46875e-05
51.068055,0.0003203125
51.072055,0.00010156250000000001
51.076055,-0.0015
51.080058,5.46875e-05
51.084057,0.000515625
51.088056,-7.8125e-06
51.092055,-0.0017890625
51.096055,7.8125e-06
51.100058,0.000484375
51.104056,3.90625e-05
51.108056,-0.004703125
51.112056,2.34375e-05
51.116055,0.001
51.120058,7.8125e-05
51.124056,-0.0020078125
51.128056,0.0001171875
51.132055,0.0009453125
51.136055,-1.5625e-05
51.140058,-0.0016328125
51.144056,-0.0001875
51.148056,1.5625e-05
51.152055,0.00021875
51.156054,6.25e-05
51.160058,0.0
51.164056,-1.5625e-05
51.168056,0.0005078125
51.172055,6.25e-05
51.176055,-0.0015
51.180058,6.25e-05
51.184057,0.0005078125
51.188056,4.6875e-05
51.192055,-0.0015625
51.196055,3.90625e-05
51.200058,0.0005703125
51.204058,3.90625e-05
51.208057,-0.0044296875000000005
51.212056,2.34375e-05
51.216055,0.0009218750000000001
51.220058,7.8125e-06
51.224056,-0.0019296875
51.228056,7.031250000000001e-05
51.232055,0.0009765625
51.236055,0.00020312500000000002
51.240057,-0.001640625
51.244056,-4.6875e-05
51.248055,0.0012890625
51.252055,0.0001875
51.256055,5.46875e-05
51.260058,-0.000265625
51.26406,3.90625e-05
51.268058,-0.000109375
51.272056,0.000125
51.276056,-0.00165625
51.280057,1.5625e-05
51.284056,0.00059375
51.288056,8.59375e-05
51.292055,-0.001640625
51.296055,-3.125e-05
51.300057,0.0005078125
51.304057,9.375e-05
51.308055,-0.0015546875
51.312055,3.125e-05
51.316056,0.0010078125
51.320057,0.00010156250000000001
51.324057,-0.0020859375
51.328056,-2.34375e-05
51.332055,0.0009453125
51.336055,0.000125
51.340058,-0.0019609375
51.344057,3.90625e-05
51.348055,0.0012734375
51.352054,8.59375e-05
51.356055,0.00010156250000000001
51.360057,-0.000375
51.364056,2.34375e-05
51.368055,3.90625e-05
51.372055,0.00010156250000000001
51.376055,-0.0013437500000000001
51.380058,5.46875e-05
51.384056,0.00071875
51.388056,0.000109375
51.392055,-0.0013671875000000001
51.396056,1.5625e-05
51.400058,0.0006484375
51.404057,-3.90625e-05
51.408056,-0.0012109375
51.412055,1.5625e-05
51.416054,0.00084375
51.420058,3.90625e-05
51.424057,-0.0022109375000000002
51.428056,-3.125e-05
51.432055,0.000875
51.436055,-8.59375e-05
51.440058,-0.0021171875
51.444057,-0.0004453125
51.448055,0.0011171875000000001
51.452055,-7.031250000000001e-05
51.456055,6.25e-05
51.460058,-0.00040625000000000004
51.464057,-7.031250000000001e-05
51.468055,-4.6875e-05
51.472055,0.0001171875
51.476055,-0.001671875
51.480058,4.6875e-05
51.484056,0.0006015625
51.488055,7.8125e-05
51.492055,-0.0017109375
51.496055,-3.125e-05
51.500058,0.000546875
51.504056,7.031250000000001e-05
51.508055,-0.0015546875
51.512055,-5.46875e-05
51.516056,0.0009140625
51.520058,7.031250000000001e-05
51.524057,-0.0020703125
51.528056,-1.5625e-05
51.532055,0.00096875
51.536055,-0.00014062500000000002
51.540058,-0.0019375
51.544059,-0.000375
51.548058,0.0010546875
51.552056,-6.25e-05
51.556056,7.031250000000001e-05
51.560058,-0.00040625000000000004
51.564057,-2.34375e-05
51.568056,6.25e-05
51.572056,7.8125e-05
51.576055,-0.001578125
51.580057,7.8125e-05
51.584056,0.000546875
51.588056,9.375e-05
51.592055,-0.0013671875000000001
51.596055,7.8125e-06
51.600057,0.0004921875
51.604056,7.031250000000001e-05
51.608055,-0.0015703125
51.612056,3.90625e-05
51.616055,0.00084375
51.620057,9.375e-05
51.624057,-0.001953125
51.628056,-7.8125e-06
51.632056,0.0011640625
51.636055,-2.34375e-05
51.640058,-0.0016250000000000001
51.644057,-0.00025
51.648056,0.000984375
51.652055,0.00021875
51.656055,3.90625e-05
51.660058,-0.000234375
51.664057,7.8125e-06
51.668056,0.0002265625
51.672055,0.000109375
51.676055,-0.0015937500000000001
51.68006,0.0
51.684058,0.0006015625
51.688056,9.375e-05
51.692055,-0.001515625
51.696059,-7.8125e-06
51.700058,0.0005
51.704056,7.8125e-06
51.708055,-0.0016484375
51.712056,1.5625e-05
51.716055,0.0009609375
51.720058,7.031250000000001e-05
51.724057,-0.001953125
51.728055,-6.25e-05
51.732055,0.001078125
51.736055,5.46875e-05
51.740058,-0.0015937500000000001
51.744056,-0.00021875
51.748055,0.0009140625
51.752055,0.0004296875
51.756056,-0.00121875
51.760059,-0.0002265625
51.764057,3.125e-05
51.768056,0.0001171875
51.772056,7.031250000000001e-05
51.776055,-0.0003046875
51.780058,5.46875e-05
51.784056,0.0005703125
51.788056,0.000125
51.792055,-0.001265625
51.796056,3.125e-05
51.800058,0.0005703125
51.804057,8.59375e-05
51.808056,-0.001421875
51.812055,-3.125e-05
51.816055,0.000703125
51.820057,-7.8125e-06
51.824056,-0.002109375
51.828055,1.5625e-05
51.832055,0.001015625
51.836055,3.90625e-05
51.840057,-0.002984375
51.844057,-0.0002578125
51.848056,0.0007109375
51.852055,0.00028125000000000003
51.856055,-0.0011875
51.860057,-0.0002421875
51.864056,2.34375e-05
51.868055,0.0001328125
51.872055,0.00010156250000000001
51.876055,-0.0003046875
51.880057,0.0
51.884056,0.0006328125
51.888055,3.90625e-05
51.892055,-0.0016093750000000001
51.896056,2.34375e-05
51.900057,0.0006015625
51.904057,4.6875e-05
51.908056,-0.001875
51.912055,-9.375e-05
51.916055,0.0008359375
51.920057,9.375e-05
51.924055,-0.0018671875000000001
51.928055,-7.8125e-06
51.932056,0.00109375
51.936055,4.6875e-05
51.940058,-0.0039609375
51.944057,-0.00021875
51.948056,0.0006171875
51.952055,5.46875e-05
51.956055,-0.00090625
51.960058,-0.00039843750000000003
51.964056,3.125e-05
51.968055,0.0001171875
51.972055,7.8125e-05
51.976055,-0.0004453125
51.980058,7.8125e-06
51.984056,0.000625
51.988056,6.25e-05
51.992055,-0.0016093750000000001
51.996055,-7.8125e-06
52.000058,0.0006875
52.004056,3.90625e-05
52.008055,-0.0018437500000000001
52.012055,-6.25e-05
52.016055,0.0007109375
52.020058,0.0
52.024057,-0.0018359375000000001
52.028056,-7.8125e-06
52.032055,0.0011640625
52.036055,8.59375e-05
52.040058,-0.0038046875
52.044057,-0.0001796875
52.048055,0.0005625000000000001
52.052055,0.00010156250000000001
52.056055,-0.00115625
52.060058,-0.00028125000000000003
52.064056,3.90625e-05
52.068056,0.0001953125
52.072055,1.5625e-05
52.076055,-0.00046093750000000003
52.080058,9.375e-05
52.084056,0.0006171875
52.088055,0.000109375
52.092055,-0.0014609375
52.096055,3.125e-05
52.100057,0.00071875
52.104056,4.6875e-05
52.108055,-0.0016640625
52.112055,2.34375e-05
52.116055,0.000703125
52.120057,7.8125e-06
52.124057,-0.0017578125
52.128055,-7.8125e-06
52.132055,0.0011640625
52.136055,6.25e-05
52.140058,-0.0037890625
52.144057,-0.000375
52.148055,0.000484375
52.152055,7.031250000000001e-05
52.156055,-0.001046875
52.160057,-0.000234375
52.164057,7.8125e-06
52.168056,0.00020312500000000002
52.172055,7.8125e-05
52.176055,-0.000546875
52.180058,-3.90625e-05
52.184055,0.000609375
52.188056,0.0001328125
52.192055,-0.0016484375
52.196055,2.34375e-05
52.200058,0.0006640625
52.204057,3.90625e-05
52.208055,-0.002046875
52.212055,-1.5625e-05
52.216055,0.0007890625
52.220058,6.25e-05
52.224057,-0.0019296875
52.228056,-7.8125e-06
52.232055,0.00103125
52.236055,6.25e-05
52.240058,-0.0036953125000000002
52.244056,-7.8125e-06
52.248055,0.0004765625
52.252055,3.125e-05
52.256055,-0.001
52.260058,-0.0002578125
52.264057,0.000515625
52.268063,0.0001171875
52.272059,6.25e-05
52.276056,-0.0006718750000000001
52.280058,7.8125e-06
52.284056,0.000421875
52.288055,0.0001171875
52.292056,-0.001671875
52.296056,-5.46875e-05
52.300058,0.0006328125
52.304057,6.25e-05
52.308056,-0.001828125
52.312055,-3.125e-05
52.316056,0.0007265625
52.320058,-7.8125e-06
52.324056,-0.0019921875
52.328055,-9.375e-05
52.332055,0.001171875
52.336055,0.0001328125
52.340058,-0.001234375
52.344057,6.25e-05
52.348056,0.0005390625
52.352055,0.00010156250000000001
52.356055,-0.0010234375
52.360057,-0.000296875
52.364057,0.0005
52.368055,0.0001484375
52.372055,7.031250000000001e-05
52.376054,-0.0006953125
52.380058,2.34375e-05
52.384056,0.00034375
52.388056,1.5625e-05
52.392055,-0.0016875
52.396056,3.90625e-05
52.400057,0.0006640625
52.404056,9.375e-05
52.408055,-0.0018046875
52.412055,3.90625e-05
52.416055,0.0007734375
52.420057,8.59375e-05
52.424056,-0.0020234375
52.428056,0.0
52.432056,0.0012734375
52.436054,4.6875e-05
52.440057,-0.0010703125
52.444056,3.125e-05
52.448056,0.0005390625
52.452055,0.0002421875
52.456055,-0.0010390625
52.460058,-0.0003671875
52.464056,0.0004453125
52.468055,0.0001484375
52.472055,7.8125e-05
52.476055,-0.0006875
52.480058,-3.90625e-05
52.484057,0.0003515625
52.488055,6.25e-05
52.492055,-0.001484375
52.496055,0.0
52.500058,0.00078125
52.504057,7.8125e-05
52.508055,-0.0019609375
52.512055,-3.90625e-05
52.516055,0.000875
52.520057,0.0
52.524056,-0.0018828125
52.528056,-5.46875e-05
52.532055,0.0011875
52.536055,6.25e-05
52.540058,-0.0011328125
52.544061,3.125e-05
52.548059,0.0005625000000000001
52.552056,0.00014062500000000002
52.556056,-0.0010078125
52.560058,-0.000328125
52.564057,0.0004375
52.568055,0.0002265625
52.572056,0.0001171875
52.576055,-0.0005
52.580058,5.46875e-05
52.584056,0.0003828125
52.588056,0.000109375
52.592056,-0.0016328125
52.596055,4.6875e-05
52.600058,0.0006171875
52.604057,8.59375e-05
52.608055,-0.0020625
52.612055,2.34375e-05
52.616055,0.000828125
52.620058,3.90625e-05
52.624057,-0.0019453125
52.628055,-6.25e-05
52.632055,0.001234375
52.636055,9.375e-05
52.640057,-0.0012890625
52.644056,3.125e-05
52.648056,0.0004921875
52.652056,-2.34375e-05
52.656055,-0.0009375
52.660057,-0.0003828125
52.664056,0.0005
52.668056,0.0002578125
52.672055,9.375e-05
52.676055,-0.0008828125
52.680059,-1.5625e-05
52.684058,0.000421875
52.688056,8.59375e-05
52.692055,-0.0016171875000000001
52.696059,0.0
52.700058,0.0006328125
52.704057,7.031250000000001e-05
52.708055,-0.00228125
52.712055,-7.031250000000001e-05
52.716055,0.0007578125
52.720058,2.34375e-05
52.724057,-0.001828125
52.728055,-3.125e-05
52.732055,0.00109375
52.736055,7.031250000000001e-05
52.74006,-0.001171875
52.744057,6.25e-05
52.748056,0.0004765625
52.752055,-0.000109375
52.756055,-0.0009921875
52.760059,-0.00028125000000000003
52.764062,0.00053125
52.768057,0.00020312500000000002
52.772056,-0.0007734375
52.776055,-0.00084375
52.780058,-7.8125e-06
52.784056,0.0002734375
52.788056,0.0
52.792055,-0.00084375
52.796055,0.0
52.800058,0.0007734375
52.804057,0.000109375
52.808056,-0.002015625
52.812056,2.34375e-05
52.816055,0.0007890625
52.820058,4.6875e-05
52.824058,-0.0018437500000000001
52.828058,4.6875e-05
52.832056,0.0007109375
52.836055,7.8125e-05
52.840058,-0.001078125
52.844057,-7.8125e-06
52.848056,0.000359375
52.852055,-5.46875e-05
52.856055,-0.0009296875000000001
52.860058,-0.0002578125
52.864057,0.0004375
52.868056,0.0002265625
52.872055,-0.0007890625
52.876055,-0.000765625
52.880058,6.25e-05
52.884056,0.0002421875
52.888056,3.90625e-05
52.892056,-0.00103125
52.896055,2.34375e-05
52.900057,0.000734375
52.904056,4.6875e-05
52.908055,-0.00196875
52.912055,7.8125e-06
52.916055,0.00084375
52.920057,3.125e-05
52.924057,-0.001828125
52.928055,-7.8125e-06
52.932055,0.0008046875000000001
52.936055,3.90625e-05
52.940057,-0.0011171875000000001
52.944057,0.0001640625
52.948055,0.00046875
52.952054,0.00010156250000000001
52.956055,-0.0007968750000000001
52.960057,-0.000421875
52.964056,0.0005859375
52.968055,0.0002265625
52.972055,-0.000421875
52.976055,-0.0007578125
52.980057,0.0
52.984057,0.0003203125
52.988056,8.59375e-05
52.992055,-0.00078125
52.996055,4.6875e-05
53.000058,0.000734375
53.004056,3.90625e-05
53.008056,-0.0019140625
53.012056,3.125e-05
53.016055,0.000828125
53.020058,5.46875e-05
53.024056,-0.0017734375
53.028055,-2.34375e-05
53.032055,0.000703125
53.036055,1.5625e-05
53.040058,-0.001265625
53.044057,7.8125e-05
53.048056,0.000453125
53.052055,-2.34375e-05
53.056055,-0.0007421875
53.060058,-0.00046875
53.064056,0.00059375
53.068055,0.000328125
53.072055,-0.0001484375
53.076055,-0.0007734375
53.080058,3.90625e-05
53.084056,0.000296875
53.088055,9.375e-05
53.092055,-0.00075
53.096055,1.5625e-05
53.100058,0.00078125
53.104057,7.031250000000001e-05
53.108055,-0.0018671875000000001
53.112055,0.0
53.116055,0.0007734375
53.120058,0.000109375
53.124057,-0.0019765625
53.128056,-8.59375e-05
53.132055,0.0006875
53.136055,0.0
53.140058,-0.0011484375
53.144056,7.8125e-06
53.148056,0.000359375
53.152055,-0.0001171875
53.156055,-0.0008125000000000001
53.160058,-0.00034375
53.164056,0.0005078125
53.168056,0.0003203125
53.172055,7.8125e-06
53.176055,-0.0006640625
53.180057,2.34375e-05
53.184056,0.0003203125
53.188055,0.00010156250000000001
53.192055,-0.0007734375
53.196055,-5.46875e-05
53.200057,0.00075
53.204056,0.000109375
53.208055,-0.002046875
53.212055,0.0
53.216055,0.0008203125
53.220057,7.031250000000001e-05
53.224056,-0.001828125
53.228056,3.125e-05
53.232055,0.0007421875
53.236055,2.34375e-05
53.240057,-0.00203125
53.244056,0.00020312500000000002
53.248055,0.0003828125
53.252056,7.031250000000001e-05
53.256055,-0.0009375
53.260058,7.031250000000001e-05
53.264056,0.000484375
53.268056,0.00028125000000000003
53.272061,-1.5625e-05
53.276057,-0.0006718750000000001
53.280058,7.8125e-06
53.284057,0.00033593750000000003
53.288056,1.5625e-05
53.292055,-0.000765625
53.296055,0.0
53.300058,0.0002421875
53.304057,4.6875e-05
53.308056,-0.002109375
53.312055,-7.031250000000001e-05
53.316056,0.0007734375
53.320058,2.34375e-05
53.324057,-0.0018515625000000001
53.328056,-3.125e-05
53.332056,0.00078125
53.336055,0.00010156250000000001
53.340058,-0.002109375
53.344057,0.00015625
53.348056,0.00053125
53.352055,7.8125e-06
53.356055,-0.0006015625
53.360057,0.0001484375
53.364056,0.0006171875
53.368056,0.00033593750000000003
53.372056,0.0
53.376055,-0.00065625
53.380058,5.46875e-05
53.384056,0.000484375
53.388056,9.375e-05
53.392056,-0.0008203125
53.396055,1.5625e-05
53.400058,0.000375
53.404056,5.46875e-05
53.408055,-0.0018671875000000001
53.412055,-7.8125e-06
53.416055,0.0007734375
53.420057,-3.90625e-05
53.424056,-0.001671875
53.428056,-7.8125e-06
53.432055,0.0008203125
53.436055,-0.000109375
53.440057,-0.001984375
53.444056,-3.125e-05
53.448055,0.00040625000000000004
53.452055,-9.375e-05
53.456055,-0.0007265625
53.460057,-0.00010156250000000001
53.464055,0.0006328125
53.468056,0.00028125000000000003
53.472055,2.34375e-05
53.476055,-0.000984375
53.480057,-7.8125e-06
53.484057,0.0002890625
53.488055,7.8125e-05
53.492055,-0.00096875
53.496055,-2.34375e-05
53.500057,0.000359375
53.504057,0.00010156250000000001
53.508056,-0.001921875
53.512055,-3.125e-05
53.516055,0.000765625
53.520057,5.46875e-05
53.524056,-0.002015625
53.528055,6.25e-05
53.53206,0.00075
53.536057,3.90625e-05
53.540058,-0.0020390625
53.544057,0.0001484375
53.548056,0.000484375
53.552055,-0.0001171875
53.556055,-0.0006484375
53.560058,-9.375e-05
53.564057,0.0005859375
53.568056,0.00039843750000000003
53.572055,-2.34375e-05
53.576055,-0.0008828125
53.580058,4.6875e-05
53.584057,0.0002578125
53.588056,0.00010156250000000001
53.592055,-0.0008828125
53.596055,-5.46875e-05
53.600058,0.0003828125
53.604057,3.125e-05
53.608055,-0.0018828125
53.612055,-7.8125e-06
53.616055,0.0008046875000000001
53.620058,3.90625e-05
53.624055,-0.0019609375
53.628056,1.5625e-05
53.632055,0.00075
53.636055,5.46875e-05
53.640058,-0.0021328125
53.644056,0.0001875
53.648056,0.00046875
53.652056,3.90625e-05
53.656055,-0.0006171875
53.660058,5.46875e-05
53.664057,0.0007265625
53.668055,0.0003671875
53.672055,1.5625e-05
53.676055,-0.0008671875
53.68006,1.5625e-05
53.684058,0.00033593750000000003
53.688056,0.000109375
53.692055,-0.000875
53.696059,-2.34375e-05
53.700058,0.000359375
53.704056,9.375e-05
53.708055,-0.00196875
53.712055,7.8125e-06
53.716055,0.0006953125
53.720057,0.0
53.724057,-0.001890625
53.728056,1.5625e-05
53.732055,0.0008203125
53.736055,-0.00015625
53.740057,-0.0019609375
53.744056,-6.25e-05
53.748056,0.000515625
53.752055,3.90625e-05
53.756055,-0.0007578125
53.760057,-1.5625e-05
53.764058,0.0008359375
53.768061,0.000171875
53.772057,3.125e-05
53.776056,-0.0006953125
53.780057,-1.5625e-05
53.784057,0.0002890625
53.788056,0.0
53.792055,-0.0008515625
53.796055,-5.46875e-05
53.800057,0.000375
53.804057,7.8125e-05
53.808056,-0.0012109375
53.812055,1.5625e-05
53.816055,0.000703125
53.820058,7.031250000000001e-05
53.824056,-0.0022890625
53.828056,-2.34375e-05
53.832055,0.0006328125
53.836056,-3.125e-05
53.840058,-0.0019296875
53.844059,0.0001171875
53.848056,0.0009375
53.852055,-0.00010156250000000001
53.856055,-0.0009140625
53.860058,-3.90625e-05
53.864056,0.0006640625
53.868055,-3.125e-05
53.872056,0.0
53.876055,-0.0007890625
53.880058,2.34375e-05
53.884057,0.0003046875
53.888056,6.25e-05
53.892055,-0.00096875
53.896055,-7.8125e-06
53.900058,0.0003515625
53.904056,7.031250000000001e-05
53.908056,-0.0011796875
53.912055,-1.5625e-05
53.916055,0.0007578125
53.920057,0.000109375
53.924056,-0.0018203125
53.928056,3.125e-05
53.932055,0.0007109375
53.936055,7.8125e-06
53.940058,-0.0020390625
53.944057,0.00014062500000000002
53.948056,0.000890625
53.952055,8.59375e-05
53.956055,-0.000890625
53.960058,-0.00015625
53.964057,0.0006875
53.968055,2.34375e-05
53.972054,-1.5625e-05
53.976055,-0.0007578125
53.980058,-2.34375e-05
53.984057,0.00028125000000000003
53.988056,8.59375e-05
53.992055,-0.0010546875
53.996055,2.34375e-05
54.000057,0.0003203125
54.004057,8.59375e-05
54.008054,-0.0014453125
54.012055,1.5625e-05
54.016055,0.0007421875
54.020057,9.375e-05
54.024056,-0.0020546875
54.028056,-1.5625e-05
54.032056,0.0009140625
54.036055,-8.59375e-05
54.040057,-0.002
54.044056,0.000125
54.048055,0.0009296875000000001
54.052055,3.125e-05
54.056055,-0.00065625
54.060057,5.46875e-05
54.064057,0.00075
54.068056,0.00010156250000000001
54.072055,2.34375e-05
54.076055,-0.0008984375
54.080058,-1.5625e-05
54.084057,0.000421875
54.088056,3.90625e-05
54.092056,-0.0010390625
54.096055,3.90625e-05
54.100058,0.0003828125
54.104057,8.59375e-05
54.108056,-0.0011796875
54.112055,7.8125e-06
54.116055,0.0007968750000000001
54.120058,8.59375e-05
54.124056,-0.0020234375
54.128055,-3.125e-05
54.132055,0.000734375
54.136055,-0.00015625
54.140058,-0.0020625
54.144057,-3.125e-05
54.148056,0.00090625
54.152055,-8.59375e-05
54.156055,-0.0008671875
54.160058,-6.25e-05
54.164056,0.0006171875
54.168055,0.00010156250000000001
54.172055,-5.46875e-05
54.176055,-0.0008203125
54.180057,1.5625e-05
54.184056,0.0002578125
54.188056,6.25e-05
54.192055,-0.0009296875000000001
54.196055,7.8125e-06
54.200058,0.0004296875
54.204056,7.8125e-05
54.208055,-0.00128125
54.212055,0.0
54.216055,0.000734375
54.220058,8.59375e-05
54.224056,-0.001921875
54.228055,-2.34375e-05
54.232054,0.0009296875000000001
54.236055,-1.5625e-05
54.240057,-0.00203125
54.244056,1.5625e-05
54.248055,0.0009609375
54.252055,-0.000171875
54.256055,-0.00090625
54.260058,-0.0001171875
54.264057,0.0004765625
54.268056,-1.5625e-05
54.272056,-2.34375e-05
54.276055,-0.000828125
54.280057,0.0
54.284056,0.000375
54.288056,6.25e-05
54.292055,-0.0010859375
54.296055,-1.5625e-05
54.300057,0.0003671875
54.304056,0.000109375
54.308055,-0.0015937500000000001
54.312055,4.6875e-05
54.316055,0.0004765625
54.320058,0.0
54.324057,-0.0019609375
54.328056,-3.125e-05
54.332056,0.0007421875
54.336055,5.46875e-05
54.340058,-0.0021796875
54.344057,0.0002265625
54.348056,0.00090625
54.352055,0.0001328125
54.356055,-0.002265625
54.360058,-5.46875e-05
54.364057,0.0004296875
54.368055,8.59375e-05
54.372055,0.0
54.376055,-7.8125e-06
54.380059,2.34375e-05
54.384057,0.00034375
54.388056,6.25e-05
54.392055,-0.00084375
54.396055,4.6875e-05
54.400058,0.00046875
54.404056,0.0
54.408055,-0.001140625
54.412055,-1.5625e-05
54.416055,0.0005078125
54.420058,7.8125e-05
54.424055,-0.0019375
54.428056,-7.8125e-05
54.432055,0.0008046875000000001
54.436055,-3.90625e-05
54.440058,-0.002109375
54.444057,-2.34375e-05
54.448056,0.0009375
54.452055,3.90625e-05
54.456055,-0.002140625
54.460058,-7.031250000000001e-05
54.464056,0.0004375
54.468055,0.00014062500000000002
54.472055,4.6875e-05
54.476055,4.6875e-05
54.480058,3.125e-05
54.484056,0.0003671875
54.488055,5.46875e-05
54.492055,-0.00078125
54.496055,2.34375e-05
54.500057,0.0005234375
54.504056,-2.34375e-05
54.508056,-0.0011015625000000001
54.512055,-7.8125e-06
54.516055,0.0005625000000000001
54.520058,7.031250000000001e-05
54.524056,-0.0018437500000000001
54.528055,5.46875e-05
54.532055,0.0008515625
54.536056,8.59375e-05
54.540059,-0.002046875
54.544057,-4.6875e-05
54.548056,0.0009453125
54.552055,-9.375e-05
54.556055,-0.0020703125
54.560057,-0.00021875
54.564056,0.0002421875
54.568055,7.031250000000001e-05
54.572055,2.34375e-05
54.576055,0.0
54.580057,-4.6875e-05
54.584057,0.0003125
54.588056,7.8125e-05
54.592055,-0.000890625
54.596055,-3.125e-05
54.600057,0.0004375
54.604056,7.031250000000001e-05
54.608055,-0.00140625
54.612055,3.125e-05
54.616055,0.00046875
54.620058,4.6875e-05
54.624056,-0.00203125
54.628055,-4.6875e-05
54.632055,0.00075
54.636055,5.46875e-05
54.640058,-0.0020859375
54.644057,0.00010156250000000001
54.648055,0.0009296875000000001
54.652055,-1.5625e-05
54.656055,-0.0022578125
54.660058,-0.00015625
54.664057,0.0002734375
54.668055,0.000109375
54.672055,3.90625e-05
54.676055,7.8125e-06
54.68006,2.34375e-05
54.684058,0.0004296875
54.688056,7.031250000000001e-05
54.692056,-0.0010390625
54.696059,5.46875e-05
54.700059,0.0004453125
54.704057,0.00010156250000000001
54.708055,-0.001515625
54.712055,2.34375e-05
54.716055,0.0004375
54.720058,8.59375e-05
54.724056,-0.0019140625
54.728055,3.125e-05
54.732055,0.0009140625
54.736055,0.0001171875
54.740057,-0.0019921875
54.744056,3.90625e-05
54.748055,0.0009140625
54.752055,0.000125
54.756055,-0.0020546875
54.760058,6.25e-05
54.764057,0.000265625
54.768057,0.00015625
54.772062,6.25e-05
54.776057,1.5625e-05
54.780058,2.34375e-05
54.784057,0.00046875
54.788056,7.031250000000001e-05
54.792055,-0.0008203125
54.796056,3.90625e-05
54.800057,0.0005546875000000001
54.804056,5.46875e-05
54.808056,-0.0010859375
54.812056,4.6875e-05
54.816055,0.0005390625
54.820057,2.34375e-05
54.824057,-0.0013203125
54.828056,-3.90625e-05
54.832055,0.0008984375
54.836055,2.34375e-05
54.840057,-0.0020078125
54.844056,-2.34375e-05
54.848055,0.000890625
54.852055,-7.8125e-06
54.856055,-0.0020703125
54.860058,-0.0001171875
54.864056,0.0009609375
54.868055,0.0001484375
54.872055,4.6875e-05
54.876055,0.00010156250000000001
54.880057,-2.34375e-05
54.884056,-0.00010156250000000001
54.888055,3.125e-05
54.892055,-0.0011328125
54.896055,5.46875e-05
54.900058,0.0004453125
54.904055,4.6875e-05
54.908056,-0.0013515625000000001
54.912055,-4.6875e-05
54.916055,0.0004765625
54.920058,7.8125e-05
54.924057,-0.001375
54.928056,-1.5625e-05
54.932055,0.0008671875
54.936055,8.59375e-05
54.940058,-0.0022890625
54.944056,-2.34375e-05
54.948056,0.000953125
54.952055,6.25e-05
54.956055,-0.002125
54.960058,-7.8125e-05
54.964057,0.000890625
54.968055,2.34375e-05
54.972055,5.46875e-05
54.976055,0.000109375
54.980058,7.031250000000001e-05
54.984057,-8.59375e-05
54.988056,0.00010156250000000001
54.992056,-0.0009609375
54.996055,7.031250000000001e-05
55.000058,0.0004765625
55.004085,4.6875e-05
55.008056,-0.00109375
55.012056,-3.125e-05
55.016055,0.0005234375
55.020058,5.46875e-05
55.024057,-0.0015859375
55.028056,7.8125e-06
55.032055,0.0008828125
55.036055,6.25e-05
55.040058,-0.0022265625000000002
55.044056,3.90625e-05
55.048055,0.0008984375
55.052055,0.0001484375
55.056055,-0.00196875
55.060058,-8.59375e-05
55.064056,0.000953125
55.068056,7.8125e-06
55.072055,4.6875e-05
55.076055,0.0001171875
55.080057,3.125e-05
55.084057,7.8125e-06
55.088055,7.8125e-05
55.092055,-0.0010859375
55.096055,4.6875e-05
55.100057,0.000546875
55.104056,6.25e-05
55.108055,-0.0012890625
55.112055,2.34375e-05
55.116055,0.0005703125
55.120057,4.6875e-05
55.124056,-0.0016484375
55.128055,7.8125e-06
55.132055,0.0008671875
55.136055,0.00010156250000000001
55.140058,-0.002078125
55.144056,-3.125e-05
55.148055,0.0009453125
55.152055,7.8125e-05
55.156055,-0.0046171875
55.160057,-1.5625e-05
55.164057,0.0009375
55.168055,-7.031250000000001e-05
55.172055,6.25e-05
55.176055,7.8125e-06
55.180057,1.5625e-05
55.184056,1.5625e-05
55.188056,-7.8125e-06
55.192055,-0.0010234375
55.196055,7.8125e-06
55.200058,0.0005078125
55.204057,1.5625e-05
55.208055,-0.0013125
55.212055,2.34375e-05
55.216055,0.0005390625
55.220058,7.8125e-06
55.224057,-0.0015390625
55.228055,3.125e-05
55.232055,0.00090625
55.236055,8.59375e-05
55.240058,-0.00234375
55.244057,0.0
55.248056,0.0009609375
55.252055,-3.90625e-05
55.256054,-0.0043984375000000004
55.260059,-0.000125
55.264061,0.0009296875000000001
55.268058,-2.34375e-05
55.272056,5.46875e-05
55.276055,0.0001171875
55.280058,1.5625e-05
55.284056,6.25e-05
55.288056,6.25e-05
55.292055,-0.0010859375
55.296055,2.34375e-05
55.300058,0.000515625
55.304056,7.031250000000001e-05
55.308056,-0.0012890625
55.312056,2.34375e-05
55.316055,0.0005
55.320058,7.031250000000001e-05
55.324057,-0.001703125
55.328056,-2.34375e-05
55.332056,0.0006640625
55.336056,9.375e-05
55.340058,-0.0022421875000000003
55.344057,-1.5625e-05
55.348056,0.0008828125
55.352056,3.125e-05
55.356055,-0.004765625
55.360057,-0.0001953125
55.364056,0.0010390625
55.368056,3.125e-05
55.372055,-0.00209375
55.376055,7.031250000000001e-05
55.380057,-1.5625e-05
55.384056,2.34375e-05
55.388056,5.46875e-05
55.392055,-2.34375e-05
55.396055,4.6875e-05
55.400057,0.0004921875
55.404056,3.125e-05
55.408055,-0.001265625
55.412055,5.46875e-05
55.416055,0.000515625
55.420058,1.5625e-05
55.424056,-0.0016796875
55.428056,-2.34375e-05
55.432055,0.0006328125
55.436055,6.25e-05
55.440058,-0.0022109375000000002
55.444055,7.8125e-06
55.448055,0.0009296875000000001
55.452055,9.375e-05
55.456055,-0.004875
55.460058,7.8125e-05
55.464056,0.000953125
55.468055,3.125e-05
55.472055,-0.0041328125
55.476055,-6.25e-05
55.480058,2.34375e-05
55.484056,-0.0001484375
55.488055,7.031250000000001e-05
55.492055,-0.0001328125
55.496055,0.0
55.500058,0.000515625
55.504056,9.375e-05
55.508054,-0.0013203125
55.512055,3.125e-05
55.516056,0.00046875
55.520058,8.59375e-05
55.524056,-0.0018515625000000001
55.528056,4.6875e-05
55.532055,0.000625
55.536055,6.25e-05
55.54006,-0.0022187500000000002
55.544056,2.34375e-05
55.548056,0.000984375
55.552056,0.000109375
55.556055,-0.0046015625
55.560058,-0.00014062500000000002
55.564056,0.0010546875
55.568055,-3.125e-05
55.572055,-0.002140625
55.576055,-0.0001171875
55.580058,-7.8125e-06
55.584056,4.6875e-05
55.588056,7.031250000000001e-05
55.592055,-9.375e-05
55.596055,-5.46875e-05
55.600058,0.00046093750000000003
55.604057,3.125e-05
55.608055,-0.0011250000000000001
55.612055,-7.8125e-06
55.616055,0.0005859375
55.620057,7.031250000000001e-05
55.624057,-0.0016015625000000001
55.628056,-2.34375e-05
55.632055,0.000578125
55.636055,4.6875e-05
55.640058,-0.0022343750000000002
55.644057,-4.6875e-05
55.648055,0.00084375
55.652055,0.0
55.656055,-0.0019609375
55.660057,-0.000125
55.664056,0.001015625
55.668055,-2.34375e-05
55.672055,-0.0023046875
55.676055,9.375e-05
55.680059,2.34375e-05
55.684058,-5.46875e-05
55.688055,7.8125e-05
55.692055,-0.0002734375
55.696059,-7.8125e-06
55.700058,0.0004765625
55.704057,3.90625e-05
55.708055,-0.001140625
55.712055,-4.6875e-05
55.716055,0.0006171875
55.720058,0.0
55.724057,-0.0013828125
55.728055,-1.5625e-05
55.732055,0.0006640625
55.736055,5.46875e-05
55.740058,-0.0020859375
55.744057,0.0
55.748055,0.0008515625
55.752055,3.125e-05
55.756055,-0.004671875
55.760057,-5.46875e-05
55.764056,0.00096875
55.768056,2.34375e-05
55.772062,-0.0020390625
55.776058,-0.0001796875
55.780058,1.5625e-05
55.784057,-2.34375e-05
55.788055,5.46875e-05
55.792055,-0.0001171875
55.796056,6.25e-05
55.800058,0.000515625
55.804056,9.375e-05
55.808055,-0.0013515625000000001
55.812055,1.5625e-05
55.816055,0.0005390625
55.820058,9.375e-05
55.824057,-0.00165625
55.828056,-3.125e-05
55.832055,0.0005703125
55.836055,4.6875e-05
55.840058,-0.0016015625000000001
55.844056,-4.6875e-05
55.848055,0.000875
55.852055,1.5625e-05
55.856055,-0.0020078125
55.860058,-7.8125e-06
55.864056,0.0009296875000000001
55.868056,-3.125e-05
55.872055,-0.0021484375
55.876055,9.375e-05
55.880057,0.0008984375
55.884056,4.6875e-05
55.888055,3.125e-05
55.892055,-0.0001953125
55.896055,0.0
55.900057,5.46875e-05
55.904056,7.031250000000001e-05
55.908056,-0.001296875
55.912055,1.5625e-05
55.916055,0.000625
55.920057,0.000109375
55.924056,-0.00165625
55.928055,-9.375e-05
55.932055,0.000640625
55.936055,7.8125e-05
55.940057,-0.0014921875
55.944056,7.8125e-06
55.948056,0.0009218750000000001
55.952055,0.0
55.956055,-0.0020625
55.960057,0.0
55.964057,0.0009609375
55.968055,0.00010156250000000001
55.972055,-0.0019921875
55.976055,7.8125e-06
55.980058,0.00096875
55.984056,4.6875e-05
55.988056,8.59375e-05
55.992055,-7.8125e-06
55.996055,3.90625e-05
56.000058,3.90625e-05
56.004057,6.25e-05
56.008056,-0.00128125
56.012055,3.125e-05
56.016055,0.000578125
56.020058,9.375e-05
56.024055,-0.00146875
56.028056,-2.34375e-05
56.032055,0.000640625
56.036055,1.5625e-05
56.040058,-0.0014765625
56.044056,2.34375e-05
56.048055,0.000875
56.052055,0.0
56.056055,-0.0022031250000000002
56.060058,-7.8125e-06
56.064056,0.0009453125
56.068055,-8.59375e-05
56.072055,-0.0019296875
56.076055,7.031250000000001e-05
56.080058,0.0009453125
56.084056,8.59375e-05
56.088055,7.8125e-06
56.092055,-7.8125e-06
56.096055,-3.125e-05
56.100058,0.00028125000000000003
56.104057,0.0001328125
56.108056,-0.0014609375
56.112056,0.0
56.116055,0.0005703125
56.120058,5.46875e-05
56.124057,-0.0015625
56.128055,1.5625e-05
56.132055,0.0006171875
56.136055,5.46875e-05
56.140057,-0.00146875
56.144056,-3.90625e-05
56.148055,0.0009609375
56.152055,7.8125e-05
56.156055,-0.00234375
56.160057,7.8125e-06
56.164057,0.000890625
56.168056,-0.00010156250000000001
56.172055,-0.002
56.176055,-0.000125
56.180057,0.0009296875000000001
56.184056,2.34375e-05
56.188056,9.375e-05
56.192055,-0.0001953125
56.196055,-3.90625e-05
56.200058,0.0001171875
56.204058,7.8125e-05
56.208055,-0.0013515625000000001
56.212056,-7.8125e-06
56.216055,0.000625
56.220057,0.0001171875
56.224056,-0.0016093750000000001
56.228055,2.34375e-05
56.232055,0.0005703125
56.236055,9.375e-05
56.240058,-0.0015
56.244057,-4.6875e-05
56.248055,0.0009765625
56.252055,3.90625e-05
56.256055,-0.002046875
56.260058,1.5625e-05
56.264058,0.0009140625
56.268061,-7.8125e-06
56.272057,-0.0043828125
56.276055,6.25e-05
56.280058,0.001
56.284056,-1.5625e-05
56.288055,0.0
56.292055,-0.00025
56.296055,-3.90625e-05
56.300057,7.8125e-06
56.304056,7.031250000000001e-05
56.308055,-0.001328125
56.312055,7.8125e-06
56.316055,0.0006875
56.320058,7.031250000000001e-05
56.324056,-0.001390625
56.328055,7.8125e-06
56.332055,0.0006015625
56.336055,9.375e-05
56.340058,-0.001671875
56.344057,1.5625e-05
56.348056,0.000953125
56.352055,1.5625e-05
56.356055,-0.0021953125
56.360058,3.125e-05
56.364057,0.0009765625
56.368055,-3.90625e-05
56.372056,-0.0020625
56.376055,0.0
56.380058,0.0010390625
56.384057,0.0002265625
56.388056,-0.001953125
56.392056,-5.46875e-05
56.396055,-3.125e-05
56.400057,0.0001171875
56.404056,3.90625e-05
56.408056,-0.0002109375
56.412055,-2.34375e-05
56.416055,0.000546875
56.420058,0.00010156250000000001
56.424057,-0.0014609375
56.428056,3.90625e-05
56.432055,0.0008046875000000001
56.436055,7.8125e-06
56.440057,-0.0013984375
56.444057,-7.8125e-06
56.448056,0.0006796875000000001
56.452055,7.031250000000001e-05
56.456055,-0.002328125
56.460057,-0.00010156250000000001
56.464056,0.0009375
56.468055,7.8125e-05
56.472054,-0.0019375
56.476055,-3.125e-05
56.480057,0.001
56.484056,1.5625e-05
56.488056,-0.001796875
56.492056,-0.00020312500000000002
56.496055,0.0
56.500057,0.000171875
56.504057,7.8125e-06
56.508056,-0.000328125
56.512055,-2.34375e-05
56.516055,0.0005859375
56.520058,0.00015625
56.524057,-0.001640625
56.528055,-2.34375e-05
56.532055,0.000609375
56.536054,9.375e-05
56.540058,-0.0015703125
56.544061,1.5625e-05
56.548058,0.0006718750000000001
56.552056,-2.34375e-05
56.556056,-0.002109375
56.560058,2.34375e-05
56.564056,0.00090625
56.568055,6.25e-05
56.572055,-0.002109375
56.576056,-5.46875e-05
56.580058,0.0010390625
56.584056,-8.59375e-05
56.588055,-0.0018984375
56.592056,-0.000296875
56.596056,3.90625e-05
56.600058,3.125e-05
56.604056,3.125e-05
56.608055,-0.0002890625
56.612055,2.34375e-05
56.616055,0.0006953125
56.620058,0.0001484375
56.624057,-0.00175
56.628056,4.6875e-05
56.632055,0.0004765625
56.636055,8.59375e-05
56.640058,-0.0016093750000000001
56.644057,-4.6875e-05
56.648056,0.0006328125
56.652055,8.59375e-05
56.656055,-0.0022187500000000002
56.660058,0.0
56.664057,0.000953125
56.668056,1.5625e-05
56.672055,-0.0019609375
56.676055,1.5625e-05
56.68006,0.0010390625
56.684057,0.0001328125
56.688056,-0.0018125
56.692055,-0.00015625
56.696059,4.6875e-05
56.700058,0.000109375
56.704056,7.031250000000001e-05
56.708055,-0.00046875
56.712055,-1.5625e-05
56.716055,0.000734375
56.720057,0.00010156250000000001
56.724057,-0.001453125
56.728055,5.46875e-05
56.732056,0.000609375
56.736055,0.00010156250000000001
56.740057,-0.00146875
56.744059,-5.46875e-05
56.748057,0.0006484375
56.752056,3.90625e-05
56.756055,-0.002078125
56.760059,-7.8125e-06
56.764057,0.000890625
56.768056,0.00010156250000000001
56.772056,-0.0019296875
56.776056,-0.0001953125
56.780057,0.001015625
56.784056,7.031250000000001e-05
56.788055,-0.0015703125
56.792055,-0.000296875
56.796055,7.8125e-06
56.800058,0.0002734375
56.804057,6.25e-05
56.808056,-0.0002578125
56.812056,-3.90625e-05
56.816056,0.0005390625
56.820058,0.0001171875
56.824056,-0.0016171875000000001
56.828055,1.5625e-05
56.832055,0.0005625000000000001
56.836055,7.8125e-06
56.840058,-0.0013671875000000001
56.844056,1.5625e-05
56.848055,0.0006718750000000001
56.852055,7.031250000000001e-05
56.856055,-0.0022734375
56.860058,1.5625e-05
56.864057,0.0009375
56.868055,7.8125e-05
56.872055,-0.0019140625
56.876055,2.34375e-05
56.880058,0.0011015625000000001
56.884057,0.0001328125
56.888055,-0.0013593750000000001
56.892055,-0.00040625000000000004
56.896055,0.0005546875000000001
56.900058,0.0001171875
56.904057,6.25e-05
56.908055,-0.0001484375
56.912055,7.031250000000001e-05
56.916055,0.00020312500000000002
56.920058,7.031250000000001e-05
56.924057,-0.0015703125
56.928055,-1.5625e-05
56.932055,0.000578125
56.936055,6.25e-05
56.940058,-0.00175
56.944057,2.34375e-05
56.948055,0.0005625000000000001
56.952055,2.34375e-05
56.956055,-0.001953125
56.960058,-6.25e-05
56.964057,0.0009765625
56.968055,8.59375e-05
56.972055,-0.001890625
56.976055,-1.5625e-05
56.980057,0.0010546875
56.984056,4.6875e-05
56.988055,-0.0038125
56.992055,-0.000328125
56.996055,0.0005546875000000001
57.000057,0.0
57.004056,7.8125e-05
57.008055,-0.00033593750000000003
57.012055,7.8125e-06
57.016055,0.000109375
57.020057,0.0001328125
57.024056,-0.00146875
57.028055,4.6875e-05
57.032055,0.0006328125
57.036055,0.0001171875
57.040057,-0.0015937500000000001
57.044056,1.5625e-05
57.048054,0.000625
57.052056,3.125e-05
57.056055,-0.0018593750000000001
57.060058,0.0
57.064056,0.000984375
57.068055,-7.8125e-06
57.072055,-0.001765625
57.076055,-3.90625e-05
57.080058,0.0011093750000000001
57.084056,5.46875e-05
57.088056,-0.0039765625
57.092055,-0.000265625
57.096055,0.0005234375
57.100058,0.0001171875
57.104057,6.25e-05
57.108055,-0.0002578125
57.112055,4.6875e-05
57.116055,0.0
57.120058,0.00014062500000000002
57.124056,-0.0015625
57.128055,-2.34375e-05
57.132055,0.000578125
57.136055,6.25e-05
57.140058,-0.0015234375
57.144057,-3.125e-05
57.148056,0.00071875
57.152055,7.031250000000001e-05
57.156055,-0.0019765625
57.160058,6.25e-05
57.164057,0.0009765625
57.168055,2.34375e-05
57.172055,-0.0016093750000000001
57.176055,7.8125e-06
57.180058,0.001265625
57.184057,0.0001796875
57.188056,-0.00378125
57.192055,-0.00028125000000000003
57.196055,0.0005390625
57.200058,0.0001796875
57.204056,8.59375e-05
57.208055,-0.0003046875
57.212055,6.25e-05
57.216055,0.0002109375
57.220057,0.0001171875
57.224056,-0.0016796875
57.228056,1.5625e-05
57.232055,0.0005859375
57.236055,7.8125e-05
57.240057,-0.0016484375
57.244057,7.8125e-06
57.248055,0.000703125
57.252055,5.46875e-05
57.256055,-0.0017890625
57.260057,-2.34375e-05
57.264056,0.0009140625
57.268057,3.90625e-05
57.272059,-0.0018984375
57.276058,0.0
57.280058,0.00115625
57.284057,-7.8125e-05
57.288055,-0.003578125
57.292056,-0.00040625000000000004
57.296055,0.000578125
57.300057,5.46875e-05
57.304055,4.6875e-05
57.308056,-0.000296875
57.312055,1.5625e-05
57.316055,0.000125
57.320058,5.46875e-05
57.324057,-0.001546875
57.328055,3.90625e-05
57.332055,0.0005859375
57.336055,0.000109375
57.340058,-0.001578125
57.344056,1.5625e-05
57.348055,0.00065625
57.352055,7.031250000000001e-05
57.356055,-0.0018203125
57.360058,3.125e-05
57.364057,0.000828125
57.368055,3.125e-05
57.372055,-0.0019453125
57.376055,6.25e-05
57.380059,0.000984375
57.384057,5.46875e-05
57.388056,-0.0037109375000000003
57.392056,-0.00034375
57.396055,0.0005390625
57.400058,2.34375e-05
57.404057,-0.0008828125
57.408055,-0.00040625000000000004
57.412055,3.90625e-05
57.416055,0.0001875
57.420058,0.000125
57.424057,-0.0006015625
57.428056,7.031250000000001e-05
57.432055,0.000578125
57.436056,0.00010156250000000001
57.440058,-0.0015937500000000001
57.444056,0.0
57.448055,0.000703125
57.452055,4.6875e-05
57.456055,-0.001875
57.460058,7.8125e-06
57.464056,0.0008046875000000001
57.468055,3.125e-05
57.472055,-0.001765625
57.476055,2.34375e-05
57.480058,0.00121875
57.484057,6.25e-05
57.488056,-0.0037343750000000003
57.492054,-0.0003515625
57.496054,0.0004765625
57.500058,0.0002265625
57.504057,-0.0010234375
57.508056,-0.00034375
57.512055,3.125e-05
57.516055,0.00015625
57.520057,0.0001171875
57.524056,-0.000890625
57.528056,2.34375e-05
57.532056,0.0006484375
57.53606,7.031250000000001e-05
57.540058,-0.0014765625
57.544057,7.8125e-06
57.548056,0.0007265625
57.552055,3.90625e-05
57.556055,-0.001671875
57.560057,3.125e-05
57.564056,0.00075
57.568056,7.8125e-05
57.572056,-0.0020234375
57.576055,1.5625e-05
57.580058,0.001234375
57.584056,0.00010156250000000001
57.588055,-0.0011328125
57.592055,-0.0003671875
57.596055,0.0005078125
57.600058,0.0002109375
57.604057,-0.0010703125
57.608055,-0.0001484375
57.612055,4.6875e-05
57.616055,0.00020312500000000002
57.620058,0.000109375
57.624057,-0.0005078125
57.628055,2.34375e-05
57.632055,0.00059375
57.636055,9.375e-05
57.640058,-0.0016171875000000001
57.644057,2.34375e-05
57.648056,0.0006953125
57.652055,0.000109375
57.656054,-0.0019375
57.660058,-6.25e-05
57.664057,0.0008125000000000001
57.668056,0.00010156250000000001
57.672055,-0.0019609375
57.676055,-7.8125e-06
57.68006,0.0011875
57.684057,4.6875e-05
57.688056,-0.001015625
57.692055,-0.0003828125
57.696059,0.00046875
57.700058,0.00014062500000000002
57.704057,-0.0008828125
57.708055,-0.0004375
57.712055,2.34375e-05
57.716055,0.0001875
57.720058,4.6875e-05
57.724057,-0.0006640625
57.728055,6.25e-05
57.732055,0.00071875
57.736055,5.46875e-05
57.740058,-0.0016796875
57.744057,4.6875e-05
57.748055,0.0006796875000000001
57.752055,0.00010156250000000001
57.756055,-0.0018984375
57.760058,-5.46875e-05
57.764057,0.00078125
57.768062,3.90625e-05
57.772058,-0.001984375
57.776056,-2.34375e-05
57.780058,0.00128125
57.784057,6.25e-05
57.788056,-0.0011093750000000001
57.792055,-0.0002421875
57.796055,0.00046093750000000003
57.800058,7.8125e-05
57.804056,-0.00090625
57.808056,-0.00040625000000000004
57.812055,1.5625e-05
57.816055,0.0001328125
57.820057,9.375e-05
57.824056,-0.000828125
57.828055,7.031250000000001e-05
57.832055,0.0006718750000000001
57.836055,9.375e-05
57.840058,-0.0016953125
57.844057,1.5625e-05
57.848055,0.0007265625
57.852055,3.125e-05
57.856055,-0.0018984375
57.860057,7.8125e-06
57.864057,0.00075
57.868055,3.125e-05
57.872055,-0.00203125
57.876055,0.0
57.880058,0.0011953125
57.884057,6.25e-05
57.888055,-0.0012421875
57.892055,-7.8125e-05
57.896055,0.000453125
57.900057,0.000171875
57.904056,-0.00090625
57.908055,-0.0001953125
57.912055,0.0005546875000000001
57.916055,0.00021875
57.920057,7.031250000000001e-05
57.924056,-0.000828125
57.928055,5.46875e-05
57.932055,0.0003515625
57.936055,9.375e-05
57.940058,-0.0017109375
57.944056,3.125e-05
57.948055,0.0008046875000000001
57.952055,8.59375e-05
57.956055,-0.0018515625000000001
57.960058,1.5625e-05
57.964057,0.0008203125
57.968055,6.25e-05
57.972054,-0.0020078125
57.976055,-3.90625e-05
57.980058,0.001
57.984056,0.00010156250000000001
57.988056,-0.001171875
57.992055,2.34375e-05
57.996055,0.000515625
58.000057,0.000125
58.004057,-0.0009296875000000001
58.008055,-0.00028125000000000003
58.012055,0.00046093750000000003
58.016055,0.000234375
58.020058,0.000109375
58.024056,-0.0009453125
58.028055,4.6875e-05
58.032055,0.00040625000000000004
58.036055,0.00010156250000000001
58.040058,-0.0016796875
58.044057,7.031250000000001e-05
58.048056,0.0007421875
58.052055,0.000125
58.056055,-0.0019453125
58.060058,7.8125e-06
58.064056,0.00084375
58.068055,8.59375e-05
58.072054,-0.00190625
58.076055,-4.6875e-05
58.080057,0.0009609375
58.084056,7.8125e-06
58.088055,-0.0009921875
58.092055,2.34375e-05
58.096055,0.0005390625
58.100057,1.5625e-05
58.104056,-0.0008046875000000001
58.108056,-0.0003515625
58.112055,0.00059375
58.116055,0.00025
58.120057,8.59375e-05
58.124056,-0.001
58.128055,3.90625e-05
58.132056,0.000359375
58.136055,7.8125e-05
58.140057,-0.0016484375
58.144056,-3.90625e-05
58.148056,0.0007421875
58.152055,0.00015625
58.156055,-0.00203125
58.160058,-4.6875e-05
58.164057,0.00084375
58.168055,0.0
58.172055,-0.0018984375
58.176055,-4.6875e-05
58.180058,0.0008671875
58.184057,7.8125e-06
58.188055,-0.0011640625
58.192055,-3.125e-05
58.196055,0.00040625000000000004
58.200058,7.031250000000001e-05
58.204057,-0.0009921875
58.208055,-0.0004296875
58.212055,0.000625
58.216055,0.0002734375
58.220057,9.375e-05
58.224056,-0.000859375
58.228056,2.34375e-05
58.232055,0.0002421875
58.236055,9.375e-05
58.240057,-0.0016875
58.244056,6.25e-05
58.248055,0.0007265625
58.252055,7.8125e-05
58.256055,-0.0019296875
58.260061,-7.8125e-06
58.264058,0.0007734375
58.268056,3.90625e-05
58.272056,-0.0019453125
58.276055,-3.90625e-05
58.280058,0.00071875
58.284057,0.0
58.288055,-0.0012421875
58.292056,7.031250000000001e-05
58.296055,0.0004140625
58.300058,0.000265625
58.304056,-0.0008828125
58.308055,-0.000328125
58.312055,0.000546875
58.316055,0.0003515625
58.320057,0.0001171875
58.324056,-0.000734375
58.328055,-7.8125e-06
58.332055,0.0003515625
58.336055,0.00010156250000000001
58.340057,-0.001703125
58.344056,1.5625e-05
58.348055,0.0008515625
58.352055,7.8125e-05
58.356055,-0.0020234375
58.360057,0.0
58.364057,0.0007890625
58.368055,3.125e-05
58.372055,-0.0018437500000000001
58.376055,0.0
58.380057,0.0007890625
58.384056,8.59375e-05
58.388055,-0.0011328125
58.392056,9.375e-05
58.396055,0.000390625
58.400057,-7.8125e-06
58.404056,-0.0007968750000000001
58.408055,-0.0004375
58.412056,0.00059375
58.416055,0.0002890625
58.420057,-9.375e-05
58.424056,-0.0007109375
58.428056,3.90625e-05
58.432055,0.0002578125
58.436055,5.46875e-05
58.440057,-0.000890625
58.444056,3.125e-05
58.448056,0.0007578125
58.452055,0.0001328125
58.456055,-0.0020703125
58.460058,-2.34375e-05
58.464056,0.00075
58.468055,7.031250000000001e-05
58.472055,-0.001921875
58.476055,-1.5625e-05
58.480058,0.0008046875000000001
58.484056,7.8125e-06
58.488056,-0.001046875
58.492055,3.125e-05
58.496055,0.000484375
58.500057,-7.8125e-05
58.504057,-0.0006718750000000001
58.508056,-0.000625
58.512055,0.000640625
58.516054,0.0003515625
58.520058,1.5625e-05
58.524057,-0.00078125
58.528056,5.46875e-05
58.532055,0.000265625
58.536055,6.25e-05
58.54006,-0.0007734375
58.544058,3.125e-05
58.548056,0.0007734375
58.552055,9.375e-05
58.556056,-0.0018437500000000001
58.560058,1.5625e-05
58.564057,0.0007265625
58.568056,0.00010156250000000001
58.572055,-0.0016640625
58.576055,-4.6875e-05
58.580058,0.000828125
58.584055,-8.59375e-05
58.588056,-0.0010625
58.592055,7.031250000000001e-05
58.596055,0.0004921875
58.600058,-7.8125e-05
58.604056,-0.0006640625
58.608056,-0.000578125
58.612055,0.0005859375
58.616055,0.000328125
58.620057,2.34375e-05
58.624056,-0.000875
58.628056,6.25e-05
58.632055,0.0003203125
58.636055,7.8125e-06
58.640057,-0.0009375
58.644056,3.125e-05
58.648055,0.0007890625
58.652055,7.8125e-06
58.656055,-0.001703125
58.660057,2.34375e-05
58.664057,0.000859375
58.668056,7.8125e-05
58.672055,-0.0018437500000000001
58.676055,5.46875e-05
58.68006,0.0008046875000000001
58.684057,0.0
58.688055,-0.001046875
58.692056,8.59375e-05
58.696059,0.00046093750000000003
58.700058,0.0
58.704057,-0.000734375
58.708055,-0.00059375
58.712055,0.0005078125
58.716055,0.000375
58.720058,1.5625e-05
58.724057,-0.00071875
58.728055,7.8125e-06
58.732055,0.0002265625
58.736055,4.6875e-05
58.740058,-0.001078125
58.744057,0.0
58.748056,0.000828125
58.752055,8.59375e-05
58.756056,-0.001765625
58.760059,3.90625e-05
58.764057,0.000859375
58.768056,8.59375e-05
58.772056,-0.001953125
58.776055,-6.25e-05
58.780058,0.0008203125
58.784056,-7.8125e-06
58.788055,-0.000953125
58.792056,5.46875e-05
58.796055,0.000546875
58.800058,-3.125e-05
58.804057,-0.0005703125
58.808056,-0.0006796875000000001
58.812055,0.0007734375
58.816055,0.0004453125
58.820058,2.34375e-05
58.824057,-0.0007265625
58.828056,6.25e-05
58.832055,0.0004453125
58.836055,0.00010156250000000001
58.840058,-0.0006796875000000001
58.844057,-2.34375e-05
58.848055,0.0007578125
58.852055,7.031250000000001e-05
58.856055,-0.0018984375
58.860058,0.0
58.864057,0.0007578125
58.868056,6.25e-05
58.872055,-0.0018203125
58.876056,1.5625e-05
58.880057,0.000703125
58.884056,-0.0001484375
58.888056,-0.0010390625
58.892056,-3.90625e-05
58.896055,0.00040625000000000004
58.900058,-1.5625e-05
58.904057,-0.0008203125
58.908055,-6.25e-05
58.912055,0.0007265625
58.916055,0.00034375
58.920058,0.0
58.924056,-0.000875
58.928055,2.34375e-05
58.932055,0.000265625
58.936055,0.000125
58.940057,-0.00103125
58.944056,3.90625e-05
58.948056,0.0003125
58.952055,3.90625e-05
58.956055,-0.001875
58.960057,1.5625e-05
58.964056,0.0006796875000000001
58.968055,8.59375e-05
58.972055,-0.0019453125
58.976055,4.6875e-05
58.980058,0.0008046875000000001
58.984057,-6.25e-05
58.988056,-0.00209375
58.992056,3.90625e-05
58.996055,0.00053125
59.000058,-7.8125e-05
59.004057,-0.0009375
59.008056,-4.6875e-05
59.012055,0.0005546875000000001
59.016055,0.00028125000000000003
59.020058,3.125e-05
59.024056,-0.0006796875000000001
59.028055,5.46875e-05
59.032054,0.000328125
59.036055,8.59375e-05
59.040057,-0.0011796875
59.044056,5.46875e-05
59.048055,0.000421875
59.052055,2.34375e-05
59.056055,-0.001984375
59.060058,-2.34375e-05
59.064056,0.000703125
59.068055,7.031250000000001e-05
59.072055,-0.00196875
59.076055,7.8125e-06
59.080058,0.0008359375
59.084057,9.375e-05
59.088056,-0.0021796875
59.092055,7.8125e-05
59.096055,0.0005546875000000001
59.100058,0.0001171875
59.104057,-0.0007109375
59.108056,7.8125e-06
59.112055,0.0004921875
59.116055,0.0003125
59.120058,3.125e-05
59.124057,-0.00065625
59.128055,4.6875e-05
59.132055,0.0003046875
59.136055,9.375e-05
59.140058,-0.0009375
59.144057,-7.8125e-06
59.148056,0.000484375
59.152055,7.031250000000001e-05
59.156055,-0.00190625
59.160057,6.25e-05
59.164057,0.00075
59.168055,3.90625e-05
59.172055,-0.0018593750000000001
59.176055,7.8125e-06
59.180058,0.0007968750000000001
59.184057,-0.0001953125
59.188056,-0.001953125
59.192055,0.0
59.196055,0.000515625
59.200058,5.46875e-05
59.204056,-0.000734375
59.208055,0.0
59.212055,0.0004140625
59.216055,0.0002578125
59.220057,5.46875e-05
59.224057,-0.000828125
59.228056,2.34375e-05
59.232055,0.000265625
59.236055,6.25e-05
59.240058,-0.0011015625000000001
59.244056,-7.031250000000001e-05
59.248056,0.000453125
59.252055,4.6875e-05
59.256055,-0.002015625
59.260058,-2.34375e-05
59.264056,0.0006875
59.26806,8.59375e-05
59.272059,-0.0019296875
59.276056,-3.90625e-05
59.280058,0.0008203125
59.284056,-3.90625e-05
59.288055,-0.0021796875
59.292055,-8.59375e-05
59.296056,0.0004765625
59.300058,-4.6875e-05
59.304056,-0.000578125
59.308056,-7.8125e-05
59.312056,0.0002890625
59.316055,0.0003203125
59.320058,6.25e-05
59.324056,-0.0007734375
59.328056,0.0
59.332055,0.0003046875
59.336055,-5.46875e-05
59.340058,-0.00096875
59.344057,3.125e-05
59.348055,0.000421875
59.352055,5.46875e-05
59.356055,-0.00196875
59.360058,0.0
59.364056,0.0008125000000000001
59.368055,9.375e-05
59.372055,-0.0018203125
59.376055,9.375e-05
59.380058,0.0008125000000000001
59.384057,0.0
59.388056,-0.0021484375
59.392055,2.34375e-05
59.396055,0.0005625000000000001
59.400058,-2.34375e-05
59.404058,-0.000375
59.408056,-7.031250000000001e-05
59.412055,2.34375e-05
59.416055,7.031250000000001e-05
59.420057,3.90625e-05
59.424056,-0.000734375
59.428055,2.34375e-05
59.432055,0.0002578125
59.436055,7.8125e-05
59.440057,-0.00115625
59.444056,0.0
59.448055,0.0004453125
59.452055,8.59375e-05
59.456055,-0.0014296875
59.460057,2.34375e-05
59.464056,0.000828125
59.468055,5.46875e-05
59.472055,-0.0019375
59.476055,-7.8125e-06
59.480057,0.000828125
59.484056,-5.46875e-05
59.488055,-0.0021328125
59.492055,7.8125e-06
59.496055,0.0009218750000000001
59.500058,0.0001484375
59.504057,0.0
59.508055,-5.46875e-05
59.512055,-3.125e-05
59.516055,0.0001328125
59.520058,7.031250000000001e-05
59.524056,-0.0010703125
59.528055,-4.6875e-05
59.532055,0.00040625000000000004
59.536055,7.031250000000001e-05
59.540058,-0.0009375
59.544057,5.46875e-05
59.54806,0.000453125
59.552057,5.46875e-05
59.556056,-0.00125
59.560058,1.5625e-05
59.564056,0.000703125
59.568055,5.46875e-05
59.572055,-0.0021484375
59.576056,0.0
59.580058,0.0008359375
59.584056,-0.00010156250000000001
59.588056,-0.0021875
59.592055,-2.34375e-05
59.596055,0.0009609375
59.600058,3.125e-05
59.604056,-7.8125e-06
59.608055,-8.59375e-05
59.612056,1.5625e-05
59.616055,7.8125e-05
59.620058,7.8125e-05
59.624056,-0.000890625
59.628056,1.5625e-05
59.632055,0.000390625
59.636055,6.25e-05
59.640058,-0.0011484375
59.644057,4.6875e-05
59.648056,0.0005234375
59.652055,9.375e-05
59.656055,-0.0011093750000000001
59.660058,5.46875e-05
59.664056,0.0007968750000000001
59.668055,3.90625e-05
59.672054,-0.00203125
59.676056,4.6875e-05
59.680059,0.000875
59.684057,-4.6875e-05
59.688056,-0.0025
59.692055,-4.6875e-05
59.696059,0.0008984375
59.700058,-3.125e-05
59.704056,2.34375e-05
59.708055,-0.000171875
59.712055,0.0
59.716055,-1.5625e-05
59.720057,4.6875e-05
59.724056,-0.000828125
59.728055,0.0
59.732055,0.0003125
59.736055,3.125e-05
59.740058,-0.0014140625
59.744056,3.90625e-05
59.748055,0.0004765625
59.752055,5.46875e-05
59.756055,-0.001296875
59.760057,7.8125e-06
59.764062,0.0007968750000000001
59.768058,5.46875e-05
59.772056,-0.002109375
59.776055,2.34375e-05
59.780058,0.000828125
59.784057,9.375e-05
59.788055,-0.0022890625
59.792056,0.0001640625
59.796056,0.0009296875000000001
59.800058,0.00015625
59.804057,-1.5625e-05
59.808055,-0.0001875
59.812055,7.8125e-06
59.816055,3.90625e-05
59.820058,3.90625e-05
59.824057,-0.000765625
59.828056,3.125e-05
59.832055,0.000421875
59.836055,3.90625e-05
59.840058,-0.0009765625
59.844057,-3.125e-05
59.848056,0.000546875
59.852055,3.125e-05
59.856055,-0.0013125
59.860058,2.34375e-05
59.864057,0.0008359375
59.868056,8.59375e-05
59.872055,-0.001953125
59.876055,5.46875e-05
59.880058,0.0009375
59.884057,-2.34375e-05
59.888055,-0.0022187500000000002
59.892056,-7.8125e-06
59.896055,0.0008828125
59.900059,8.59375e-05
59.904057,-3.125e-05
59.908055,-3.90625e-05
59.912055,-2.34375e-05
59.916055,-7.031250000000001e-05
59.920058,9.375e-05
59.924057,4.6875e-05
59.928055,-7.8125e-06
59.932055,0.00039843750000000003
59.936055,8.59375e-05
59.940058,-0.001046875
59.944057,4.6875e-05
59.948056,0.00059375
59.952055,5.46875e-05
59.956055,-0.0013203125
59.960057,-1.5625e-05
59.964057,0.0005546875000000001
59.968056,5.46875e-05
59.972055,-0.0020859375
59.976055,-7.8125e-06
59.980058,0.0009453125
59.984057,0.000109375
59.988056,-0.0021640625
59.992056,-7.031250000000001e-05
59.996055,0.0009140625
60.000057,-0.000125
60.004086,-0.0023046875
60.008055,-9.375e-05
60.012056,-2.34375e-05
60.016055,-7.031250000000001e-05
60.020058,8.59375e-05
60.024055,7.8125e-05
60.028056,1.5625e-05
60.032055,0.0003125
60.036055,9.375e-05
60.040058,-0.0013515625000000001
60.044056,0.0
60.048055,0.0004453125
60.052055,7.031250000000001e-05
60.056055,-0.0012578125
60.060058,5.46875e-05
60.064057,0.00065625
60.068055,9.375e-05
60.072055,-0.0021484375
60.076055,3.90625e-05
60.080058,0.0008984375
60.084057,3.90625e-05
60.088056,-0.0020859375
60.092055,-0.000125
60.096055,0.0008984375
60.100058,-2.34375e-05
60.104057,-0.0045234375
60.108056,-3.90625e-05
60.112055,1.5625e-05
60.116055,-6.25e-05
60.120058,5.46875e-05
60.124056,6.25e-05
60.128055,0.0
60.132055,0.0004921875
60.136055,2.34375e-05
60.140058,-0.0013125
60.144056,-4.6875e-05
60.148056,0.000515625
60.152055,7.031250000000001e-05
60.156055,-0.0013046875
60.160058,-8.59375e-05
60.164057,0.0006718750000000001
60.168055,4.6875e-05
60.172055,-0.0020625
60.176055,7.8125e-06
60.180058,0.0008984375
60.184056,3.90625e-05
60.188056,-0.0022109375000000002
60.192055,3.125e-05
60.196055,0.0008671875
60.200058,0.0001328125
60.204057,-0.0023203125
60.208055,7.8125e-06
60.212055,3.125e-05
60.216055,-0.00015625
60.220057,3.125e-05
60.224056,-0.000109375
60.228055,0.0
60.232055,0.00046093750000000003
60.236055,3.90625e-05
60.240057,-0.0012890625
60.244056,-7.031250000000001e-05
60.248055,0.000546875
60.252055,7.8125e-05
60.256055,-0.0014296875
60.260059,3.90625e-05
60.264058,0.00053125
60.268056,7.031250000000001e-05
60.272055,-0.0020546875
60.276055,3.125e-05
60.280057,0.0008984375
60.284056,6.25e-05
60.288055,-0.0020234375
60.292056,-1.5625e-05
60.296055,0.0008984375
60.300058,3.90625e-05
60.304058,-0.0021171875
60.308056,4.6875e-05
60.312056,7.031250000000001e-05
60.316055,-4.6875e-05
60.320058,3.125e-05
60.324056,7.8125e-05
60.328055,-1.5625e-05
60.332055,0.000453125
60.336055,7.8125e-05
60.340058,-0.00121875
60.344056,-2.34375e-05
60.348056,0.00059375
60.352055,9.375e-05
60.356055,-0.00115625
60.360058,0.0
60.364057,0.0007109375
60.368056,5.46875e-05
60.372054,-0.0023203125
60.376055,5.46875e-05
60.380058,0.0008203125
60.384056,3.125e-05
60.388055,-0.00215625
60.392056,-2.34375e-05
60.396055,0.0009609375
60.400057,7.8125e-06
60.404056,-0.0022265625000000002
60.408056,2.34375e-05
60.412055,3.90625e-05
60.416055,-1.5625e-05
60.420057,1.5625e-05
60.424056,0.000125
60.428055,-3.125e-05
60.432055,0.00039843750000000003
60.436055,2.34375e-05
60.440058,-0.0012890625
60.444057,4.6875e-05
60.448055,0.0005234375
60.452056,4.6875e-05
60.456055,-0.001484375
60.460058,-1.5625e-05
60.464057,0.0005859375
60.468055,5.46875e-05
60.472055,-0.0015703125
60.476056,1.5625e-05
60.480058,0.0009375
60.484057,7.8125e-05
60.488055,-0.0021015625
60.492055,3.90625e-05
60.496055,0.0009609375
60.500057,2.34375e-05
60.504056,-0.002078125
60.508056,-0.00010156250000000001
60.512055,0.0009921875
60.516055,-0.0001484375
60.520057,5.46875e-05
60.524056,-4.6875e-05
60.528055,3.125e-05
60.532056,9.375e-05
60.536056,3.90625e-05
60.540059,-0.00121875
60.544058,-6.25e-05
60.548056,0.0004921875
60.552056,9.375e-05
60.556055,-0.001453125
60.560057,4.6875e-05
60.564055,0.0006953125
60.568055,0.000109375
60.572056,-0.0016796875
60.576056,-2.34375e-05
60.580058,0.0009453125
60.584057,4.6875e-05
60.588055,-0.0046796875
60.592056,-1.5625e-05
60.596055,0.0009218750000000001
60.600058,8.59375e-05
60.604056,-0.0022421875000000003
60.608056,-4.6875e-05
60.612056,0.000953125
60.616055,-0.0001875
60.620058,1.5625e-05
60.624057,-0.0002421875
60.628055,-2.34375e-05
60.632055,4.6875e-05
60.636056,0.00010156250000000001
60.640058,-0.0011796875
60.644057,4.6875e-05
60.648056,0.00046875
60.652055,7.8125e-05
60.656055,-0.0013671875000000001
60.660058,3.90625e-05
60.664057,0.00071875
60.668056,8.59375e-05
60.672055,-0.0016875
60.676055,-7.8125e-06
60.68006,0.000859375
60.684057,7.031250000000001e-05
60.688056,-0.0045859375
60.692056,-1.5625e-05
60.696059,0.001015625
60.700059,-0.000125
60.704057,-0.0019296875
60.708055,7.8125e-06
60.712055,0.0009375
60.716055,-7.8125e-06
60.720058,8.59375e-05
60.724056,4.6875e-05
60.728056,-3.125e-05
60.732055,6.25e-05
60.736055,7.031250000000001e-05
60.74006,-0.0013437500000000001
60.744057,4.6875e-05
60.748055,0.0004921875
60.752055,7.8125e-05
60.756055,-0.0015390625
60.760058,7.8125e-06
60.764057,0.0006328125
60.768058,-7.8125e-06
60.77206,-0.0017734375
60.776057,-5.46875e-05
60.780058,0.00090625
60.784056,5.46875e-05
60.788055,-0.00453125
60.792055,0.0
60.796055,0.000953125
60.800057,4.6875e-05
60.804056,-0.0022890625
60.808056,-3.125e-05
60.812056,0.0009609375
60.816056,-2.34375e-05
60.820057,2.34375e-05
60.824056,-6.25e-05
60.828055,0.0
60.832055,0.0001484375
60.836055,6.25e-05
60.840058,-0.0012578125
60.844057,5.46875e-05
60.848056,0.000609375
60.852055,5.46875e-05
60.856055,-0.00128125
60.860058,2.34375e-05
60.864057,0.0007421875
60.868055,5.46875e-05
60.872055,-0.0013203125
60.876055,-2.34375e-05
60.880058,0.00096875
60.884057,3.90625e-05
60.888056,-0.0022265625000000002
60.892055,1.5625e-05
60.896055,0.0009375
60.900058,-0.00010156250000000001
60.904056,-0.0022187500000000002
60.908055,-7.8125e-05
60.912055,0.000828125
60.916055,-0.00010156250000000001
60.920058,7.031250000000001e-05
60.924057,-0.000171875
60.928056,2.34375e-05
60.932055,0.0001328125
60.936055,0.00010156250000000001
60.940058,-0.0003828125
60.944057,2.34375e-05
60.948056,0.0004453125
60.952055,7.8125e-05
60.956055,-0.0018203125
60.960058,4.6875e-05
60.964057,0.0006640625
60.968055,7.8125e-05
60.972055,-0.0017421875
60.976055,0.0
60.980058,0.000609375
60.984056,4.6875e-05
60.988055,-0.0021875
60.992055,1.5625e-05
60.996055,0.00090625
61.000058,7.8125e-05
61.004057,-0.0021015625
61.008056,0.0
61.012055,0.0008984375
61.016055,0.0001640625
61.020058,-0.0019296875
61.024057,-0.00021875
61.028055,2.34375e-05
61.032055,-2.34375e-05
61.036055,0.00010156250000000001
61.040057,-0.0005625000000000001
61.044056,0.0
61.048055,0.000609375
61.052055,5.46875e-05
61.056055,-0.0013515625000000001
61.060057,5.46875e-05
61.064056,0.0006796875000000001
61.068056,1.5625e-05
61.072056,-0.0013828125
61.076054,-8.59375e-05
61.080057,0.0006953125
61.084056,4.6875e-05
61.088056,-0.0022109375000000002
61.092055,-3.125e-05
61.096055,0.001015625
61.100057,4.6875e-05
61.104057,-0.0022109375000000002
61.108055,-0.0001171875
61.112055,0.0009609375
61.116055,8.59375e-05
61.120057,-0.0018359375000000001
61.124057,-0.0001484375
61.128056,3.90625e-05
61.132055,0.00010156250000000001
61.136055,7.031250000000001e-05
61.140058,-0.000421875
61.144056,-1.5625e-05
61.148056,0.0005234375
61.152055,5.46875e-05
61.156055,-0.0015859375
61.160058,-1.5625e-05
61.164056,0.0006171875
61.168056,0.0
61.172055,-0.00146875
61.176055,-2.34375e-05
61.180058,0.0005625000000000001
61.184056,2.34375e-05
61.188055,-0.0023046875
61.192055,-1.5625e-05
61.196055,0.0009296875000000001
61.200058,4.6875e-05
61.204056,-0.00209375
61.208055,7.8125e-05
61.212055,0.001078125
61.216055,4.6875e-05
61.220058,-0.00190625
61.224057,-0.0001171875
61.228055,3.125e-05
61.232055,0.00015625
61.236055,9.375e-05
61.240058,-0.0003046875
61.244057,6.25e-05
61.248056,0.0007421875
61.252055,7.8125e-05
61.256055,-0.0016171875000000001
61.260058,1.5625e-05
61.264062,0.0006640625
61.268058,0.0
61.272056,-0.001546875
61.276056,1.5625e-05
61.280058,0.000703125
61.284057,7.031250000000001e-05
61.288056,-0.0021171875
61.292056,-7.8125e-06
61.296056,0.0009921875
61.300058,3.90625e-05
61.304056,-0.0022031250000000002
61.308056,-3.90625e-05
61.312055,0.001
61.316055,-7.8125e-06
61.320058,-0.0019921875
61.324057,-0.00025
61.328056,2.34375e-05
61.332055,3.90625e-05
61.336055,9.375e-05
61.340058,-0.00025
61.344057,1.5625e-05
61.348055,0.0005703125
61.352055,8.59375e-05
61.356055,-0.0016328125
61.360058,2.34375e-05
61.364056,0.000578125
61.368056,3.125e-05
61.372055,-0.001734375
61.376055,3.90625e-05
61.380057,0.00046093750000000003
61.384056,7.031250000000001e-05
61.388055,-0.002078125
61.392056,-5.46875e-05
61.396055,0.0009140625
61.400058,5.46875e-05
61.404057,-0.001984375
61.408056,3.90625e-05
61.412055,0.0009921875
61.416055,9.375e-05
61.420058,-0.001828125
61.424057,-0.00034375
61.428056,6.25e-05
61.432055,0.0001640625
61.436055,9.375e-05
61.440058,-0.0002890625
61.444057,1.5625e-05
61.448056,0.0006875
61.452055,0.00010156250000000001
61.456055,-0.0015703125
61.460058,5.46875e-05
61.464057,0.000578125
61.468055,5.46875e-05
61.472056,-0.00153125
61.476056,-2.34375e-05
61.480058,0.0006328125
61.484056,8.59375e-05
61.488056,-0.0018828125
61.492055,-1.5625e-05
61.496055,0.0009765625
61.500058,8.59375e-05
61.504057,-0.00209375
61.508055,4.6875e-05
61.512055,0.0011250000000000001
61.516055,0.0001640625
61.520058,-0.001703125
61.524056,-0.000328125
61.528055,0.000640625
61.532055,0.000234375
61.536055,7.8125e-05
61.540058,-0.00034375
61.544059,7.8125e-05
61.548057,0.0001328125
61.552056,0.000125
61.556055,-0.001578125
61.560058,8.59375e-05
61.564056,0.0005703125
61.568055,7.8125e-05
61.572055,-0.0015
61.576056,-8.59375e-05
61.580057,0.0006796875000000001
61.584057,6.25e-05
61.588055,-0.0017734375
61.592054,0.0
61.596055,0.000890625
61.600057,5.46875e-05
61.604057,-0.0020234375
61.608056,-7.031250000000001e-05
61.612056,0.0010625
61.616055,-2.34375e-05
61.620057,-0.004015625
61.624057,-0.000296875
61.628055,0.000546875
61.632055,0.000171875
61.636055,0.0
61.640058,-0.00034375
61.644056,0.0
61.648056,0.0001953125
61.652054,4.6875e-05
61.656055,-0.0018671875000000001
61.660057,4.6875e-05
61.664056,0.000625
61.668056,0.000125
61.672055,-0.0014765625
61.676055,3.125e-05
61.680059,0.000609375
61.684056,1.5625e-05
61.688055,-0.001765625
61.692056,1.5625e-05
61.696059,0.0010078125
61.700058,5.46875e-05
61.704056,-0.001984375
61.708055,2.34375e-05
61.712055,0.0011015625000000001
61.716055,7.8125e-05
61.720058,-0.0037734375
61.724057,-0.00040625000000000004
61.728055,0.0004921875
61.732055,0.00010156250000000001
61.736055,0.00010156250000000001
61.740058,-0.000296875
61.744059,-3.125e-05
61.748057,0.00014062500000000002
61.752055,4.6875e-05
61.756056,-0.0015234375
61.760059,5.46875e-05
61.764058,0.000734375
61.768056,0.0001171875
61.772056,-0.0015625
61.776055,7.8125e-06
61.780058,0.0006015625
61.784056,4.6875e-05
61.788055,-0.0018437500000000001
61.792055,-7.8125e-06
61.796055,0.000984375
61.800058,7.8125e-05
61.804057,-0.0019609375
61.808056,3.90625e-05
61.812055,0.0011484375
61.816055,0.0001953125
61.820058,-0.003796875
61.824056,-0.000296875
61.828055,0.000484375
61.832055,0.0001484375
61.836055,0.000125
61.840058,-0.00025
61.844056,5.46875e-05
61.848056,0.0001484375
61.852055,9.375e-05
61.856055,-0.001828125
61.860057,0.0
61.864056,0.000703125
61.868055,0.0001171875
61.872055,-0.001640625
61.876055,-2.34375e-05
61.880057,0.0006015625
61.884057,7.031250000000001e-05
61.888056,-0.001765625
61.892055,1.5625e-05
61.896055,0.00084375
61.900057,0.0
61.904056,-0.001828125
61.908056,3.90625e-05
61.912055,0.0012109375
61.916055,0.00010156250000000001
61.920058,-0.001171875
61.924056,-0.0001328125
61.928055,0.0005703125
61.932055,0.00015625
61.936055,8.59375e-05
61.940058,-0.0001640625
61.944058,4.6875e-05
61.948056,0.000265625
61.952056,8.59375e-05
61.956055,-0.0013828125
61.960057,3.90625e-05
61.964057,0.000609375
61.968055,6.25e-05
61.972055,-0.0014765625
61.976055,5.46875e-05
61.980058,0.0006171875
61.984056,7.031250000000001e-05
61.988056,-0.00165625
61.992055,1.5625e-05
61.996055,0.0008828125
62.000058,-3.90625e-05
62.004055,-0.002015625
62.008056,7.8125e-06
62.012055,0.0011171875000000001
62.016055,3.90625e-05
62.020058,-0.0037343750000000003
62.024056,-0.0004296875
62.028056,0.0005078125
62.032055,6.25e-05
62.036055,-0.0009765625
62.040057,-0.0004375
62.044056,-2.34375e-05
62.048056,0.000125
62.052055,5.46875e-05
62.056055,-0.0009218750000000001
62.060058,4.6875e-05
62.064056,0.000546875
62.068055,7.8125e-05
62.072054,-0.0018203125
62.076056,-4.6875e-05
62.080058,0.000734375
62.084057,0.00010156250000000001
62.088055,-0.0019296875
62.092056,-3.90625e-05
62.096055,0.0007265625
62.100058,1.5625e-05
62.104057,-0.0019453125
62.108056,7.8125e-06
62.112055,0.00125
62.116055,7.8125e-05
62.120058,-0.0011171875000000001
62.124057,-0.0002578125
62.128055,0.0006171875
62.132055,0.0002109375
62.136055,-0.000875
62.140057,-0.00039843750000000003
62.144058,3.90625e-05
62.148056,0.00021875
62.152056,8.59375e-05
62.156055,-0.000640625
62.160057,7.8125e-06
62.164055,0.0006796875000000001
62.168055,0.0001171875
62.172055,-0.0016328125
62.176055,-6.25e-05
62.180057,0.000640625
62.184057,0.0
62.188056,-0.0018359375000000001
62.192056,0.0
62.196055,0.0008125000000000001
62.200057,3.90625e-05
62.204057,-0.002
62.208055,5.46875e-05
62.212055,0.0012265625
62.216055,9.375e-05
62.220058,-0.0011640625
62.224056,-0.0001875
62.228056,0.000515625
62.232055,7.031250000000001e-05
62.236055,-0.0010390625
62.240058,-0.0003515625
62.244057,-1.5625e-05
62.248056,0.00015625
62.252055,4.6875e-05
62.256055,-0.000859375
62.260058,4.6875e-05
62.264057,0.0005234375
62.268061,5.46875e-05
62.272062,-0.0015937500000000001
62.276057,-4.6875e-05
62.280058,0.0006718750000000001
62.284057,1.5625e-05
62.288056,-0.0019140625
62.292056,-7.8125e-06
62.296055,0.0007734375
62.300058,0.00010156250000000001
62.304056,-0.0018359375000000001
62.308056,4.6875e-05
62.312055,0.0010859375
62.316055,0.000109375
62.320058,-0.0011171875000000001
62.324057,-0.00020312500000000002
62.328056,0.00046093750000000003
62.332056,0.0001328125
62.336055,-0.000953125
62.340058,-0.0002734375
62.344059,-7.8125e-06
62.348057,0.00021875
62.352056,7.031250000000001e-05
62.356054,-0.000609375
62.360057,-1.5625e-05
62.364056,0.0005703125
62.368055,4.6875e-05
62.372055,-0.0016640625
62.376055,0.0
62.380058,0.000734375
62.384057,1.5625e-05
62.388056,-0.0021171875
62.392055,-3.90625e-05
62.396056,0.00078125
62.400057,7.031250000000001e-05
62.404056,-0.001984375
62.408056,2.34375e-05
62.412055,0.0010390625
62.416055,4.6875e-05
62.420057,-0.0010390625
62.424056,-0.0006171875
62.428056,0.000484375
62.432055,-4.6875e-05
62.436055,-0.0007890625
62.440057,-0.00040625000000000004
62.444056,7.8125e-06
62.448055,0.00020312500000000002
62.452055,0.000125
62.456055,-0.0007968750000000001
62.460057,-7.8125e-06
62.464057,0.000546875
62.468055,9.375e-05
62.472055,-0.0017578125
62.476055,3.90625e-05
62.480057,0.000734375
62.484056,7.8125e-05
62.488055,-0.0020078125
62.492055,7.8125e-06
62.496055,0.00065625
62.500057,0.00010156250000000001
62.504056,-0.001984375
62.508056,-2.34375e-05
62.512055,0.001140625
62.516055,7.031250000000001e-05
62.520058,-0.0011484375
62.524056,4.6875e-05
62.528056,0.000421875
62.53206,0.00014062500000000002
62.536058,-0.0009609375
62.540058,-0.000390625
62.544058,0.0005703125
62.548056,0.0001875
62.552055,6.25e-05
62.556056,-0.000890625
62.560058,7.031250000000001e-05
62.564056,0.000453125
62.568056,9.375e-05
62.572055,-0.0015546875
62.576055,4.6875e-05
62.580058,0.00084375
62.584056,0.00010156250000000001
62.588055,-0.0020234375
62.592055,-2.34375e-05
62.596055,0.0007890625
62.600058,6.25e-05
62.604057,-0.0019765625
62.608056,2.34375e-05
62.612055,0.0009453125
62.616055,2.34375e-05
62.620058,-0.0011250000000000001
62.624057,2.34375e-05
62.628056,0.00046875
62.632055,0.0001328125
62.636055,-0.000875
62.640058,-0.0003515625
62.644057,0.0004921875
62.648056,0.0001875
62.652055,9.375e-05
62.656055,-0.0007734375
62.660058,-3.125e-05
62.664056,0.00033593750000000003
62.668056,0.000125
62.672055,-0.00178125
62.676054,-2.34375e-05
62.680059,0.00071875
62.684058,7.031250000000001e-05
62.688056,-0.002140625
62.692055,-5.46875e-05
62.696059,0.0007578125
62.700058,0.00010156250000000001
62.704056,-0.0021171875
62.708055,-2.34375e-05
62.712055,0.0007265625
62.716055,7.8125e-05
62.720058,-0.0010625
62.724056,9.375e-05
62.728055,0.0004765625
62.732055,7.8125e-06
62.736055,-0.0008046875000000001
62.740057,-0.000484375
62.744059,0.0005234375
62.748056,0.000296875
62.752055,0.0001171875
62.756055,-0.0006718750000000001
62.760059,-2.34375e-05
62.764061,0.000296875
62.768057,9.375e-05
62.772056,-0.0018437500000000001
62.776055,-2.34375e-05
62.780058,0.000765625
62.784057,0.000109375
62.788056,-0.001890625
62.792056,2.34375e-05
62.796056,0.0008125000000000001
62.800058,-3.90625e-05
62.804057,-0.0018046875
62.808056,2.34375e-05
62.812055,0.0006640625
62.816055,3.90625e-05
62.820058,-0.0010390625
62.824057,5.46875e-05
62.828056,0.0004921875
62.832055,5.46875e-05
62.836055,-0.0007968750000000001
62.840058,-0.0004296875
62.844056,0.0006484375
62.848056,0.0001796875
62.852056,4.6875e-05
62.856055,-0.0009453125
62.860058,7.8125e-06
62.864056,0.000390625
62.868056,8.59375e-05
62.872055,-0.0016328125
62.876055,0.0
62.880058,0.0006953125
62.884057,4.6875e-05
62.888055,-0.00196875
62.892055,0.0
62.896055,0.0008515625
62.900058,6.25e-05
62.904057,-0.001828125
62.908055,-2.34375e-05
62.912055,0.0005
62.916055,-7.8125e-06
62.920058,-0.0011093750000000001
62.924057,-2.34375e-05
62.928055,0.00046875
62.932055,0.0001328125
62.936055,-0.0008984375
62.940057,-0.000421875
62.944059,0.000578125
62.948057,0.00028125000000000003
62.952056,1.5625e-05
62.956055,-0.000875
62.960057,6.25e-05
62.964056,0.0003046875
62.968055,5.46875e-05
62.972055,-0.0016953125
62.976055,-1.5625e-05
62.980057,0.0007578125
62.984057,0.0001171875
62.988056,-0.0021015625
62.992055,-7.8125e-06
62.996055,0.0007890625
63.000057,8.59375e-05
63.004057,-0.002015625
63.008055,-2.34375e-05
63.012055,0.000734375
63.016055,3.90625e-05
63.020057,-0.00103125
63.024056,0.0001171875
63.028055,0.00040625000000000004
63.032055,-0.0001171875
63.036055,-0.00084375
63.040058,-0.000375
63.044057,0.0005703125
63.048056,0.000359375
63.052055,-0.000125
63.056055,-0.000984375
63.060058,4.6875e-05
63.064057,0.00039843750000000003
63.068056,2.34375e-05
63.072055,-0.000875
63.076055,2.34375e-05
63.080058,0.0007578125
63.084057,7.031250000000001e-05
63.088056,-0.0020859375
63.092055,2.34375e-05
63.096054,0.00078125
63.100058,8.59375e-05
63.104057,-0.0018359375000000001
63.108056,1.5625e-05
63.112055,0.0008359375
63.116055,2.34375e-05
63.120058,-0.0009765625
63.124056,7.8125e-05
63.128056,0.0005078125
63.132055,-7.8125e-06
63.136055,-0.00078125
63.140058,-0.000421875
63.144059,0.0006015625
63.148057,0.000375
63.152056,-3.90625e-05
63.156055,-0.000640625
63.160058,1.5625e-05
63.164056,0.0003828125
63.168055,6.25e-05
63.172055,-0.000640625
63.176055,-2.34375e-05
63.180058,0.0006718750000000001
63.184056,9.375e-05
63.188055,-0.0020859375
63.192055,3.90625e-05
63.196055,0.00075
63.200058,0.00010156250000000001
63.204057,-0.001796875
63.208055,1.5625e-05
63.212055,0.0008125000000000001
63.216055,-6.25e-05
63.220057,-0.0010703125
63.224056,-4.6875e-05
63.228056,0.00046875
63.232055,-0.00015625
63.236055,-0.0007890625
63.240057,-0.0006015625
63.244056,0.0006328125
63.248055,0.0003125
63.252055,7.8125e-06
63.256057,-0.0009296875000000001
63.260059,3.90625e-05
63.264057,0.000265625
63.268056,4.6875e-05
63.272056,-0.0009609375
63.276055,5.46875e-05
63.280058,0.0007890625
63.284056,0.00010156250000000001
63.288055,-0.00190625
63.292055,-2.34375e-05
63.296055,0.0007968750000000001
63.300058,4.6875e-05
63.304056,-0.0018671875000000001
63.308056,4.6875e-05
63.312056,0.0007968750000000001
63.316055,3.125e-05
63.320058,-0.001046875
63.324057,-2.34375e-05
63.328056,0.0004921875
63.332055,-7.8125e-06
63.336055,-0.0007968750000000001
63.340058,-0.000359375
63.344059,0.00046093750000000003
63.348056,0.000359375
63.352055,-5.46875e-05
63.356055,-0.000765625
63.360058,2.34375e-05
63.364056,0.000328125
63.368055,3.90625e-05
63.372055,-0.0008125000000000001
63.376055,4.6875e-05
63.380058,0.0007578125
63.384056,0.0001171875
63.388056,-0.00190625
63.392055,-1.5625e-05
63.396055,0.0007890625
63.400058,3.90625e-05
63.404056,-0.0018671875000000001
63.408056,-1.5625e-05
63.412055,0.0007734375
63.416055,-1.5625e-05
63.420058,-0.0009375
63.424056,0.0001875
63.428056,0.0005078125
63.432055,5.46875e-05
63.436055,-0.000640625
63.440057,-0.000609375
63.444056,0.000625
63.448055,0.0002265625
63.452056,-3.125e-05
63.456055,-0.0008125000000000001
63.460058,6.25e-05
63.464057,0.0002109375
63.468055,3.125e-05
63.472055,-0.0008984375
63.476055,-2.34375e-05
63.480057,0.0003515625
63.484056,0.00010156250000000001
63.488056,-0.0021015625
63.492056,-1.5625e-05
63.496054,0.0007109375
63.500057,0.000109375
63.504056,-0.001890625
63.508056,-4.6875e-05
63.512056,0.00078125
63.516056,3.125e-05
63.520057,-0.00196875
63.524056,0.00010156250000000001
63.528056,0.0005234375
63.532056,8.59375e-05
63.536061,-0.0006640625
63.540058,3.90625e-05
63.544058,0.00075
63.548057,0.000328125
63.552056,-7.8125e-06
63.556055,-0.0006718750000000001
63.560057,-5.46875e-05
63.564056,0.00028125000000000003
63.568055,3.125e-05
63.572056,-0.0007578125
63.576055,0.0
63.580058,0.0004765625
63.584056,5.46875e-05
63.588055,-0.0021640625
63.592055,5.46875e-05
63.596055,0.00075
63.600058,0.000109375
63.604056,-0.0017578125
63.608055,3.90625e-05
63.612055,0.00078125
63.616055,-8.59375e-05
63.620058,-0.002
63.624057,0.0
63.628056,0.0003828125
63.632055,-0.0002109375
63.636055,-0.0008203125
63.640058,0.0
63.644056,0.000609375
63.648056,0.0003515625
63.652055,-6.25e-05
63.656055,-0.0007968750000000001
63.660058,7.8125e-05
63.664057,0.000265625
63.668056,4.6875e-05
63.672055,-0.00084375
63.676055,0.0
63.680059,0.000375
63.684058,5.46875e-05
63.688056,-0.00196875
63.692056,-7.8125e-06
63.696059,0.0008125000000000001
63.700058,8.59375e-05
63.704055,-0.001953125
63.708056,4.6875e-05
63.712055,0.0008046875000000001
63.716055,0.0
63.720058,-0.002171875
63.724057,0.000125
63.728055,0.0004140625
63.732055,2.34375e-05
63.736055,-0.000828125
63.740058,-2.34375e-05
63.744059,0.0004921875
63.748056,0.000296875
63.752055,7.8125e-06
63.756055,-0.00078125
63.760057,3.125e-05
63.764057,0.000234375
63.768061,3.90625e-05
63.772058,-0.0011171875000000001
63.776056,3.125e-05
63.780057,0.000421875
63.784057,8.59375e-05
63.788055,-0.0019921875
63.792055,-1.5625e-05
63.796055,0.0007968750000000001
63.800057,6.25e-05
63.804057,-0.0019453125
63.808056,-7.8125e-06
63.812056,0.0008515625
63.816055,4.6875e-05
63.820057,-0.0020546875
63.824056,0.00010156250000000001
63.828055,0.00046875
63.832055,6.25e-05
63.836055,-0.00065625
63.840058,-7.8125e-06
63.844058,0.00078125
63.848056,0.00040625000000000004
63.852055,4.6875e-05
63.856055,-0.0006718750000000001
63.860058,-1.5625e-05
63.864057,0.000421875
63.868055,5.46875e-05
63.872055,-0.0008671875
63.876055,2.34375e-05
63.880058,0.00033593750000000003
63.884056,7.031250000000001e-05
63.888055,-0.0020625
63.892055,1.5625e-05
63.896055,0.0008359375
63.900058,5.46875e-05
63.904056,-0.001796875
63.908056,5.46875e-05
63.912055,0.0008828125
63.916055,-0.00014062500000000002
63.920058,-0.002
63.924056,0.0
63.928055,0.00040625000000000004
63.932056,0.0
63.936055,-0.0008125000000000001
63.940058,-2.34375e-05
63.944058,0.000703125
63.948056,0.0004140625
63.952055,-4.6875e-05
63.956055,-0.0008359375
63.960057,2.34375e-05
63.964056,0.00020312500000000002
63.968055,0.0001171875
63.972055,-0.001
63.976055,7.8125e-06
63.980058,0.0003515625
63.984056,7.8125e-05
63.988056,-0.0019296875
63.992055,2.34375e-05
63.996055,0.0006875
64.000057,9.375e-05
64.004057,-0.00175
64.008054,3.125e-05
64.012056,0.0008359375
64.016055,-3.90625e-05
64.020057,-0.00215625
64.024056,3.90625e-05
64.028056,0.0008984375
64.032055,-1.5625e-05
64.036055,-0.0008203125
64.040057,-0.000125
64.044056,0.0006484375
64.048055,4.6875e-05
64.052055,-7.8125e-06
64.056055,-0.000828125
64.060058,7.031250000000001e-05
64.064057,0.0003671875
64.068056,2.34375e-05
64.072055,-0.0007734375
64.076055,1.5625e-05
64.080057,0.0005
64.084057,8.59375e-05
64.088055,-0.0010390625
64.092056,3.90625e-05
64.096055,0.0008203125
64.100057,9.375e-05
64.104057,-0.0017734375
64.108056,-3.125e-05
64.112055,0.00075
64.116055,-3.90625e-05
64.120058,-0.002078125
64.124057,9.375e-05
64.128055,0.000859375
64.132055,6.25e-05
64.136055,-0.0009453125
64.140058,-3.125e-05
64.144059,0.000734375
64.148056,-7.8125e-05
64.152056,3.90625e-05
64.156055,-0.0009375
64.160057,0.0
64.164056,0.0002890625
64.168055,7.8125e-05
64.172055,-0.0008203125
64.176055,3.90625e-05
64.180058,0.000375
64.184056,0.0001328125
64.188056,-0.001265625
64.192055,0.0
64.196055,0.0007578125
64.200058,7.031250000000001e-05
64.204057,-0.0019296875
64.208055,7.8125e-06
64.212054,0.0007734375
64.216055,-7.8125e-05
64.220058,-0.0019375
64.224057,0.0
64.228056,0.0009218750000000001
64.232055,7.8125e-05
64.236055,-0.0007421875
64.240058,-1.5625e-05
64.244057,0.0008125000000000001
64.248055,4.6875e-05
64.252055,-7.8125e-06
64.256055,-0.0006875
64.260059,7.8125e-06
64.264061,0.0002890625
64.268058,7.8125e-06
64.272056,-0.0009453125
64.276056,2.34375e-05
64.280058,0.000359375
64.284056,2.34375e-05
64.288056,-0.001203125
64.292055,-7.8125e-06
64.296055,0.000703125
64.300057,3.90625e-05
64.304056,-0.0018359375000000001
64.308056,4.6875e-05
64.312055,0.0008671875
64.316055,-0.00015625
64.320057,-0.002046875
64.324057,-4.6875e-05
64.328056,0.0009218750000000001
64.332055,-4.6875e-05
64.336055,-0.0007578125
64.340057,-0.00010156250000000001
64.344058,0.00071875
64.348056,7.031250000000001e-05
64.352055,4.6875e-05
64.356055,-0.0009375
64.360057,-7.8125e-06
64.364057,0.0002890625
64.368055,3.125e-05
64.372055,-0.000890625
64.376055,3.90625e-05
64.380058,0.00033593750000000003
64.384056,8.59375e-05
64.388056,-0.0012421875
64.392055,-1.5625e-05
64.396056,0.0006640625
64.400058,7.031250000000001e-05
64.404056,-0.0020859375
64.408056,-7.8125e-06
64.412055,0.0007578125
64.416055,3.125e-05
64.420057,-0.00196875
64.424056,6.25e-05
64.428056,0.0008828125
64.432055,-0.00010156250000000001
64.436055,-0.0008984375
64.440058,-0.0001328125
64.444057,0.0006484375
64.448056,2.34375e-05
64.452055,3.125e-05
64.456055,-0.0008359375
64.460058,-6.25e-05
64.464057,0.000421875
64.468055,-2.34375e-05
64.472054,-0.0008984375
64.476055,-7.031250000000001e-05
64.480058,0.00028125000000000003
64.484057,6.25e-05
64.488055,-0.0012578125
64.492055,-1.5625e-05
64.496055,0.0006875
64.500058,9.375e-05
64.504056,-0.0019296875
64.508056,5.46875e-05
64.512055,0.0007734375
64.516055,-3.125e-05
64.520058,-0.0023046875
64.524056,9.375e-05
64.528055,0.000875
64.532056,0.00015625
64.536056,-0.0020390625
64.54006,3.125e-05
64.544058,0.0006718750000000001
64.548056,0.0001484375
64.552056,-7.8125e-06
64.556056,-0.000109375
64.560057,3.90625e-05
64.564056,0.000421875
64.568055,-7.8125e-06
64.572055,-0.000875
64.576056,7.8125e-06
64.580058,0.00034375
64.584056,7.031250000000001e-05
64.588056,-0.001171875
64.592055,-6.25e-05
64.596056,0.000640625
64.600058,1.5625e-05
64.604056,-0.0018125
64.608055,-3.125e-05
64.612055,0.0009140625
64.616055,3.90625e-05
64.620057,-0.0020859375
64.624057,7.8125e-06
64.628055,0.0009921875
64.632055,1.5625e-05
64.636055,-0.00190625
64.640058,7.8125e-06
64.644056,0.0005859375
64.648055,7.031250000000001e-05
64.652055,1.5625e-05
64.656055,-2.34375e-05
64.660058,-7.8125e-06
64.664055,0.000421875
64.668056,3.90625e-05
64.672055,-0.000828125
64.676055,-3.90625e-05
64.68006,0.00040625000000000004
64.684058,0.00010156250000000001
64.688056,-0.00121875
64.692056,4.6875e-05
64.696059,0.0004921875
64.700058,-1.5625e-05
64.704057,-0.001921875
64.708056,5.46875e-05
64.712055,0.000828125
64.716055,3.125e-05
64.720058,-0.0020859375
64.724056,-5.46875e-05
64.728055,0.0009296875000000001
64.732056,-3.90625e-05
64.736055,-0.002046875
64.740058,-7.031250000000001e-05
64.744059,0.0004765625
64.748057,5.46875e-05
64.752055,-3.90625e-05
64.756056,-2.34375e-05
64.76006,0.0
64.764058,0.0003671875
64.768056,9.375e-05
64.772056,-0.00096875
64.776056,7.8125e-06
64.780058,0.00039843750000000003
64.784057,0.00010156250000000001
64.788055,-0.0011093750000000001
64.792055,5.46875e-05
64.796055,0.0005546875000000001
64.800058,7.031250000000001e-05
64.804057,-0.0019296875
64.808056,4.6875e-05
64.812056,0.000859375
64.816055,5.46875e-05
64.820058,-0.0021171875
64.824056,0.00010156250000000001
64.828056,0.0008984375
64.832055,7.8125e-06
64.836055,-0.002109375
64.840057,-6.25e-05
64.844056,0.0005234375
64.848055,-3.90625e-05
64.852055,4.6875e-05
64.856055,-7.031250000000001e-05
64.860057,-2.34375e-05
64.864056,0.0003515625
64.868056,4.6875e-05
64.872055,-0.0009375
64.876055,3.90625e-05
64.880057,0.000296875
64.884056,0.0001171875
64.888055,-0.0013671875000000001
64.892056,-1.5625e-05
64.896055,0.00046093750000000003
64.900057,4.6875e-05
64.904056,-0.0019375
64.908056,6.25e-05
64.912055,0.0007265625
64.916055,2.34375e-05
64.920057,-0.0021328125
64.924056,0.0001328125
64.928055,0.0007421875
64.932055,7.8125e-05
64.936055,-0.002140625
64.940058,-7.8125e-06
64.944058,0.0005625000000000001
64.948057,0.0001875
64.952055,7.8125e-06
64.956055,-7.8125e-05
64.960057,3.125e-05
64.964056,0.0003671875
64.968055,6.25e-05
64.972055,-0.0007968750000000001
64.976055,-2.34375e-05
64.980058,0.00046875
64.984056,5.46875e-05
64.988055,-0.001203125
64.992055,-5.46875e-05
64.996055,0.000484375
65.000058,6.25e-05
65.004083,-0.00125
65.008056,5.46875e-05
65.012055,0.0008203125
65.016055,8.59375e-05
65.020058,-0.001984375
65.024057,3.90625e-05
65.028055,0.0009765625
65.032055,-0.0001171875
65.036055,-0.00203125
65.040058,-0.0001171875
65.044056,0.0008828125
65.048056,0.000109375
65.052055,3.125e-05
65.056055,-3.90625e-05
65.060058,7.8125e-06
65.064057,-0.0001171875
65.068055,7.8125e-06
65.072056,-0.0008671875
65.076055,2.34375e-05
65.080058,0.0005
65.084057,0.00010156250000000001
65.088056,-0.00115625
65.092055,-1.5625e-05
65.096055,0.0005234375
65.100058,9.375e-05
65.104057,-0.001390625
65.108055,2.34375e-05
65.112055,0.0007734375
65.116055,0.000109375
65.120057,-0.0019921875
65.124056,7.8125e-06
65.128055,0.0008515625
65.132055,-4.6875e-05
65.136055,-0.002046875
65.140057,-5.46875e-05
65.144059,0.0008828125
65.148057,-0.0001328125
65.152056,1.5625e-05
65.156056,-5.46875e-05
65.160057,4.6875e-05
65.164056,7.031250000000001e-05
65.168055,7.8125e-05
65.172055,-0.0009296875000000001
65.176055,-7.031250000000001e-05
65.180057,0.00040625000000000004
65.184056,7.031250000000001e-05
65.188056,-0.0014921875
65.192055,0.0
65.196055,0.0004453125
65.200058,7.031250000000001e-05
65.204056,-0.0013593750000000001
65.208055,-3.125e-05
65.212055,0.0009453125
65.216055,1.5625e-05
65.220058,-0.0021171875
65.224057,6.25e-05
65.228056,0.0008359375
65.232056,3.125e-05
65.236054,-0.0021484375
65.240058,-7.8125e-06
65.244057,0.000875
65.248056,0.0001171875
65.252055,1.5625e-05
65.256055,-8.59375e-05
65.260058,-7.8125e-06
65.264057,-0.00010156250000000001
65.268057,8.59375e-05
65.272061,-0.00084375
65.276056,-5.46875e-05
65.280056,0.0004296875
65.284055,7.031250000000001e-05
65.288055,-0.0012890625
65.292054,3.125e-05
65.296055,0.000609375
65.300055,4.6875e-05
65.304055,-0.00146875
65.308054,-6.25e-05
65.312056,0.0008828125
65.316058,4.6875e-05
65.320056,-0.0020546875
65.324056,3.125e-05
65.328056,0.0009609375
65.332055,0.0
65.336055,-0.0021015625
65.340055,9.375e-05
65.344056,0.000890625
65.348055,0.00014062500000000002
65.352055,5.46875e-05
65.356055,-3.125e-05
65.360055,5.46875e-05
65.364055,-0.0001171875
65.368055,3.125e-05
65.372055,-0.0010625
65.376055,2.34375e-05
65.380055,0.0004140625
65.384055,3.90625e-05
65.388055,-0.0011640625
65.392055,-2.34375e-05
65.396058,0.000484375
65.400057,7.031250000000001e-05
65.404056,-0.001375
65.408055,-6.25e-05
65.412055,0.0008125000000000001
65.416056,8.59375e-05
65.420055,-0.0023125
65.424055,-1.5625e-05
65.428055,0.0009375
65.432055,-0.0001328125
65.436056,-0.002109375
65.440055,-9.375e-05
65.444055,0.00090625
65.448055,4.6875e-05
65.452055,7.031250000000001e-05
65.456055,-0.0001171875
65.460055,7.031250000000001e-05
65.464055,-9.375e-05
65.468055,7.8125e-05
65.472055,-0.00096875
65.476056,3.90625e-05
65.480055,0.0004765625
65.484055,6.25e-05
65.488055,-0.001140625
65.492054,-7.8125e-06
65.496056,0.0005625000000000001
65.500055,7.031250000000001e-05
65.504056,-0.0013828125
65.508056,-2.34375e-05
65.512054,0.00078125
65.516056,5.46875e-05
65.520055,-0.00203125
65.524055,3.90625e-05
65.528055,0.000875
65.532018,-5.46875e-05
65.536057,-0.0022109375000000002
65.540055,-1.5625e-05
65.544055,0.00084375
65.548054,-7.8125e-06
65.552056,4.6875e-05
65.556054,-6.25e-05
65.560055,-1.5625e-05
65.564054,-3.125e-05
65.568055,8.59375e-05
65.572054,-7.8125e-06
65.576057,7.8125e-06
65.580056,0.00033593750000000003
65.584056,6.25e-05
65.588055,-0.001328125
65.592056,0.0
65.596055,0.0004453125
65.600056,7.031250000000001e-05
65.604055,-0.001484375
65.608055,6.25e-05
65.612055,0.00059375
65.616055,3.90625e-05
65.620056,-0.0022578125
65.624056,-7.8125e-05
65.628055,0.0009453125
65.632055,3.90625e-05
65.636055,-0.0021796875
65.640056,-2.34375e-05
65.644055,0.0009140625
65.648055,0.000125
65.652055,-0.0021640625
65.656056,-3.90625e-05
65.660055,3.125e-05
65.664056,-0.000109375
65.668055,-1.5625e-05
65.672055,-7.8125e-06
65.676056,2.34375e-05
65.680057,0.00046093750000000003
65.684056,5.46875e-05
65.688055,-0.00128125
65.692055,-7.8125e-06
65.696056,0.00040625000000000004
65.700056,2.34375e-05
65.704056,-0.0014921875
65.708055,-1.5625e-05
65.712056,0.0005234375
65.716054,4.6875e-05
65.720056,-0.0021015625
65.724055,0.0
65.728056,0.0009609375
65.732055,5.46875e-05
65.736055,-0.002125
65.740056,-0.000125
65.744056,0.0009140625
65.748055,8.59375e-05
65.752054,-0.00215625
65.756056,-6.25e-05
65.760059,6.25e-05
65.764059,-6.25e-05
65.768056,3.90625e-05
65.772055,-0.0001171875
65.776055,0.0
65.780055,0.0004140625
65.784055,6.25e-05
65.788054,-0.001
65.792055,-3.125e-05
65.796055,0.000640625
65.800056,7.031250000000001e-05
65.804055,-0.0014765625
65.808057,-7.8125e-06
65.812056,0.000703125
65.816056,-3.90625e-05
65.820055,-0.0022265625000000002
65.824055,2.34375e-05
65.828055,0.0009609375
65.832055,-7.8125e-06
65.836055,-0.002140625
65.840056,-0.00014062500000000002
65.844055,0.0009375
65.848055,4.6875e-05
65.852055,-0.00240625
65.856055,-1.5625e-05
65.860055,2.34375e-05
65.864056,5.46875e-05
65.868055,5.46875e-05
65.872055,5.46875e-05
65.876055,-7.8125e-06
65.880055,0.000375
65.884055,8.59375e-05
65.888055,-0.001375
65.892055,-3.125e-05
65.896055,0.000546875
65.900055,5.46875e-05
65.904055,-0.0015703125
65.908055,1.5625e-05
65.912055,0.0006328125
65.916055,3.90625e-05
65.920056,-0.0021953125
65.924055,1.5625e-05
65.928055,0.0009921875
65.932055,8.59375e-05
65.936055,-0.001953125
65.940055,1.5625e-05
65.944055,0.0008671875
65.948055,3.125e-05
65.952055,-0.0020625
65.956055,-3.90625e-05
65.960055,-3.90625e-05
65.964055,-0.0001640625
65.968055,5.46875e-05
65.972055,7.031250000000001e-05
65.976055,2.34375e-05
65.980055,0.0004453125
65.984055,3.90625e-05
65.988055,-0.0013046875
65.992055,2.34375e-05
65.996056,0.000484375
66.000055,7.031250000000001e-05
66.004055,-0.0013984375
66.008054,7.8125e-06
66.012055,0.0006875
66.016055,-7.8125e-06
66.020055,-0.0020703125
66.024055,1.5625e-05
66.028055,0.0009218750000000001
66.032055,0.0001171875
66.036055,-0.002125
66.040055,-2.34375e-05
66.044055,0.0008828125
66.048056,0.0001171875
66.052056,-0.0021015625
66.056055,-6.25e-05
66.060055,-3.125e-05
66.064055,-0.0001953125
66.068055,4.6875e-05
66.072055,-0.00021875
66.076055,7.8125e-06
66.080055,0.0005078125
66.084055,3.125e-05
66.088055,-0.001234375
66.092055,-7.8125e-06
66.096055,0.000515625
66.100055,0.000109375
66.104055,-0.0014765625
66.108055,-2.34375e-05
66.112055,0.000609375
66.116055,0.0
66.120056,-0.0017734375
66.124055,2.34375e-05
66.128055,0.0009375
66.132055,3.90625e-05
66.136055,-0.0019609375
66.140055,-1.5625e-05
66.144056,0.00096875
66.148055,6.25e-05
66.152055,-0.0022578125
66.156055,7.8125e-05
66.160056,0.0009921875
66.164055,0.0
66.168055,6.25e-05
66.172055,-3.90625e-05
66.176055,4.6875e-05
66.180055,8.59375e-05
66.184055,8.59375e-05
66.188055,-0.0012421875
66.192055,3.125e-05
66.196055,0.000453125
66.200055,7.8125e-06
66.204055,-0.0014921875
66.208055,7.8125e-06
66.212055,0.0006875
66.216055,7.031250000000001e-05
66.220055,-0.0017109375
66.224055,-4.6875e-05
66.228055,0.000890625
66.232055,4.6875e-05
66.236055,-0.002109375
66.240055,2.34375e-05
66.244055,0.000859375
66.248055,3.125e-05
66.252055,-0.002515625
66.256055,6.25e-05
66.260057,0.0009765625
66.264054,-0.000125
66.268058,7.031250000000001e-05
66.272057,-2.34375e-05
66.276055,-6.25e-05
66.280055,4.6875e-05
66.284054,2.34375e-05
66.288054,-0.0012734375
66.292054,3.90625e-05
66.296055,0.00046093750000000003
66.300055,8.59375e-05
66.304055,-0.0013984375
66.308054,0.0
66.312055,0.0004765625
66.316056,6.25e-05
66.320056,-0.001671875
66.324055,2.34375e-05
66.328055,0.0009609375
66.332055,4.6875e-05
66.336055,-0.0019921875
66.340056,7.8125e-06
66.344056,0.000890625
66.348055,7.8125e-05
66.352055,-0.002171875
66.356055,2.34375e-05
66.360055,0.0009296875000000001
66.364055,-0.0001640625
66.368055,8.59375e-05
66.372055,-0.000171875
66.376055,-2.34375e-05
66.380055,7.8125e-06
66.384055,7.031250000000001e-05
66.388055,-0.001203125
66.392055,-5.46875e-05
66.396058,0.0004453125
66.400055,7.8125e-05
66.404055,-0.0012890625
66.408055,2.34375e-05
66.412055,0.0006640625
66.416055,3.90625e-05
66.420055,-0.0016328125
66.424055,-7.8125e-06
66.428055,0.0010390625
66.432055,0.0
66.436055,-0.002109375
66.440056,4.6875e-05
66.444055,0.0008828125
66.448055,4.6875e-05
66.452055,-0.0022265625000000002
66.456056,3.125e-05
66.460055,0.0008671875
66.464055,-0.0001171875
66.468055,4.6875e-05
66.472055,2.34375e-05
66.476055,4.6875e-05
66.480056,8.59375e-05
66.484055,9.375e-05
66.488055,-0.0014140625
66.492055,5.46875e-05
66.496055,0.000578125
66.500055,8.59375e-05
66.504055,-0.0013593750000000001
66.508055,1.5625e-05
66.512055,0.000640625
66.516054,7.031250000000001e-05
66.520055,-0.0016093750000000001
66.524056,3.90625e-05
66.528056,0.0009296875000000001
66.532057,4.6875e-05
66.536056,-0.0021640625
66.540055,-5.46875e-05
66.544055,0.0010078125
66.548055,9.375e-05
66.552056,-0.002265625
66.556054,-0.00010156250000000001
66.560055,0.0009609375
66.564054,-0.0001640625
66.568055,6.25e-05
66.572055,6.25e-05
66.576056,1.5625e-05
66.580056,0.0001953125
66.584054,6.25e-05
66.588055,-0.0011796875
66.592055,-2.34375e-05
66.596056,0.0005
66.600056,9.375e-05
66.604055,-0.0014765625
66.608055,3.90625e-05
66.612055,0.0005703125
66.616055,6.25e-05
66.620056,-0.001578125
66.624055,-8.59375e-05
66.628055,0.0009296875000000001
66.632055,7.031250000000001e-05
66.636055,-0.0021875
66.640055,-4.6875e-05
66.644055,0.000890625
66.648056,0.0001953125
66.652055,-0.002359375
66.656055,7.8125e-06
66.660055,0.00078125
66.664056,-0.0002734375
66.668055,-0.0021171875
66.672055,-1.5625e-05
66.676055,7.8125e-06
66.680057,7.8125e-06
66.684056,1.5625e-05
66.688056,-0.0002578125
66.692056,6.25e-05
66.696056,0.0004765625
66.700055,3.125e-05
66.704055,-0.0015234375
66.708055,-8.59375e-05
66.712054,0.0006328125
66.716056,6.25e-05
66.720056,-0.0015703125
66.724055,-3.125e-05
66.728055,0.00059375
66.732055,7.8125e-05
66.736055,-0.002078125
66.740056,3.90625e-05
66.744055,0.00096875
66.748056,0.0
66.752055,-0.0021796875
66.756055,1.5625e-05
66.760056,0.0009296875000000001
66.764032,0.0
66.768057,-0.0020625
66.772055,-2.34375e-05
66.776054,-1.5625e-05
66.780055,0.0001171875
66.784056,0.0001171875
66.788056,-0.000296875
66.792055,-1.5625e-05
66.796055,0.00046093750000000003
66.800055,9.375e-05
66.804055,-0.001515625
66.808056,4.6875e-05
66.812056,0.000625
66.816055,6.25e-05
66.820055,-0.0015234375
66.824055,-7.8125e-06
66.828056,0.000640625
66.832055,8.59375e-05
66.836055,-0.002140625
66.840056,3.125e-05
66.844055,0.000890625
66.848055,3.90625e-05
66.852055,-0.0021171875
66.856055,-7.031250000000001e-05
66.860056,0.000953125
66.864055,-6.25e-05
66.868055,-0.00190625
66.872055,4.6875e-05
66.876055,2.34375e-05
66.880056,0.0001796875
66.884055,5.46875e-05
66.888055,-6.25e-05
66.892055,-3.90625e-05
66.896055,0.0004921875
66.900055,7.031250000000001e-05
66.904055,-0.0014375
66.908055,6.25e-05
66.912055,0.00071875
66.916055,-2.34375e-05
66.920056,-0.0015546875
66.924055,3.125e-05
66.928055,0.0006484375
66.932055,8.59375e-05
66.936055,-0.002078125
66.940055,7.8125e-06
66.944056,0.0008203125
66.948055,5.46875e-05
66.952055,-0.0022187500000000002
66.956055,-3.90625e-05
66.960056,0.0009609375
66.964055,-0.0001953125
66.968055,-0.0020390625
66.972055,-0.0001171875
66.976055,-4.6875e-05
66.980055,0.0
66.984055,8.59375e-05
66.988055,-0.0001953125
66.992056,-7.8125e-06
66.996055,0.00053125
67.000056,9.375e-05
67.004055,-0.001375
67.008054,7.8125e-06
67.012055,0.0005078125
67.016055,6.25e-05
67.020055,-0.001703125
67.024055,-3.125e-05
67.028055,0.0006484375
67.032055,1.5625e-05
67.036055,-0.0019765625
67.040055,-6.25e-05
67.044055,0.00096875
67.048055,8.59375e-05
67.052055,-0.0021796875
67.056055,-7.031250000000001e-05
67.060055,0.0009375
67.064056,3.125e-05
67.068055,-0.0018593750000000001
67.072055,4.6875e-05
67.076055,0.0
67.080055,-2.34375e-05
67.084055,8.59375e-05
67.088055,-0.000359375
67.092055,2.34375e-05
67.096055,0.0005546875000000001
67.100055,4.6875e-05
67.104055,-0.0013359375
67.108055,4.6875e-05
67.112055,0.0006875
67.116055,7.8125e-05
67.120055,-0.001546875
67.124055,1.5625e-05
67.128055,0.0006796875000000001
67.132055,3.125e-05
67.136055,-0.002046875
67.140055,5.46875e-05
67.144056,0.0008828125
67.148055,3.90625e-05
67.152055,-0.0022500000000000003
67.156055,-7.031250000000001e-05
67.160056,0.0010078125
67.164055,9.375e-05
67.168055,-0.0019765625
67.172055,1.5625e-05
67.176055,4.6875e-05
67.180055,6.25e-05
67.184055,0.0001171875
67.188054,-0.000109375
67.192056,-2.34375e-05
67.196055,0.0004140625
67.200055,0.000109375
67.204055,-0.0014453125
67.208055,-2.34375e-05
67.212055,0.000578125
67.216055,0.0
67.220056,-0.0015859375
67.224055,7.8125e-06
67.228055,0.000578125
67.232055,8.59375e-05
67.236055,-0.0021171875
67.240055,-5.46875e-05
67.244055,0.00090625
67.248055,7.8125e-05
67.252055,-0.002125
67.256055,2.34375e-05
67.260059,0.0009609375
67.264057,-7.8125e-05
67.268056,-0.00196875
67.272056,-6.25e-05
67.276056,0.00115625
67.280056,0.0
67.284055,4.6875e-05
67.288054,-0.0002734375
67.292055,3.90625e-05
67.296056,0.00021875
67.300055,0.00010156250000000001
67.304055,-0.0014375
67.308055,-1.5625e-05
67.312055,0.0006015625
67.316055,3.125e-05
67.320056,-0.001578125
67.324055,-1.5625e-05
67.328056,0.0006796875000000001
67.332055,1.5625e-05
67.336055,-0.0013359375
67.340056,-3.90625e-05
67.344055,0.0009296875000000001
67.348055,3.125e-05
67.352054,-0.002296875
67.356055,3.125e-05
67.360056,0.0008515625
67.364055,3.125e-05
67.368056,-0.0021640625
67.372055,-8.59375e-05
67.376055,0.0009921875
67.380056,-3.90625e-05
67.384055,4.6875e-05
67.388055,-0.0004453125
67.392055,8.59375e-05
67.396055,0.00014062500000000002
67.400056,0.00010156250000000001
67.404055,-0.0013984375
67.408056,7.031250000000001e-05
67.412055,0.000609375
67.416056,4.6875e-05
67.420056,-0.001578125
67.424055,-3.125e-05
67.428055,0.00059375
67.432055,6.25e-05
67.436055,-0.0017109375
67.440056,0.0
67.444055,0.000984375
67.448055,3.125e-05
67.452055,-0.0020546875
67.456056,-4.6875e-05
67.460055,0.0010390625
67.464056,-9.375e-05
67.468055,-0.001984375
67.472055,6.25e-05
67.476055,0.0010625
67.480055,8.59375e-05
67.484055,5.46875e-05
67.488055,-0.0001484375
67.492055,-6.25e-05
67.496056,0.000109375
67.500055,4.6875e-05
67.504055,-0.0015078125
67.508055,-2.34375e-05
67.512055,0.000640625
67.516055,5.46875e-05
67.520055,-0.0015625
67.524055,4.6875e-05
67.528055,0.000734375
67.532055,7.031250000000001e-05
67.536021,-0.0015703125
67.540056,0.0
67.544055,0.0009296875000000001
67.548056,9.375e-05
67.552055,-0.0021484375
67.556055,2.34375e-05
67.560056,0.0009218750000000001
67.564055,0.0
67.568055,-0.0018671875000000001
67.572055,-0.0002109375
67.576055,0.0010625
67.580055,3.125e-05
67.584056,7.031250000000001e-05
67.588056,-0.0002578125
67.592056,3.90625e-05
67.596055,0.000125
67.600056,9.375e-05
67.604055,-0.0015078125
67.608055,2.34375e-05
67.612055,0.0005546875000000001
67.616055,0.000109375
67.620056,-0.0017109375
67.624056,2.34375e-05
67.628055,0.000625
67.632055,6.25e-05
67.636055,-0.0015703125
67.640056,-6.25e-05
67.644055,0.0009453125
67.648055,5.46875e-05
67.652055,-0.002265625
67.656055,-2.34375e-05
67.660055,0.00090625
67.664055,-3.90625e-05
67.668055,-0.0018671875000000001
67.672055,-9.375e-05
67.676055,0.000984375
67.680057,4.6875e-05
67.684056,1.5625e-05
67.688056,-0.000234375
67.692055,-1.5625e-05
67.696056,0.00020312500000000002
67.700055,7.031250000000001e-05
67.704055,-0.0017421875
67.708055,3.125e-05
67.712055,0.000625
67.716055,0.0001171875
67.720055,-0.0015937500000000001
67.724055,-1.5625e-05
67.728056,0.0006328125
67.732054,1.5625e-05
67.736055,-0.0014296875
67.740056,-3.90625e-05
67.744056,0.00103125
67.748055,3.90625e-05
67.752055,-0.0043359375
67.756055,0.0
67.760056,0.0009375
67.764055,-0.0001171875
67.768058,-0.0018437500000000001
67.772058,0.0
67.776056,0.0010859375
67.780056,0.0001953125
67.784056,3.125e-05
67.788055,-0.000296875
67.792055,4.6875e-05
67.796054,7.031250000000001e-05
67.800055,7.031250000000001e-05
67.804054,-0.0016796875
67.808055,4.6875e-05
67.812056,0.000578125
67.816056,6.25e-05
67.820055,-0.00146875
67.824055,4.6875e-05
67.828055,0.000640625
67.832056,7.031250000000001e-05
67.836056,-0.001484375
67.840056,7.8125e-06
67.844055,0.000609375
67.848055,1.5625e-05
67.852055,-0.0022578125
67.856055,0.0
67.860056,0.000953125
67.864056,5.46875e-05
67.868055,-0.0018125
67.872055,-0.00015625
67.876055,0.001171875
67.880056,0.0001171875
67.884055,-0.0037343750000000003
67.888055,-0.0002421875
67.892055,-1.5625e-05
67.896055,0.0003046875
67.900055,4.6875e-05
67.904055,-0.0001875
67.908055,-4.6875e-05
67.912055,0.0005390625
67.916055,9.375e-05
67.920056,-0.0015
67.924055,0.0
67.928055,0.0005625000000000001
67.932055,4.6875e-05
67.936055,-0.0016093750000000001
67.940055,3.90625e-05
67.944056,0.0005625000000000001
67.948055,4.6875e-05
67.952056,-0.0022500000000000003
67.956055,3.125e-05
67.960055,0.000984375
67.964055,8.59375e-05
67.968055,-0.001921875
67.972055,-0.0001171875
67.976056,0.0010546875
67.980055,-1.5625e-05
67.984055,-0.0036718750000000002
67.988055,-0.000328125
67.992054,7.8125e-06
67.996055,0.0001484375
68.000055,7.8125e-05
68.004055,-0.0003203125
68.008055,7.031250000000001e-05
68.012054,0.00065625
68.016056,2.34375e-05
68.020055,-0.0014765625
68.024055,2.34375e-05
68.028055,0.0004765625
68.032055,-7.8125e-06
68.036055,-0.001484375
68.040055,1.5625e-05
68.044055,0.0007578125
68.048055,0.0
68.052055,-0.002171875
68.056055,3.90625e-05
68.060055,0.00090625
68.064055,5.46875e-05
68.068055,-0.0019296875
68.072055,-7.8125e-05
68.076055,0.000984375
68.080056,6.25e-05
68.084055,-0.0036875000000000002
68.088056,-0.00034375
68.092055,4.6875e-05
68.096055,0.000109375
68.100055,0.000109375
68.104055,-0.000421875
68.108055,-3.90625e-05
68.112055,0.00059375
68.116055,0.00010156250000000001
68.120055,-0.0016093750000000001
68.124055,5.46875e-05
68.128055,0.0006328125
68.132055,9.375e-05
68.136055,-0.0015937500000000001
68.140056,-3.125e-05
68.144055,0.0006328125
68.148055,8.59375e-05
68.152055,-0.0023046875
68.156055,7.8125e-06
68.160055,0.00096875
68.164055,2.34375e-05
68.168055,-0.0018359375000000001
68.172055,-0.0001640625
68.176055,0.001140625
68.180055,0.00014062500000000002
68.184055,-0.0038125
68.188055,-0.0002265625
68.192055,0.0
68.196055,8.59375e-05
68.200056,7.8125e-05
68.204055,-0.0002421875
68.208055,9.375e-05
68.212054,0.00065625
68.216056,0.0001171875
68.220055,-0.0014375
68.224055,-3.125e-05
68.228055,0.0006718750000000001
68.232055,-7.8125e-06
68.236055,-0.0014453125
68.240055,-7.8125e-06
68.244055,0.0006796875000000001
68.248055,6.25e-05
68.252055,-0.0022578125
68.256055,3.125e-05
68.260026,0.000953125
68.264057,-3.90625e-05
68.268056,-0.0018203125
68.272056,-0.00014062500000000002
68.276055,0.001
68.280055,4.6875e-05
68.284056,-0.000984375
68.288055,-0.0003125
68.292055,5.46875e-05
68.296055,0.000234375
68.300056,7.8125e-05
68.304056,-0.0003046875
68.308055,5.46875e-05
68.312055,0.0006328125
68.316055,0.0001171875
68.320056,-0.001640625
68.324055,-3.90625e-05
68.328055,0.0005625000000000001
68.332055,2.34375e-05
68.336055,-0.00171875
68.340055,3.90625e-05
68.344055,0.0008046875000000001
68.348055,9.375e-05
68.352055,-0.002109375
68.356055,4.6875e-05
68.360055,0.0009765625
68.364055,8.59375e-05
68.368055,-0.0017265625
68.372055,-0.0002578125
68.376056,0.0011953125
68.380056,0.0001484375
68.384056,-0.00121875
68.388055,-0.0002421875
68.392055,-4.6875e-05
68.396055,0.0001640625
68.400055,0.00010156250000000001
68.404055,-0.0003828125
68.408055,-2.34375e-05
68.412055,-3.125e-05
68.416055,0.0001171875
68.420056,-0.0014921875
68.424055,2.34375e-05
68.428055,0.0005546875000000001
68.432055,0.0001328125
68.436055,-0.0015703125
68.440055,7.8125e-06
68.444055,0.00078125
68.448055,2.34375e-05
68.452055,-0.00203125
68.456056,1.5625e-05
68.460055,0.001
68.464055,7.8125e-05
68.468055,-0.0017265625
68.472055,4.6875e-05
68.476055,0.0011875
68.480055,0.000234375
68.484055,-0.0011796875
68.488055,-0.0001640625
68.492055,0.00053125
68.496056,0.000234375
68.500055,7.8125e-05
68.504055,-0.0001796875
68.508055,7.8125e-05
68.512055,0.000234375
68.516055,0.00010156250000000001
68.520055,-0.001671875
68.524055,3.90625e-05
68.528055,0.0006796875000000001
68.532055,5.46875e-05
68.536055,-0.0014140625
68.540025,-3.125e-05
68.544057,0.0007421875
68.548055,7.8125e-05
68.552055,-0.0016875
68.556055,-3.125e-05
68.560054,0.000984375
68.564054,7.031250000000001e-05
68.568055,-0.002140625
68.572055,3.90625e-05
68.576054,0.0011171875000000001
68.580055,4.6875e-05
68.584056,-0.00109375
68.588055,-0.0004765625
68.592056,0.0004765625
68.596055,4.6875e-05
68.600056,0.000109375
68.604055,-0.000359375
68.608055,7.8125e-06
68.612055,0.0001796875
68.616055,7.8125e-06
68.620056,-0.0017421875
68.624055,5.46875e-05
68.628055,0.0005234375
68.632055,8.59375e-05
68.636055,-0.0016093750000000001
68.640055,-6.25e-05
68.644055,0.00075
68.648055,1.5625e-05
68.652055,-0.0019765625
68.656055,-7.8125e-05
68.660056,0.001015625
68.664055,1.5625e-05
68.668055,-0.0019765625
68.672055,-2.34375e-05
68.676055,0.0011796875
68.680057,0.00010156250000000001
68.684056,-0.001203125
68.688055,-0.0002734375
68.692055,0.0004765625
68.696055,-7.8125e-06
68.700055,8.59375e-05
68.704055,-0.0005234375
68.708055,8.59375e-05
68.712055,0.00020312500000000002
68.716055,7.031250000000001e-05
68.720055,-0.0013515625000000001
68.724055,7.8125e-06
68.728055,0.0006640625
68.732055,0.0
68.736055,-0.001453125
68.740061,3.90625e-05
68.744056,0.0006640625
68.748055,2.34375e-05
68.752054,-0.0019921875
68.756058,1.5625e-05
68.760057,0.0009296875000000001
68.764055,9.375e-05
68.768056,-0.0018984375
68.772056,1.5625e-05
68.776056,0.0012890625
68.780056,8.59375e-05
68.784056,-0.0012265625
68.788055,-0.00025
68.792055,0.0004375
68.796056,0.00015625
68.800057,0.0001171875
68.804056,-0.0003046875
68.808056,-4.6875e-05
68.812056,0.000109375
68.816056,7.8125e-05
68.820055,-0.0014921875
68.824054,4.6875e-05
68.828054,0.0006484375
68.832056,-1.5625e-05
68.836055,-0.001765625
68.840056,-1.5625e-05
68.844055,0.00065625
68.848055,9.375e-05
68.852055,-0.0020546875
68.856055,-7.8125e-06
68.860056,0.0010078125
68.864055,0.00010156250000000001
68.868055,-0.0019296875
68.872055,-3.90625e-05
68.876056,0.001203125
68.880055,0.0001796875
68.884055,-0.001203125
68.888055,-0.000359375
68.892055,0.00053125
68.896055,0.0001640625
68.900056,0.000125
68.904055,-0.000328125
68.908056,-5.46875e-05
68.912055,0.0002890625
68.916056,7.8125e-06
68.920055,-0.0015078125
68.924056,4.6875e-05
68.928055,0.000609375
68.932055,4.6875e-05
68.936055,-0.0016093750000000001
68.940056,7.8125e-06
68.944055,0.0006796875000000001
68.948056,5.46875e-05
68.952056,-0.0018984375
68.956056,2.34375e-05
68.960055,0.000859375
68.964056,3.125e-05
68.968055,-0.0019921875
68.972056,3.125e-05
68.976055,0.0009296875000000001
68.980055,3.90625e-05
68.984055,-0.0011250000000000001
68.988056,-0.0004375
68.992056,0.0005078125
68.996056,3.125e-05
69.000054,-0.0008125000000000001
69.004055,-0.000375
69.008055,3.125e-05
69.012055,0.00015625
69.016055,0.0001328125
69.020056,-0.0007265625
69.024055,2.34375e-05
69.028055,0.0005859375
69.032056,0.00010156250000000001
69.036055,-0.0018125
69.040056,7.8125e-06
69.044056,0.00078125
69.048055,5.46875e-05
69.052056,-0.002078125
69.056055,-2.34375e-05
69.060055,0.0007265625
69.064055,3.125e-05
69.068055,-0.0018593750000000001
69.072055,-7.031250000000001e-05
69.076055,0.0010078125
69.080055,6.25e-05
69.084055,-0.0010859375
69.088055,-0.00034375
69.092055,0.00046875
69.096055,8.59375e-05
69.100055,-0.0008203125
69.104055,-0.00039843750000000003
69.108056,0.0
69.112055,0.000125
69.116055,5.46875e-05
69.120055,-0.000765625
69.124055,1.5625e-05
69.128055,0.00071875
69.132055,5.46875e-05
69.136055,-0.0018046875
69.140056,0.0
69.144055,0.00078125
69.148055,-3.125e-05
69.152055,-0.002015625
69.156056,-4.6875e-05
69.160056,0.0007734375
69.164056,7.8125e-06
69.168055,-0.00175
69.172055,1.5625e-05
69.176055,0.0007734375
69.180056,7.031250000000001e-05
69.184055,-0.0012421875
69.188055,-0.0002421875
69.192055,0.0004921875
69.196055,0.000125
69.200055,-0.000875
69.204055,-0.0002890625
69.208055,3.90625e-05
69.212055,0.0003046875
69.216055,0.0001171875
69.220055,-0.000875
69.224055,-5.46875e-05
69.228055,0.0006718750000000001
69.232055,0.000109375
69.236055,-0.0018828125
69.240055,-5.46875e-05
69.244056,0.00071875
69.248056,4.6875e-05
69.252056,-0.002
69.256056,-5.46875e-05
69.260056,0.0007734375
69.264055,5.46875e-05
69.268058,-0.0015625
69.272056,2.34375e-05
69.276055,0.0006328125
69.280055,5.46875e-05
69.284055,-0.000984375
69.288055,-0.000296875
69.292055,0.000515625
69.296055,0.0001796875
69.300055,-0.000828125
69.304055,-0.00046093750000000003
69.308055,3.125e-05
69.312056,0.000359375
69.316055,4.6875e-05
69.320056,-0.000703125
69.324055,-8.59375e-05
69.328055,0.0005703125
69.332054,1.5625e-05
69.336055,-0.0017109375
69.340055,1.5625e-05
69.344056,0.000828125
69.348056,0.0
69.352055,-0.0018515625000000001
69.356055,-1.5625e-05
69.360056,0.0008125000000000001
69.364055,3.125e-05
69.368055,-0.0016328125
69.372056,3.90625e-05
69.376056,0.0004765625
69.380056,0.0
69.384055,-0.00109375
69.388056,-0.000453125
69.392055,0.000421875
69.396056,-1.5625e-05
69.400056,-0.000765625
69.404055,-0.00046875
69.408055,7.031250000000001e-05
69.412055,0.0001953125
69.416056,9.375e-05
69.420056,-0.0009218750000000001
69.424056,-2.34375e-05
69.428056,0.00065625
69.432055,0.0001328125
69.436056,-0.001828125
69.440055,7.8125e-06
69.444056,0.000765625
69.448055,7.031250000000001e-05
69.452056,-0.0021875
69.456055,-4.6875e-05
69.460055,0.00075
69.464055,7.031250000000001e-05
69.468055,-0.0017890625
69.472056,7.8125e-06
69.476056,0.0005625000000000001
69.480055,-7.031250000000001e-05
69.484055,-0.00109375
69.488056,7.8125e-06
69.492056,0.00039843750000000003
69.496055,0.00021875
69.500056,-0.0006796875000000001
69.504055,-0.00046875
69.508054,0.0006328125
69.512056,0.000328125
69.516055,7.031250000000001e-05
69.520055,-0.0009609375
69.524056,3.125e-05
69.528055,0.000328125
69.532058,7.031250000000001e-05
69.536056,-0.002015625
69.540056,6.25e-05
69.544056,0.0007265625
69.548055,7.031250000000001e-05
69.552055,-0.0019140625
69.556055,5.46875e-05
69.560055,0.0007890625
69.564056,7.031250000000001e-05
69.568055,-0.001828125
69.572055,2.34375e-05
69.576056,0.000546875
69.580056,2.34375e-05
69.584056,-0.0011171875000000001
69.588055,0.0
69.592055,0.000484375
69.596056,0.00021875
69.600056,-0.00071875
69.604055,-0.0005
69.608055,0.000484375
69.612055,0.000359375
69.616055,0.00014062500000000002
69.620055,-0.0008046875000000001
69.624055,-3.125e-05
69.628055,0.000375
69.632056,9.375e-05
69.636056,-0.0019375
69.640056,1.5625e-05
69.644055,0.0008828125
69.648055,6.25e-05
69.652055,-0.001828125
69.656055,3.90625e-05
69.660056,0.00075
69.664055,6.25e-05
69.668055,-0.001796875
69.672055,-3.125e-05
69.676056,0.0005078125
69.680057,0.0
69.684056,-0.000984375
69.688055,0.0001953125
69.692055,0.0005
69.696056,8.59375e-05
69.700055,-0.000609375
69.704055,-0.0005859375
69.708055,0.0006718750000000001
69.712055,0.00040625000000000004
69.716055,3.90625e-05
69.720055,-0.000640625
69.724055,-7.8125e-06
69.728055,0.0003203125
69.732055,8.59375e-05
69.736055,-0.0018984375
69.740055,3.125e-05
69.744055,0.00084375
69.748055,7.8125e-05
69.752055,-0.0018593750000000001
69.756055,1.5625e-05
69.760055,0.000765625
69.764058,5.46875e-05
69.768057,-0.0016796875
69.772056,-0.000125
69.776055,0.0004765625
69.780055,-3.125e-05
69.784055,-0.000984375
69.788055,3.90625e-05
69.792055,0.0004296875
69.796055,2.34375e-05
69.800056,-0.0007734375
69.804056,-0.00071875
69.808056,0.00071875
69.812056,0.0004453125
69.816055,1.5625e-05
69.820055,-0.0007109375
69.824055,2.34375e-05
69.828055,0.00039843750000000003
69.832055,0.000109375
69.836055,-0.0018671875000000001
69.840056,6.25e-05
69.844054,0.0007890625
69.848054,5.46875e-05
69.852055,-0.002
69.856055,0.0
69.860056,0.0008046875000000001
69.864055,3.90625e-05
69.868055,-0.00190625
69.872055,5.46875e-05
69.876055,0.0005
69.880055,-7.031250000000001e-05
69.884055,-0.0009375
69.888055,0.000109375
69.892055,0.000453125
69.896055,0.0001953125
69.900056,-0.00084375
69.904055,-0.0009218750000000001
69.908055,0.000578125
69.912055,0.0003515625
69.916055,8.59375e-05
69.920056,-0.0007890625
69.924055,1.5625e-05
69.928055,0.00028125000000000003
69.932055,7.031250000000001e-05
69.936055,-0.0016875
69.940056,4.6875e-05
69.944055,0.0006328125
69.948055,9.375e-05
69.952055,-0.0020390625
69.956056,-7.8125e-06
69.960056,0.000640625
69.964055,0.000109375
69.968055,-0.001734375
69.972056,3.125e-05
69.976056,0.0007734375
69.980056,-2.34375e-05
69.984055,-0.0008671875
69.988055,0.0001953125
69.992056,0.00046093750000000003
69.996056,5.46875e-05
70.000056,-0.0007578125
70.004086,-0.000578125
70.008056,0.000734375
70.012056,0.000375
70.016055,1.5625e-05
70.020055,-0.000703125
70.024055,4.6875e-05
70.028055,0.0004765625
70.032055,9.375e-05
70.036055,-0.0009140625
70.040055,2.34375e-05
70.044056,0.0008046875000000001
70.048055,8.59375e-05
70.052055,-0.0017578125
70.056055,-4.6875e-05
70.060055,0.0008671875
70.064055,7.031250000000001e-05
70.068055,-0.0018046875
70.072055,1.5625e-05
70.076055,0.0007734375
70.080055,5.46875e-05
70.084055,-0.0010390625
70.088055,0.0001640625
70.092055,0.0004921875
70.096055,7.031250000000001e-05
70.100055,-0.00071875
70.104055,-0.0007578125
70.108055,0.00059375
70.112055,0.0002109375
70.116055,4.6875e-05
70.120056,-0.0006796875000000001
70.124056,-7.8125e-06
70.128055,0.000453125
70.132055,4.6875e-05
70.136055,-0.000875
70.140055,4.6875e-05
70.144055,0.0007421875
70.148055,0.000109375
70.152055,-0.0020625
70.156055,-4.6875e-05
70.160055,0.0007109375
70.164055,5.46875e-05
70.168055,-0.001890625
70.172055,-1.5625e-05
70.176055,0.00090625
70.180055,-0.00010156250000000001
70.184055,-0.0009375
70.188055,-8.59375e-05
70.192055,0.0005234375
70.196056,-7.031250000000001e-05
70.200055,-0.0007968750000000001
70.204055,-0.000734375
70.208055,0.0004453125
70.212055,0.0004765625
70.216056,-3.125e-05
70.220055,-0.0007109375
70.224055,1.5625e-05
70.228055,0.000375
70.232055,3.125e-05
70.236055,-0.0008515625
70.240055,3.125e-05
70.244055,0.0008046875000000001
70.248055,9.375e-05
70.252055,-0.0019296875
70.256045,-6.25e-05
70.260057,0.000765625
70.264055,0.000125
70.268056,-0.0021953125
70.272055,1.5625e-05
70.276055,0.0008515625
70.280056,2.34375e-05
70.284056,-0.0009140625
70.288055,-2.34375e-05
70.292056,0.000546875
70.296055,0.0
70.300057,-0.00075
70.304055,-0.0006640625
70.308055,0.00034375
70.312055,0.0003828125
70.316056,5.46875e-05
70.320055,-0.0008359375
70.324055,5.46875e-05
70.328055,0.0003828125
70.332055,5.46875e-05
70.336055,-0.0010390625
70.340056,6.25e-05
70.344055,0.0009609375
70.348055,6.25e-05
70.352055,-0.0018046875
70.356055,2.34375e-05
70.360054,0.0007578125
70.364055,3.90625e-05
70.368055,-0.0019921875
70.372055,4.6875e-05
70.376055,0.0008203125
70.380056,3.125e-05
70.384055,-0.00075
70.388055,0.0001796875
70.392055,0.0006171875
70.396055,7.031250000000001e-05
70.400059,-0.00046875
70.404056,-0.0007421875
70.408056,0.0001640625
70.412055,0.0003828125
70.416055,4.6875e-05
70.420056,-0.0008515625
70.424055,-1.5625e-05
70.428055,0.0003046875
70.432055,5.46875e-05
70.436055,-0.0009609375
70.440056,3.90625e-05
70.444055,0.0007968750000000001
70.448055,6.25e-05
70.452055,-0.0017109375
70.456055,-7.8125e-06
70.460056,0.0007265625
70.464055,0.0
70.468055,-0.001984375
70.472055,0.0
70.476055,0.0008515625
70.480055,-3.90625e-05
70.484055,-0.0020625
70.488055,7.031250000000001e-05
70.492056,0.00059375
70.496055,3.90625e-05
70.500054,-0.0001875
70.504055,-0.0001328125
70.508055,0.0
70.512056,0.000265625
70.516055,7.8125e-06
70.520055,-0.0009375
70.524055,1.5625e-05
70.528055,0.000390625
70.532045,9.375e-05
70.536057,-0.0010078125
70.540056,-2.34375e-05
70.544056,0.000453125
70.548055,7.031250000000001e-05
70.552055,-0.0022265625000000002
70.556055,3.125e-05
70.560055,0.00075
70.564055,6.25e-05
70.568056,-0.002
70.572056,7.8125e-06
70.576057,0.00078125
70.580057,-5.46875e-05
70.584055,-0.0021640625
70.588056,7.8125e-06
70.592055,0.000484375
70.596055,-2.34375e-05
70.600056,-4.6875e-05
70.604055,-0.0001484375
70.608055,-7.8125e-06
70.612054,0.000296875
70.616055,-7.8125e-06
70.620056,-0.000703125
70.624055,3.125e-05
70.628055,0.0004140625
70.632055,9.375e-05
70.636055,-0.0009609375
70.640056,2.34375e-05
70.644055,0.0004765625
70.648055,0.0001171875
70.652056,-0.0018437500000000001
70.656056,-0.0001171875
70.660055,0.0007109375
70.664055,0.000125
70.668055,-0.001765625
70.672055,4.6875e-05
70.676056,0.0007968750000000001
70.680057,7.8125e-05
70.684056,-0.0022031250000000002
70.688055,0.000109375
70.692055,0.0005234375
70.696056,-3.90625e-05
70.700055,-4.6875e-05
70.704056,-0.0001328125
70.708055,2.34375e-05
70.712055,0.000390625
70.716055,7.8125e-05
70.720055,-0.0008515625
70.724056,4.6875e-05
70.728055,0.000328125
70.732056,3.125e-05
70.736055,-0.0011875
70.740056,2.34375e-05
70.744055,0.0003515625
70.748055,9.375e-05
70.752055,-0.0019140625
70.756055,-5.46875e-05
70.760056,0.0008203125
70.764057,5.46875e-05
70.768058,-0.0022031250000000002
70.772057,6.25e-05
70.776056,0.000953125
70.780056,7.8125e-06
70.784056,-0.0022187500000000002
70.788055,8.59375e-05
70.792055,0.0006328125
70.796055,3.125e-05
70.800056,2.34375e-05
70.804055,-7.031250000000001e-05
70.808055,7.8125e-06
70.812056,0.000359375
70.816055,5.46875e-05
70.820055,-0.0010234375
70.824055,-2.34375e-05
70.828055,0.00040625000000000004
70.832055,8.59375e-05
70.836055,-0.001265625
70.840056,7.8125e-06
70.844055,0.0004140625
70.848055,3.90625e-05
70.852055,-0.0018515625000000001
70.856055,1.5625e-05
70.860056,0.00075
70.864055,7.8125e-06
70.868054,-0.0019921875
70.872055,8.59375e-05
70.876056,0.0009296875000000001
70.880055,-0.00021875
70.884055,-0.002046875
70.888055,-0.0001171875
70.892056,0.0006015625
70.896055,1.5625e-05
70.900056,-4.6875e-05
70.904055,-4.6875e-05
70.908055,-7.8125e-06
70.912055,0.000296875
70.916055,3.90625e-05
70.920055,-0.0009375
70.924055,3.90625e-05
70.928055,0.0005
70.932056,7.8125e-05
70.936055,-0.000828125
70.940055,0.0
70.944055,0.00059375
70.948055,4.6875e-05
70.952055,-0.0017890625
70.956056,-1.5625e-05
70.960055,0.0006718750000000001
70.964056,3.90625e-05
70.968055,-0.002140625
70.972055,9.375e-05
70.976055,0.00084375
70.980056,-0.00010156250000000001
70.984055,-0.002
70.988056,-5.46875e-05
70.992055,0.0008203125
70.996055,-3.125e-05
71.000055,2.34375e-05
71.004055,-0.00010156250000000001
71.008055,7.8125e-06
71.012055,3.125e-05
71.016055,7.031250000000001e-05
71.020056,-0.0010703125
71.024055,7.8125e-06
71.028056,0.00034375
71.032055,4.6875e-05
71.036055,-0.0014296875
71.040055,3.90625e-05
71.044056,0.000484375
71.048055,2.34375e-05
71.052055,-0.001515625
71.056055,-3.125e-05
71.060055,0.0007578125
71.064055,7.031250000000001e-05
71.068056,-0.001984375
71.072055,0.0
71.076055,0.0008359375
71.080056,-7.8125e-06
71.084056,-0.002359375
71.088055,-2.34375e-05
71.092055,0.0009218750000000001
71.096055,0.0001171875
71.100056,6.25e-05
71.104055,-0.0001171875
71.108055,3.90625e-05
71.112055,-6.25e-05
71.116055,4.6875e-05
71.120055,-0.0007109375
71.124055,3.125e-05
71.128055,0.0003515625
71.132055,2.34375e-05
71.136055,-0.001140625
71.140056,0.0
71.144055,0.000421875
71.148055,5.46875e-05
71.152055,-0.0014765625
71.156055,-6.25e-05
71.160056,0.0009218750000000001
71.164055,0.0001328125
71.168055,-0.0020546875
71.172055,6.25e-05
71.176055,0.0009218750000000001
71.180055,-7.8125e-06
71.184055,-0.0025078125
71.188055,7.031250000000001e-05
71.192055,0.000875
71.196055,0.0001328125
71.200055,6.25e-05
71.204055,-3.90625e-05
71.208055,2.34375e-05
71.212056,-6.25e-05
71.216055,2.34375e-05
71.220055,-0.00115625
71.224055,1.5625e-05
71.228055,0.00040625000000000004
71.232055,7.8125e-05
71.236055,-0.0011875
71.240056,0.0
71.244056,0.00059375
71.248055,0.000109375
71.252056,-0.00109375
71.256055,2.34375e-05
71.260036,0.000828125
71.264058,8.59375e-05
71.268056,-0.0020703125
71.272056,4.6875e-05
71.276055,0.000828125
71.280055,-0.00010156250000000001
71.284055,-0.0021171875
71.288055,-0.0001328125
71.292055,0.0009218750000000001
71.296055,-8.59375e-05
71.300056,5.46875e-05
71.304056,-0.0001328125
71.308056,3.90625e-05
71.312055,0.0001171875
71.316055,7.031250000000001e-05
71.320055,-0.0009921875
71.324056,-2.34375e-05
71.328056,0.000390625
71.332055,3.125e-05
71.336055,-0.0013125
71.340056,2.34375e-05
71.344055,0.00046093750000000003
71.348055,9.375e-05
71.352055,-0.0013828125
71.356055,2.34375e-05
71.360056,0.0008359375
71.364056,9.375e-05
71.368055,-0.00228125
71.372055,3.90625e-05
71.376055,0.00090625
71.380054,4.6875e-05
71.384055,-0.0021328125
71.388055,-4.6875e-05
71.392055,0.000875
71.396055,5.46875e-05
71.400057,6.25e-05
71.404055,-0.000125
71.408055,3.125e-05
71.412055,-3.90625e-05
71.416055,5.46875e-05
71.420056,-0.00090625
71.424055,5.46875e-05
71.428055,0.000453125
71.432055,6.25e-05
71.436056,-0.00115625
71.440055,7.8125e-06
71.444055,0.00046093750000000003
71.448055,3.90625e-05
71.452055,-0.0013671875000000001
71.456055,7.8125e-05
71.460056,0.000859375
71.464055,9.375e-05
71.468055,-0.0022421875000000003
71.472055,-7.8125e-06
71.476055,0.000859375
71.480055,-7.031250000000001e-05
71.484055,-0.0020078125
71.488055,-7.8125e-05
71.492055,0.0008359375
71.496055,0.0001484375
71.500055,-0.002265625
71.504055,0.0
71.508056,1.5625e-05
71.512055,-0.0001796875
71.516055,3.125e-05
71.520055,6.25e-05
71.524055,-7.8125e-06
71.528055,0.00046875
71.532055,0.0
71.536058,-0.0013125
71.540057,1.5625e-05
71.544057,0.00046875
71.548056,7.8125e-05
71.552055,-0.0013671875000000001
71.556055,-1.5625e-05
71.560056,0.000609375
71.564055,4.6875e-05
71.568055,-0.002078125
71.572055,-1.5625e-05
71.576055,0.000875
71.580056,7.8125e-05
71.584056,-0.00203125
71.588056,-0.0001171875
71.592056,0.00096875
71.596056,2.34375e-05
71.600056,-0.0021875
71.604055,-8.59375e-05
71.608055,7.8125e-06
71.612055,-0.00010156250000000001
71.616055,9.375e-05
71.620056,3.90625e-05
71.624055,1.5625e-05
71.628055,0.0003828125
71.632055,9.375e-05
71.636055,-0.0011640625
71.640054,-4.6875e-05
71.644056,0.0006015625
71.648055,6.25e-05
71.652055,-0.001375
71.656055,-7.8125e-06
71.660055,0.0006015625
71.664055,7.031250000000001e-05
71.668055,-0.0020390625
71.672055,-1.5625e-05
71.676056,0.0009296875000000001
71.680057,1.5625e-05
71.684055,-0.00196875
71.688055,-6.25e-05
71.692055,0.0009375
71.696056,-2.34375e-05
71.700055,-0.00209375
71.704055,-7.8125e-06
71.708055,-7.8125e-06
71.712055,-9.375e-05
71.716055,5.46875e-05
71.720056,5.46875e-05
71.724056,4.6875e-05
71.728055,0.0004296875
71.732055,3.90625e-05
71.736055,-0.0012421875
71.740056,-6.25e-05
71.744056,0.000421875
71.748055,3.125e-05
71.752055,-0.0016953125
71.756055,4.6875e-05
71.760055,0.0005234375
71.764055,2.34375e-05
71.768058,-0.00203125
71.772059,-3.125e-05
71.776056,0.0009296875000000001
71.780056,7.8125e-05
71.784056,-0.002109375
71.788055,0.000125
71.792055,0.00090625
71.796055,5.46875e-05
71.800055,-0.002078125
71.804056,-0.00010156250000000001
71.808055,2.34375e-05
71.812056,-3.90625e-05
71.816056,4.6875e-05
71.820055,-5.46875e-05
71.824056,2.34375e-05
71.828054,0.0005390625
71.832055,4.6875e-05
71.836056,-0.0011796875
71.840056,5.46875e-05
71.844056,0.000578125
71.848055,7.031250000000001e-05
71.852055,-0.0015
71.856055,7.8125e-06
71.860055,0.0005859375
71.864056,7.8125e-06
71.868055,-0.00203125
71.872055,0.0
71.876055,0.000859375
71.880056,0.00010156250000000001
71.884055,-0.004625
71.888055,-2.34375e-05
71.892054,0.0008984375
71.896055,-1.5625e-05
71.900055,-0.0021328125
71.904055,-8.59375e-05
71.908055,-3.90625e-05
71.912055,-7.8125e-05
71.916055,3.90625e-05
71.920056,-7.031250000000001e-05
71.924055,7.8125e-06
71.928055,0.0005234375
71.932055,7.031250000000001e-05
71.936055,-0.0013515625000000001
71.940055,3.90625e-05
71.944055,0.0004921875
71.948055,7.031250000000001e-05
71.952055,-0.0014296875
71.956055,0.0
71.960055,0.00065625
71.964055,6.25e-05
71.968055,-0.0020859375
71.972055,-6.25e-05
71.976055,0.000984375
71.980055,5.46875e-05
71.984055,-0.004640625
71.988055,-0.00014062500000000002
71.992055,0.0008828125
71.996056,1.5625e-05
72.000055,-0.001984375
72.004055,3.125e-05
72.008056,0.00096875
72.012054,-0.0001875
72.016056,7.8125e-05
72.020055,-4.6875e-05
72.024055,-3.125e-05
72.028055,2.34375e-05
72.032055,8.59375e-05
72.036055,-0.0013203125
72.040055,0.0
72.044055,0.0005625000000000001
72.048055,0.00010156250000000001
72.052055,-0.0016328125
72.056055,3.125e-05
72.060055,0.0005234375
72.064055,7.8125e-05
72.068055,-0.00175
72.072055,-1.5625e-05
72.076055,0.0008828125
72.080055,3.125e-05
72.084055,-0.004609375
72.088055,-4.6875e-05
72.092055,0.000953125
72.096055,2.34375e-05
72.100055,-0.0019453125
72.104056,1.5625e-05
72.108055,0.0009921875
72.112055,-1.5625e-05
72.116055,7.8125e-05
72.120055,-3.90625e-05
72.124055,1.5625e-05
72.128055,0.0001875
72.132055,9.375e-05
72.136055,-0.001171875
72.140055,-1.5625e-05
72.144055,0.0005703125
72.148055,4.6875e-05
72.152055,-0.001390625
72.156056,7.8125e-06
72.160055,0.00075
72.164055,4.6875e-05
72.168056,-0.0014140625
72.172055,-2.34375e-05
72.176055,0.0009218750000000001
72.180055,4.6875e-05
72.184055,-0.0045625
72.188055,0.0
72.192055,0.000859375
72.196055,0.00010156250000000001
72.200056,-0.002046875
72.204055,-0.0001484375
72.208055,0.000953125
72.212055,-7.8125e-05
72.216055,8.59375e-05
72.220055,-7.8125e-06
72.224055,-1.5625e-05
72.228055,0.0
72.232055,0.0001171875
72.236055,-0.0013593750000000001
72.240055,7.8125e-06
72.244055,0.000515625
72.248055,7.031250000000001e-05
72.252055,-0.0017578125
72.256055,-2.34375e-05
72.260055,0.0004453125
72.264021,7.031250000000001e-05
72.268058,-0.0015937500000000001
72.272056,2.34375e-05
72.276057,0.000859375
72.280056,3.90625e-05
72.284056,-0.00434375
72.288055,5.46875e-05
72.292055,0.0009375
72.296055,3.125e-05
72.300055,-0.0020625
72.304055,7.031250000000001e-05
72.308055,0.0009375
72.312055,-0.000109375
72.316055,7.031250000000001e-05
72.320055,-0.00020312500000000002
72.324055,1.5625e-05
72.328056,-7.031250000000001e-05
72.332056,6.25e-05
72.336056,-0.0011328125
72.340055,-7.8125e-06
72.344056,0.0007109375
72.348055,9.375e-05
72.352054,-0.0014453125
72.356055,7.8125e-06
72.360056,0.0006718750000000001
72.364055,9.375e-05
72.368055,-0.0015625
72.372055,-7.8125e-06
72.376055,0.000828125
72.380055,3.90625e-05
72.384056,-0.0021015625
72.388055,2.34375e-05
72.392055,0.000953125
72.396055,2.34375e-05
72.400056,-0.0020234375
72.404054,0.000171875
72.408054,0.001015625
72.412054,0.000109375
72.416055,2.34375e-05
72.420056,-7.8125e-06
72.424056,1.5625e-05
72.428055,8.59375e-05
72.432055,9.375e-05
72.436055,-0.0013359375
72.440055,5.46875e-05
72.444055,0.00053125
72.448055,9.375e-05
72.452055,-0.0015234375
72.456056,-6.25e-05
72.460056,0.0006953125
72.464055,3.90625e-05
72.468055,-0.0013203125
72.472055,7.8125e-06
72.476055,0.00090625
72.480056,1.5625e-05
72.484055,-0.00215625
72.488055,-1.5625e-05
72.492055,0.0010078125
72.496055,-0.0001796875
72.500056,-0.002109375
72.504055,-0.0001640625
72.508055,0.0009921875
72.512055,-0.0001796875
72.516055,9.375e-05
72.520055,-7.8125e-05
72.524056,0.0
72.528055,0.0001171875
72.532056,0.0001171875
72.536055,-0.0001953125
72.540057,6.25e-05
72.544055,0.0005625000000000001
72.548055,0.00010156250000000001
72.552054,-0.00165625
72.556055,2.34375e-05
72.560054,0.0006328125
72.564055,7.8125e-05
72.568054,-0.001546875
72.572055,-6.25e-05
72.576054,0.0005625000000000001
72.580056,8.59375e-05
72.584056,-0.0020703125
72.588056,-1.5625e-05
72.592055,0.0009140625
72.596055,7.8125e-05
72.600056,-0.00203125
72.604056,-3.90625e-05
72.608055,0.0009609375
72.612055,-5.46875e-05
72.616055,-0.00203125
72.620056,-0.0001328125
72.624055,3.125e-05
72.628056,2.34375e-05
72.632055,3.125e-05
72.636056,-0.0003671875
72.640056,7.031250000000001e-05
72.644056,0.00065625
72.648055,5.46875e-05
72.652055,-0.0014375
72.656055,-7.8125e-06
72.660055,0.0006796875000000001
72.664055,4.6875e-05
72.668056,-0.0014609375
72.672055,7.8125e-06
72.676055,0.00065625
72.680057,7.8125e-05
72.684056,-0.0019609375
72.688055,3.90625e-05
72.692056,0.0008671875
72.696056,3.125e-05
72.700055,-0.00215625
72.704055,0.0002421875
72.708055,0.0009453125
72.712055,9.375e-05
72.716055,-0.0019375
72.720055,-7.8125e-06
72.724055,-1.5625e-05
72.728055,-3.90625e-05
72.732055,0.0001171875
72.736055,-0.000328125
72.740058,1.5625e-05
72.744056,0.0006875
72.748056,7.031250000000001e-05
72.752054,-0.0016015625000000001
72.756055,7.8125e-06
72.760054,0.00065625
72.764055,4.6875e-05
72.768054,-0.00140625
72.772058,-3.90625e-05
72.776056,0.0006640625
72.780056,6.25e-05
72.784055,-0.002140625
72.788054,0.0
72.792055,0.0009921875
72.796054,3.90625e-05
72.800055,-0.001984375
72.804054,-0.0001171875
72.808054,0.000984375
72.812054,3.125e-05
72.816057,-0.0018671875000000001
72.820057,7.8125e-06
72.824056,-2.34375e-05
72.828056,0.0002578125
72.832055,9.375e-05
72.836055,-0.0003046875
72.840056,1.5625e-05
72.844055,0.0005390625
72.848055,5.46875e-05
72.852055,-0.0017109375
72.856054,-7.8125e-06
72.860056,0.0006328125
72.864055,6.25e-05
72.868055,-0.00146875
72.872055,-1.5625e-05
72.876055,0.0006640625
72.880056,3.125e-05
72.884055,-0.00228125
72.888055,7.8125e-06
72.892055,0.000890625
72.896055,0.0
72.900056,-0.0020703125
72.904055,-0.0001484375
72.908055,0.0010078125
72.912055,-8.59375e-05
72.916054,-0.0018203125
72.920054,-0.000296875
72.924055,0.0
72.928055,0.000171875
72.932055,9.375e-05
72.936055,-0.0002734375
72.940055,4.6875e-05
72.944055,0.0006484375
72.948055,9.375e-05
72.952055,-0.00171875
72.956055,8.59375e-05
72.960055,0.0005859375
72.964055,9.375e-05
72.968055,-0.0014296875
72.972056,-1.5625e-05
72.976055,0.000609375
72.980055,8.59375e-05
72.984055,-0.0022343750000000002
72.988055,7.8125e-06
72.992055,0.0009218750000000001
72.996055,4.6875e-05
73.000056,-0.00196875
73.004055,8.59375e-05
73.008055,0.001015625
73.012055,0.000109375
73.016055,-0.0018203125
73.020055,-0.0003515625
73.024055,-7.8125e-06
73.028055,7.8125e-06
73.032055,0.00010156250000000001
73.036055,-0.000296875
73.040055,4.6875e-05
73.044056,0.000109375
73.048055,3.125e-05
73.052055,-0.0014140625
73.056055,2.34375e-05
73.060055,0.0006953125
73.064055,0.0001328125
73.068055,-0.00165625
73.072055,-5.46875e-05
73.076055,0.0005
73.080055,4.6875e-05
73.084056,-0.00175
73.088055,-1.5625e-05
73.092055,0.0010390625
73.096055,4.6875e-05
73.100056,-0.00190625
73.104055,0.0
73.108055,0.0010703125
73.112055,0.000125
73.116055,-0.0016484375
73.120056,-0.000171875
73.124055,0.0005859375
73.128055,7.031250000000001e-05
73.132055,3.90625e-05
73.136055,-0.00034375
73.140056,3.125e-05
73.144055,8.59375e-05
73.148055,7.8125e-05
73.152055,-0.0015937500000000001
73.156055,7.8125e-06
73.160056,0.00075
73.164055,0.000125
73.168055,-0.00153125
73.172055,7.8125e-06
73.176055,0.0006953125
73.180056,5.46875e-05
73.184055,-0.00171875
73.188055,1.5625e-05
73.192055,0.0009375
73.196056,3.125e-05
73.200055,-0.0021875
73.204055,3.90625e-05
73.208055,0.0011015625000000001
73.212055,0.0001328125
73.216055,-0.0014453125
73.220055,-0.0003203125
73.224055,0.00065625
73.228055,0.00021875
73.232055,7.8125e-05
73.236055,-0.0003203125
73.240055,7.031250000000001e-05
73.244055,0.0001953125
73.248055,0.000109375
73.252055,-0.0016015625000000001
73.256055,-1.5625e-05
73.260056,0.0006171875
73.264055,0.0001171875
73.268055,-0.0016328125
73.272059,2.34375e-05
73.276058,0.0006171875
73.280055,3.125e-05
73.284055,-0.0016250000000000001
73.288054,-7.8125e-06
73.292056,0.0008828125
73.296054,6.25e-05
73.300055,-0.002125
73.304054,-2.34375e-05
73.308055,0.0010390625
73.312054,7.031250000000001e-05
73.316056,-0.0038203125
73.320056,-0.000265625
73.324056,0.00059375
73.328055,0.000125
73.332054,5.46875e-05
73.336055,-0.000296875
73.340056,3.90625e-05
73.344055,0.00020312500000000002
73.348055,3.90625e-05
73.352055,-0.0015546875
73.356055,7.031250000000001e-05
73.360055,0.0005703125
73.364055,6.25e-05
73.368056,-0.0015625
73.372056,-7.8125e-06
73.376055,0.000734375
73.380055,5.46875e-05
73.384055,-0.001765625
73.388055,-2.34375e-05
73.392055,0.0009296875000000001
73.396055,6.25e-05
73.400055,-0.0019921875
73.404055,0.0
73.408055,0.001046875
73.412055,-5.46875e-05
73.416055,-0.0037578125
73.420056,-0.000234375
73.424055,0.0005546875000000001
73.428054,0.00010156250000000001
73.432054,7.8125e-05
73.436055,-0.00046875
73.440055,-3.90625e-05
73.444055,7.031250000000001e-05
73.448055,2.34375e-05
73.452055,-0.0016953125
73.456055,6.25e-05
73.460056,0.00053125
73.464055,0.0001171875
73.468055,-0.0015
73.472055,-2.34375e-05
73.476056,0.00065625
73.480056,0.000109375
73.484055,-0.0018984375
73.488055,-3.125e-05
73.492055,0.000984375
73.496055,5.46875e-05
73.500055,-0.00190625
73.504055,1.5625e-05
73.508055,0.0011640625
73.512055,0.0001640625
73.516056,-0.0037578125
73.520055,-0.00014062500000000002
73.524055,0.0005078125
73.528055,0.00014062500000000002
73.532055,0.000109375
73.536057,-0.000265625
73.540055,2.34375e-05
73.544055,9.375e-05
73.548054,0.000109375
73.552055,-0.0005078125
73.556055,-2.34375e-05
73.560055,0.0006953125
73.564054,0.00014062500000000002
73.568054,-0.001515625
73.572056,3.90625e-05
73.576055,0.0007109375
73.580057,4.6875e-05
73.584055,-0.00175
73.588055,-2.34375e-05
73.592055,0.0008046875000000001
73.596055,4.6875e-05
73.600056,-0.001796875
73.604055,3.90625e-05
73.608055,0.0010703125
73.612055,-5.46875e-05
73.616055,-0.0036640625000000002
73.620056,-0.0003203125
73.624055,0.0005703125
73.628055,0.0001484375
73.632055,-0.0010078125
73.636055,-0.0001875
73.640056,7.8125e-05
73.644055,0.0002734375
73.648055,3.90625e-05
73.652055,-0.000390625
73.656055,-2.34375e-05
73.660056,0.0006171875
73.664055,0.000125
73.668055,-0.001453125
73.672055,-2.34375e-05
73.676055,0.0006875
73.680057,5.46875e-05
73.684055,-0.0016796875
73.688055,-7.8125e-06
73.692056,0.00078125
73.696056,1.5625e-05
73.700055,-0.00190625
73.704055,3.125e-05
73.708055,0.000984375
73.712056,1.5625e-05
73.716056,-0.0036718750000000002
73.720056,-0.000359375
73.724055,0.000453125
73.728055,0.0001484375
73.732055,-0.001
73.736055,-0.0002578125
73.740056,-7.8125e-06
73.744055,0.0001171875
73.748056,9.375e-05
73.752055,-0.000515625
73.756055,-7.8125e-06
73.760056,0.000546875
73.764055,9.375e-05
73.768057,-0.0017890625
73.772056,7.8125e-06
73.776055,0.0006640625
73.780055,3.90625e-05
73.784056,-0.0019921875
73.788054,-3.125e-05
73.792055,0.000765625
73.796054,-4.6875e-05
73.800056,-0.0020078125
73.804056,-1.5625e-05
73.808056,0.001234375
73.812056,0.0001171875
73.816056,-0.0037109375000000003
73.820055,-0.000359375
73.824055,0.00046875
73.828056,5.46875e-05
73.832055,-0.0011875
73.836056,-0.0002890625
73.840056,3.90625e-05
73.844055,7.031250000000001e-05
73.848055,6.25e-05
73.852055,-0.0006953125
73.856055,5.46875e-05
73.860056,0.0006171875
73.864055,7.8125e-05
73.868055,-0.00175
73.872055,3.90625e-05
73.876054,0.0006718750000000001
73.880054,3.125e-05
73.884056,-0.0018359375000000001
73.888055,2.34375e-05
73.892055,0.0007265625
73.896055,8.59375e-05
73.900056,-0.0017734375
73.904055,1.5625e-05
73.908055,0.0011796875
73.912055,6.25e-05
73.916055,-0.0011015625000000001
73.920056,-0.000171875
73.924056,0.00053125
73.928055,0.00021875
73.932055,-0.001046875
73.936055,-0.0002265625
73.940054,3.125e-05
73.944054,0.0001875
73.948055,-4.6875e-05
73.952055,-0.0006796875000000001
73.956055,3.90625e-05
73.960055,0.0006328125
73.964055,5.46875e-05
73.968055,-0.001640625
73.972056,3.125e-05
73.976055,0.0007265625
73.980055,4.6875e-05
73.984055,-0.001890625
73.988055,-7.8125e-06
73.992055,0.0007890625
73.996055,0.0001171875
74.000055,-0.0019765625
74.004056,4.6875e-05
74.008054,0.0010546875
74.012056,4.6875e-05
74.016055,-0.00109375
74.020056,-0.00033593750000000003
74.024055,0.000484375
74.028055,0.0001796875
74.032055,-0.0009453125
74.036056,-0.0003828125
74.040055,1.5625e-05
74.044056,0.0001640625
74.048055,0.0001171875
74.052055,-0.0006953125
74.056055,-2.34375e-05
74.060055,0.0005546875000000001
74.064055,0.00010156250000000001
74.068055,-0.0017109375
74.072055,7.8125e-06
74.076055,0.000703125
74.080055,2.34375e-05
74.084055,-0.0018671875000000001
74.088055,-2.34375e-05
74.092055,0.000828125
74.096055,5.46875e-05
74.100055,-0.002015625
74.104055,2.34375e-05
74.108055,0.001203125
74.112055,7.031250000000001e-05
74.116055,-0.001203125
74.120056,1.5625e-05
74.124055,0.00046875
74.128055,3.125e-05
74.132055,-0.0008515625
74.136055,-0.000484375
74.140056,0.0005234375
74.144055,0.0001328125
74.148055,-7.8125e-06
74.152055,-0.0006640625
74.156055,3.125e-05
74.160055,0.00034375
74.164055,0.000109375
74.168055,-0.0017578125
74.172055,-7.8125e-06
74.176055,0.0006718750000000001
74.180056,0.00010156250000000001
74.184055,-0.0018671875000000001
74.188055,7.8125e-06
74.192055,0.000828125
74.196055,3.90625e-05
74.200056,-0.0018828125
74.204055,0.0
74.208055,0.0011875
74.212055,3.125e-05
74.216055,-0.001140625
74.220055,2.34375e-05
74.224055,0.00040625000000000004
74.228055,0.00025
74.232055,-0.0009921875
74.236055,-0.00021875
74.240055,0.000484375
74.244055,0.00014062500000000002
74.248055,3.125e-05
74.252055,-0.0006484375
74.256055,7.031250000000001e-05
74.260058,0.0003671875
74.264058,-3.90625e-05
74.268055,-0.0014921875
74.272055,-3.90625e-05
74.276054,0.00071875
74.280056,7.8125e-05
74.284055,-0.0018515625000000001
74.288055,6.25e-05
74.292055,0.000828125
74.296055,1.5625e-05
74.300056,-0.0020546875
74.304055,-4.6875e-05
74.308056,0.0011796875
74.312055,4.6875e-05
74.316056,-0.0011640625
74.320055,-4.6875e-05
74.324056,0.000515625
74.328055,0.0001484375
74.332055,-0.0008828125
74.336055,-0.0003515625
74.340055,0.0005546875000000001
74.344055,0.000375
74.348055,4.6875e-05
74.352055,-0.0008046875000000001
74.356054,-5.46875e-05
74.360054,0.0003203125
74.364055,5.46875e-05
74.368055,-0.001828125
74.372055,2.34375e-05
74.376055,0.00071875
74.380056,7.031250000000001e-05
74.384055,-0.0017734375
74.388055,6.25e-05
74.392055,0.000828125
74.396055,7.8125e-05
74.400056,-0.0022109375000000002
74.404055,-5.46875e-05
74.408055,0.0010625
74.412055,7.031250000000001e-05
74.416055,-0.0011328125
74.420055,-7.8125e-06
74.424055,0.0004765625
74.428055,7.031250000000001e-05
74.432055,-0.00084375
74.436055,-0.0002734375
74.440055,0.0005625000000000001
74.444055,0.00020312500000000002
74.448055,7.031250000000001e-05
74.452054,-0.0008046875000000001
74.456054,0.0
74.460055,0.000328125
74.464055,5.46875e-05
74.468055,-0.0018203125
74.472055,-7.8125e-06
74.476056,0.0007968750000000001
74.480055,9.375e-05
74.484055,-0.0017578125
74.488055,3.125e-05
74.492056,0.0008125000000000001
74.496055,3.90625e-05
74.500055,-0.0018437500000000001
74.504055,-4.6875e-05
74.508055,0.001171875
74.512055,7.8125e-05
74.516055,-0.0013125
74.520055,1.5625e-05
74.524055,0.0004375
74.528055,0.000234375
74.532055,-0.000890625
74.536055,-0.0002265625
74.540058,0.000484375
74.544057,0.0001640625
74.548055,1.5625e-05
74.552055,-0.0008359375
74.556055,0.0
74.560055,0.0003828125
74.564054,6.25e-05
74.568055,-0.0015859375
74.572054,-1.5625e-05
74.576055,0.0007890625
74.580056,6.25e-05
74.584055,-0.001953125
74.588056,-7.8125e-06
74.592056,0.0008359375
74.596056,7.031250000000001e-05
74.600056,-0.0020546875
74.604055,-1.5625e-05
74.608055,0.000765625
74.612055,8.59375e-05
74.616055,-0.000984375
74.620055,-4.6875e-05
74.624055,0.00046093750000000003
74.628055,-0.0001171875
74.632055,-0.000890625
74.636055,-0.0004921875
74.640056,0.0004765625
74.644055,0.0002578125
74.648056,-0.0007734375
74.652056,-0.00090625
74.656055,-3.90625e-05
74.660056,0.00025
74.664055,0.000109375
74.668055,-0.000734375
74.672055,7.8125e-06
74.676055,0.0006953125
74.680057,0.0001328125
74.684056,-0.0020859375
74.688055,3.90625e-05
74.692056,0.000828125
74.696056,6.25e-05
74.700055,-0.0019140625
74.704055,-4.6875e-05
74.708055,0.0007890625
74.712054,8.59375e-05
74.716056,-0.00115625
74.720056,-7.8125e-06
74.724056,0.0005078125
74.728055,3.125e-05
74.732056,-0.0007421875
74.736056,-0.0003515625
74.740056,0.0005
74.744055,0.0002109375
74.748056,-0.0006875
74.752055,-0.00075
74.756055,2.34375e-05
74.760055,0.000375
74.764055,9.375e-05
74.768039,-0.000890625
74.772058,0.0
74.776055,0.0007578125
74.780055,4.6875e-05
74.784055,-0.002125
74.788054,0.0
74.792055,0.0006875
74.796054,-7.8125e-06
74.800055,-0.00175
74.804054,0.0
74.808055,0.0007265625
74.812054,7.8125e-05
74.816056,-0.0011484375
74.820056,0.000125
74.824055,0.00040625000000000004
74.828055,-7.8125e-05
74.832055,-0.001078125
74.836055,-0.0003671875
74.840055,0.000609375
74.844056,0.00020312500000000002
74.848055,-0.00040625000000000004
74.852055,-0.0007734375
74.856055,-3.125e-05
74.860056,0.0003125
74.864055,6.25e-05
74.868055,-0.000859375
74.872055,-5.46875e-05
74.876057,0.0006875
74.880055,8.59375e-05
74.884055,-0.0020703125
74.888055,3.125e-05
74.892055,0.0007265625
74.896055,2.34375e-05
74.900055,-0.00190625
74.904055,2.34375e-05
74.908055,0.0008125000000000001
74.912055,3.90625e-05
74.916055,-0.0011484375
74.920055,5.46875e-05
74.924056,0.0004453125
74.928055,-0.0001640625
74.932056,-0.0008828125
74.936056,-0.00039843750000000003
74.940055,0.00053125
74.944055,0.000125
74.948056,-0.000546875
74.952055,-0.000859375
74.956055,0.0
74.960055,0.0003515625
74.964055,0.00010156250000000001
74.968054,-0.00084375
74.972055,-3.125e-05
74.976055,0.0007421875
74.980055,5.46875e-05
74.984055,-0.001921875
74.988055,-2.34375e-05
74.992055,0.0007734375
74.996055,3.125e-05
75.000055,-0.0019453125
75.004084,0.0
75.008055,0.0007890625
75.012055,1.5625e-05
75.016054,-0.0011093750000000001
75.020055,0.000109375
75.024055,0.000453125
75.028055,6.25e-05
75.032055,-0.0006796875000000001
75.036055,-0.00046093750000000003
75.040055,0.000578125
75.044055,0.0003046875
75.048055,-0.00028125000000000003
75.052055,-0.0007734375
75.056055,5.46875e-05
75.060055,0.00040625000000000004
75.064055,0.00010156250000000001
75.068055,-0.0007265625
75.072055,4.6875e-05
75.076055,0.000703125
75.080055,0.0001171875
75.084056,-0.0018984375
75.088055,3.90625e-05
75.092056,0.0008359375
75.096055,3.125e-05
75.100055,-0.0018515625000000001
75.104055,0.0
75.108055,0.000859375
75.112055,1.5625e-05
75.116055,-0.00125
75.120056,3.125e-05
75.124055,0.0003828125
75.128055,-7.8125e-05
75.132055,-0.000734375
75.136055,-0.00046875
75.140056,0.0006171875
75.144055,0.00034375
75.148056,0.0
75.152055,-0.0008046875000000001
75.156055,1.5625e-05
75.160056,0.0002890625
75.164056,5.46875e-05
75.168055,-0.000890625
75.172055,1.5625e-05
75.176055,0.0004765625
75.180056,7.8125e-05
75.184055,-0.0019765625
75.188055,3.90625e-05
75.192055,0.000828125
75.196055,5.46875e-05
75.200055,-0.0018593750000000001
75.204055,3.125e-05
75.208055,0.0007578125
75.212055,7.8125e-06
75.216055,-0.0019765625
75.220055,2.34375e-05
75.224055,0.0004921875
75.228055,-9.375e-05
75.232055,-0.0007734375
75.236056,5.46875e-05
75.240055,0.000484375
75.244056,0.0004296875
75.248055,-1.5625e-05
75.252055,-0.0008671875
75.256055,3.125e-05
75.260055,0.0002578125
75.264055,3.125e-05
75.268059,-0.0009765625
75.272057,2.34375e-05
75.276055,0.0003515625
75.280055,6.25e-05
75.284055,-0.0018515625000000001
75.288055,5.46875e-05
75.292054,0.0007265625
75.296055,3.90625e-05
75.300054,-0.001734375
75.304055,-2.34375e-05
75.308055,0.0007421875
75.312056,3.90625e-05
75.316056,-0.002046875
75.320055,0.000109375
75.324055,0.0004921875
75.328055,3.90625e-05
75.332055,-0.00071875
75.336055,7.8125e-05
75.340056,0.000625
75.344055,0.0003671875
75.348056,-6.25e-05
75.352055,-0.0006796875000000001
75.356055,1.5625e-05
75.360055,0.000328125
75.364056,8.59375e-05
75.368055,-0.000875
75.372055,4.6875e-05
75.376055,0.0003046875
75.380054,6.25e-05
75.384055,-0.0018203125
75.388056,2.34375e-05
75.392055,0.0008046875000000001
75.396055,3.125e-05
75.400055,-0.0018125
75.404056,-2.34375e-05
75.408055,0.00071875
75.412055,0.0
75.416054,-0.0021328125
75.420055,0.000125
75.424056,0.00046093750000000003
75.428055,-5.46875e-05
75.432055,-0.0006015625
75.436054,4.6875e-05
75.440055,0.000625
75.444055,0.00039843750000000003
75.448054,-7.8125e-06
75.452055,-0.0009375
75.456054,3.125e-05
75.460055,0.0003203125
75.464054,4.6875e-05
75.468054,-0.0009140625
75.472054,0.00010156250000000001
75.476054,0.0004765625
75.480054,5.46875e-05
75.484054,-0.0019140625
75.488054,7.031250000000001e-05
75.492054,0.0006953125
75.496054,4.6875e-05
75.500055,-0.0020390625
75.504054,7.8125e-06
75.508055,0.000765625
75.512055,3.125e-05
75.516056,-0.002
75.520056,9.375e-05
75.524055,0.000421875
75.528055,-0.0001171875
75.532055,-0.00071875
75.536055,-0.000109375
75.540055,0.000640625
75.544058,0.0003203125
75.548058,-1.5625e-05
75.552056,-0.0007265625
75.556055,3.125e-05
75.560054,0.0002578125
75.564056,7.8125e-05
75.568054,-0.0009375
75.572055,7.031250000000001e-05
75.576055,0.0003671875
75.580055,7.031250000000001e-05
75.584055,-0.0019765625
75.588055,6.25e-05
75.592056,0.0007265625
75.596056,7.8125e-05
75.600056,-0.0019921875
75.604056,7.031250000000001e-05
75.608055,0.0007890625
75.612055,9.375e-05
75.616055,-0.0020703125
75.620056,0.0001875
75.624055,0.0005390625
75.628055,0.0
75.632055,-0.0006015625
75.636056,-4.6875e-05
75.640056,0.000703125
75.644055,0.00046875
75.648055,3.90625e-05
75.652055,-0.0007578125
75.656055,-1.5625e-05
75.660055,0.0002578125
75.664055,5.46875e-05
75.668055,-0.000765625
75.672055,5.46875e-05
75.676055,0.00034375
75.680057,5.46875e-05
75.684056,-0.0019296875
75.688055,6.25e-05
75.692056,0.00071875
75.696056,0.000125
75.700055,-0.00196875
75.704055,7.8125e-06
75.708055,0.000703125
75.712056,-0.000125
75.716055,-0.002015625
75.720055,2.34375e-05
75.724055,0.00053125
75.728055,-1.5625e-05
75.732054,-0.000703125
75.736055,4.6875e-05
75.740056,0.0007421875
75.744055,0.0003828125
75.748056,-7.8125e-06
75.752056,-0.00071875
75.756056,7.031250000000001e-05
75.760058,0.0002421875
75.764058,5.46875e-05
75.768055,-0.00096875
75.772055,0.0
75.776054,0.0004921875
75.780055,3.90625e-05
75.784055,-0.0012109375
75.788054,0.0
75.792054,0.0008671875
75.796055,4.6875e-05
75.800055,-0.0018203125
75.804056,-4.6875e-05
75.808056,0.000859375
75.812056,-3.90625e-05
75.816055,-0.002109375
75.820056,9.375e-05
75.824055,0.00090625
75.828055,-0.0001328125
75.832055,-0.00084375
75.836055,-7.031250000000001e-05
75.840055,0.0006015625
75.844055,1.5625e-05
75.848055,0.0
75.852055,-0.00096875
75.856055,3.90625e-05
75.860055,0.0003671875
75.864055,1.5625e-05
75.868055,-0.000890625
75.872055,2.34375e-05
75.876055,0.00046093750000000003
75.880055,0.0001171875
75.884055,-0.001140625
75.888055,3.125e-05
75.892055,0.000703125
75.896055,0.00010156250000000001
75.900056,-0.001921875
75.904055,0.0
75.908055,0.0008359375
75.912055,9.375e-05
75.916055,-0.0021640625
75.920055,0.0001328125
75.924055,0.0009140625
75.928054,6.25e-05
75.932056,-0.000828125
75.936055,3.125e-05
75.940055,0.00065625
75.944055,2.34375e-05
75.948055,0.0
75.952055,-0.00075
75.956055,-7.8125e-06
75.960055,0.0004375
75.964055,1.5625e-05
75.968055,-0.0009140625
75.972055,3.90625e-05
75.976055,0.00040625000000000004
75.980055,0.000109375
75.984055,-0.00140625
75.988054,3.90625e-05
75.992054,0.0008671875
75.996054,9.375e-05
76.000055,-0.001875
76.004055,0.0
76.008054,0.0007890625
76.012055,-0.00014062500000000002
76.016055,-0.0020625
76.020055,0.0
76.024055,0.00078125
76.028055,1.5625e-05
76.032055,-0.0007109375
76.036055,2.34375e-05
76.040055,0.0007265625
76.044056,0.0001640625
76.048055,3.90625e-05
76.052055,-0.0008515625
76.056055,5.46875e-05
76.060055,0.000421875
76.064055,5.46875e-05
76.068056,-0.0009296875000000001
76.072055,-2.34375e-05
76.076055,0.0004921875
76.080055,0.000109375
76.084056,-0.0013437500000000001
76.088055,-1.5625e-05
76.092055,0.0007109375
76.096055,7.031250000000001e-05
76.100056,-0.0018125
76.104055,-7.8125e-06
76.108055,0.0007968750000000001
76.112055,-2.34375e-05
76.116055,-0.0020546875
76.120055,-0.0001171875
76.124055,0.0009921875
76.128055,-0.0001953125
76.132055,-0.000875
76.136055,-0.00010156250000000001
76.140055,0.0007109375
76.144055,1.5625e-05
76.148055,-2.34375e-05
76.152055,-0.000703125
76.156055,2.34375e-05
76.160055,0.0002421875
76.164056,0.0
76.168055,-0.0007734375
76.172055,0.0
76.176055,0.0004296875
76.180056,6.25e-05
76.184055,-0.0011484375
76.188055,3.90625e-05
76.192055,0.0007734375
76.196055,6.25e-05
76.200055,-0.001828125
76.204055,7.8125e-06
76.208055,0.0008203125
76.212055,-7.8125e-06
76.216055,-0.0021171875
76.220055,2.34375e-05
76.224055,0.00084375
76.228055,-5.46875e-05
76.232055,-0.00075
76.236055,-7.8125e-06
76.240055,0.0003828125
76.244055,4.6875e-05
76.248055,7.031250000000001e-05
76.252055,-0.0009375
76.256055,1.5625e-05
76.260055,0.0003046875
76.264055,7.031250000000001e-05
76.268039,-0.0008203125
76.272058,0.0
76.276056,0.0004140625
76.280055,0.0
76.284055,-0.0013203125
76.288054,7.8125e-06
76.292055,0.00046875
76.296054,3.125e-05
76.300055,-0.0018359375000000001
76.304054,6.25e-05
76.308055,0.000875
76.312055,9.375e-05
76.316056,-0.00203125
76.320055,0.000109375
76.324055,0.0008515625
76.328055,7.8125e-06
76.332055,-0.00215625
76.336055,4.6875e-05
76.340055,0.0002890625
76.344055,0.0001640625
76.348056,2.34375e-05
76.352055,-0.0001328125
76.356055,5.46875e-05
76.360056,0.0003671875
76.364055,8.59375e-05
76.368055,-0.00090625
76.372055,6.25e-05
76.376055,0.00046875
76.380056,3.125e-05
76.384055,-0.00128125
76.388055,7.8125e-06
76.392055,0.0004453125
76.396055,7.031250000000001e-05
76.400055,-0.0018828125
76.404055,1.5625e-05
76.408055,0.000890625
76.412055,4.6875e-05
76.416055,-0.0022343750000000002
76.420055,1.5625e-05
76.424055,0.0009140625
76.428055,4.6875e-05
76.432055,-0.002171875
76.436055,-7.031250000000001e-05
76.440055,0.0001484375
76.444055,7.8125e-06
76.448055,5.46875e-05
76.452055,2.34375e-05
76.456055,-2.34375e-05
76.460055,0.000328125
76.464055,7.031250000000001e-05
76.468055,-0.0010078125
76.472055,-1.5625e-05
76.476055,0.0004140625
76.480056,4.6875e-05
76.484055,-0.0013671875000000001
76.488055,-7.031250000000001e-05
76.492055,0.0005703125
76.496055,7.8125e-05
76.500054,-0.0019921875
76.504054,-7.8125e-06
76.508054,0.000828125
76.512055,0.00010156250000000001
76.516054,-0.0022265625000000002
76.520055,-1.5625e-05
76.524055,0.000859375
76.528055,-1.5625e-05
76.532058,-0.0020234375
76.536057,-0.000125
76.540055,-7.8125e-06
76.544055,-1.5625e-05
76.548054,5.46875e-05
76.552055,-0.00010156250000000001
76.556054,1.5625e-05
76.560055,0.000359375
76.564054,7.031250000000001e-05
76.568055,-0.001015625
76.572054,-4.6875e-05
76.576021,0.0005
76.580056,7.8125e-05
76.584055,-0.00125
76.588055,-7.8125e-06
76.592055,0.00046875
76.596055,8.59375e-05
76.600055,-0.0018593750000000001
76.604055,-7.8125e-06
76.608055,0.0009375
76.612055,7.031250000000001e-05
76.616055,-0.0022890625
76.620055,0.0
76.624055,0.000875
76.628055,0.0001171875
76.632055,-0.0045234375
76.636055,-0.0001171875
76.640055,7.8125e-06
76.644055,-6.25e-05
76.648055,-3.125e-05
76.652055,-3.90625e-05
76.656055,-7.8125e-06
76.660055,0.000359375
76.664055,7.031250000000001e-05
76.668055,-0.0011875
76.672055,4.6875e-05
76.676055,0.0005390625
76.680057,6.25e-05
76.684056,-0.001171875
76.688055,-1.5625e-05
76.692055,0.0005390625
76.696056,5.46875e-05
76.700056,-0.001953125
76.704055,-1.5625e-05
76.708055,0.000875
76.712055,5.46875e-05
76.716055,-0.0022578125
76.720055,1.5625e-05
76.724056,0.000875
76.728055,7.031250000000001e-05
76.732055,-0.0045703125
76.736055,-2.34375e-05
76.740061,-1.5625e-05
76.744057,7.8125e-06
76.748056,7.031250000000001e-05
76.752055,-2.34375e-05
76.756055,-2.34375e-05
76.760055,0.00034375
76.764056,0.0
76.76806,-0.00103125
76.772056,-2.34375e-05
76.776055,0.0004921875
76.780054,6.25e-05
76.784056,-0.001375
76.788054,1.5625e-05
76.792055,0.00046093750000000003
76.796054,3.125e-05
76.800056,-0.0020546875
76.804055,5.46875e-05
76.808055,0.000890625
76.812057,6.25e-05
76.816056,-0.0021796875
76.820056,7.8125e-06
76.824056,0.0009609375
76.828055,-1.5625e-05
76.832055,-0.0046171875
76.836055,-0.0001953125
76.840056,0.0009609375
76.844055,7.8125e-05
76.848055,6.25e-05
76.852055,6.25e-05
76.856055,-4.6875e-05
76.860056,-7.031250000000001e-05
76.864055,5.46875e-05
76.868055,-0.0011640625
76.872056,1.5625e-05
76.876055,0.0005078125
76.880056,7.8125e-05
76.884055,-0.0012265625
76.888055,0.0
76.892055,0.0005859375
76.896055,8.59375e-05
76.900055,-0.001640625
76.904056,-7.8125e-06
76.908055,0.00090625
76.912055,6.25e-05
76.916055,-0.0020390625
76.920056,3.125e-05
76.924055,0.0008828125
76.928055,2.34375e-05
76.932055,-0.00209375
76.936056,-0.0001796875
76.940055,0.0009296875000000001
76.944055,-0.0001328125
76.948055,7.8125e-06
76.952054,0.00010156250000000001
76.956056,5.46875e-05
76.960056,0.0001328125
76.964055,8.59375e-05
76.968055,-0.0011093750000000001
76.972055,1.5625e-05
76.976055,0.0005
76.980055,8.59375e-05
76.984055,-0.00140625
76.988055,-1.5625e-05
76.992055,0.0006796875000000001
76.996055,7.031250000000001e-05
77.000055,-0.0014140625
77.004055,-4.6875e-05
77.008055,0.001
77.012055,0.00010156250000000001
77.016055,-0.0022734375
77.020055,-7.8125e-06
77.024056,0.000875
77.028055,6.25e-05
77.032055,-0.0023046875
77.036055,4.6875e-05
77.040055,0.0009375
77.044055,-1.5625e-05
77.048056,3.90625e-05
77.052055,9.375e-05
77.056055,6.25e-05
77.060055,0.0001171875
77.064055,3.125e-05
77.068055,-0.0012890625
77.072055,4.6875e-05
77.076055,0.0005390625
77.080056,3.90625e-05
77.084055,-0.001265625
77.088056,-3.90625e-05
77.092055,0.000625
77.096055,0.0001171875
77.100056,-0.0017421875
77.104056,4.6875e-05
77.108055,0.00090625
77.112055,6.25e-05
77.116055,-0.002265625
77.120056,-9.375e-05
77.124055,0.0008359375
77.128055,7.8125e-05
77.132056,-0.0022187500000000002
77.136055,-9.375e-05
77.140056,0.0009140625
77.144055,-0.0001171875
77.148056,4.6875e-05
77.152055,-3.90625e-05
77.156055,3.125e-05
77.160055,-7.8125e-06
77.164055,5.46875e-05
77.168055,-0.0013125
77.172055,-3.90625e-05
77.176055,0.00046875
77.180056,4.6875e-05
77.184055,-0.001203125
77.188055,-4.6875e-05
77.192055,0.00071875
77.196055,-2.34375e-05
77.200055,-0.0019921875
77.204055,-3.125e-05
77.208055,0.0009375
77.212055,6.25e-05
77.216055,-0.0021875
77.220055,1.5625e-05
77.224055,0.0009921875
77.228055,-5.46875e-05
77.232055,-0.002046875
77.236055,-0.000125
77.240055,0.000984375
77.244055,7.8125e-06
77.248055,3.90625e-05
77.252055,0.0001171875
77.256055,-4.6875e-05
77.260036,-7.8125e-05
77.264061,8.59375e-05
77.268057,-0.00109375
77.272056,-3.125e-05
77.276057,0.000515625
77.280055,6.25e-05
77.284055,-0.00140625
77.288054,3.125e-05
77.292055,0.000640625
77.296054,9.375e-05
77.300055,-0.001578125
77.304054,3.90625e-05
77.308055,0.0009140625
77.312054,7.8125e-05
77.316055,-0.00209375
77.320056,3.90625e-05
77.324055,0.0008203125
77.328055,5.46875e-05
77.332055,-0.0020546875
77.336056,-2.34375e-05
77.340056,0.0008828125
77.344055,-0.00015625
77.348055,-0.0019375
77.352055,-0.0001484375
77.356055,-3.90625e-05
77.360056,2.34375e-05
77.364055,0.00010156250000000001
77.368055,-0.0002734375
77.372055,5.46875e-05
77.376055,0.0003515625
77.380055,3.90625e-05
77.384055,-0.0014296875
77.388055,-2.34375e-05
77.392055,0.0006328125
77.396055,5.46875e-05
77.400055,-0.0016093750000000001
77.404055,4.6875e-05
77.408055,0.0005234375
77.412055,6.25e-05
77.416056,-0.0020078125
77.420055,2.34375e-05
77.424055,0.0009609375
77.428054,5.46875e-05
77.432055,-0.0022109375000000002
77.436055,-0.000125
77.440056,0.000859375
77.444055,-0.0001796875
77.448055,-0.0018671875000000001
77.452055,6.25e-05
77.456055,-4.6875e-05
77.460054,-8.59375e-05
77.464056,8.59375e-05
77.468055,-0.00025
77.472056,3.125e-05
77.476055,0.0004921875
77.480055,0.00014062500000000002
77.484055,-0.0016875
77.488054,0.0
77.492054,0.0006484375
77.496054,9.375e-05
77.500056,-0.001546875
77.504055,-7.8125e-06
77.508054,0.000609375
77.512054,3.125e-05
77.516055,-0.0019453125
77.520054,2.34375e-05
77.524054,0.0009765625
77.528054,8.59375e-05
77.532054,-0.002171875
77.536055,7.8125e-06
77.540057,0.00090625
77.544062,7.031250000000001e-05
77.548056,-0.0039765625
77.552055,-0.000109375
77.556055,3.90625e-05
77.560055,9.375e-05
77.564054,7.031250000000001e-05
77.568055,-0.0002734375
77.572054,-5.46875e-05
77.576055,0.000375
77.580056,0.0001171875
77.584055,-0.001328125
77.588057,7.8125e-06
77.592057,0.0006328125
77.596056,-7.8125e-06
77.600056,-0.0017265625
77.604055,3.125e-05
77.608055,0.0007890625
77.612055,7.031250000000001e-05
77.616055,-0.00453125
77.620056,-4.6875e-05
77.624056,0.0009765625
77.628055,5.46875e-05
77.632055,-0.0023515625
77.636055,0.0
77.640056,0.00103125
77.644055,-2.34375e-05
77.648055,-0.0020234375
77.652055,-0.0001875
77.656055,2.34375e-05
77.660056,8.59375e-05
77.664055,6.25e-05
77.668055,-0.0003046875
77.672055,3.125e-05
77.676055,0.000578125
77.680057,6.25e-05
77.684056,-0.001453125
77.688056,2.34375e-05
77.692055,0.000640625
77.696056,0.00010156250000000001
77.700055,-0.0015390625
77.704055,-3.90625e-05
77.708055,0.000609375
77.712056,-4.6875e-05
77.716055,-0.00453125
77.720056,-2.34375e-05
77.724055,0.0008203125
77.728056,7.031250000000001e-05
77.732055,-0.0021953125
77.736056,-1.5625e-05
77.740056,0.000953125
77.744055,-0.0002421875
77.748056,-0.0017734375
77.752055,-0.0001328125
77.756055,3.125e-05
77.760065,3.90625e-05
77.764057,4.6875e-05
77.768056,-0.000328125
77.772055,-4.6875e-05
77.776055,0.00039843750000000003
77.780054,0.00010156250000000001
77.784055,-0.0016093750000000001
77.788054,6.25e-05
77.792055,0.0006796875000000001
77.796054,3.125e-05
77.800056,-0.0014921875
77.804057,7.8125e-06
77.808056,0.00059375
77.812055,6.25e-05
77.816055,-0.00475
77.820056,3.90625e-05
77.824056,0.00096875
77.828055,-3.125e-05
77.832055,-0.0020859375
77.836055,-7.8125e-06
77.840056,0.0008828125
77.844055,3.90625e-05
77.848055,-0.0018828125
77.852055,-7.8125e-06
77.856055,0.001
77.860055,-7.8125e-06
77.864055,7.8125e-05
77.868055,-0.00034375
77.872055,-7.8125e-06
77.876055,0.0001171875
77.880055,0.000125
77.884055,-0.001578125
77.888055,0.0
77.892055,0.000703125
77.896055,3.125e-05
77.900056,-0.0013515625000000001
77.904055,2.34375e-05
77.908055,0.0007265625
77.912055,3.125e-05
77.916056,-0.0016796875
77.920055,3.90625e-05
77.924055,0.001
77.928055,7.8125e-05
77.932055,-0.0022578125
77.936055,3.125e-05
77.940055,0.0009609375
77.944055,-1.5625e-05
77.948056,-0.001796875
77.952056,-1.5625e-05
77.956055,0.0012421875
77.960055,0.000109375
77.964055,6.25e-05
77.968055,-0.0003203125
77.972054,2.34375e-05
77.976055,7.031250000000001e-05
77.980055,5.46875e-05
77.984055,-0.0014296875
77.988055,7.8125e-06
77.992055,0.00075
77.996055,0.0
78.000054,-0.0015390625
78.004055,2.34375e-05
78.008056,0.00065625
78.012055,2.34375e-05
78.016055,-0.001546875
78.020056,-5.46875e-05
78.024056,0.00090625
78.028055,6.25e-05
78.032055,-0.0021171875
78.036054,5.46875e-05
78.040054,0.00096875
78.044055,3.125e-05
78.048056,-0.0020859375
78.052055,-9.375e-05
78.056055,0.0011328125
78.060055,0.000125
78.064056,7.8125e-05
78.068055,-0.0002421875
78.072055,1.5625e-05
78.076055,0.0001875
78.080055,0.0001484375
78.084055,-0.0016250000000000001
78.088056,3.125e-05
78.092055,0.0005859375
78.096055,0.0001171875
78.100056,-0.0016171875000000001
78.104055,-0.0001171875
78.108055,0.00071875
78.112055,4.6875e-05
78.116055,-0.001703125
78.120056,-2.34375e-05
78.124055,0.0009218750000000001
78.128055,4.6875e-05
78.132055,-0.0022734375
78.136055,-1.5625e-05
78.140056,0.000984375
78.144055,-0.000109375
78.148055,-0.001890625
78.152056,-0.00020312500000000002
78.156055,0.0011484375
78.160056,4.6875e-05
78.164055,2.34375e-05
78.168055,-0.000421875
78.172055,6.25e-05
78.176056,-4.6875e-05
78.180055,0.000109375
78.184055,-0.0014921875
78.188055,7.8125e-05
78.192055,0.0005859375
78.196055,0.00015625
78.200055,-0.001578125
78.204055,-4.6875e-05
78.208055,0.000546875
78.212055,0.00010156250000000001
78.216055,-0.00165625
78.220055,-3.90625e-05
78.224055,0.000875
78.228055,3.125e-05
78.232055,-0.0019609375
78.236055,-3.125e-05
78.240055,0.001015625
78.244055,0.0001484375
78.248055,-0.0019453125
78.252055,-0.0001875
78.256055,0.00103125
78.260055,5.46875e-05
78.264055,3.90625e-05
78.268059,-0.0004453125
78.27206,4.6875e-05
78.276056,-3.125e-05
78.280058,0.0001171875
78.284056,-0.0013437500000000001
78.288056,7.8125e-05
78.292055,0.0006953125
78.296055,0.000125
78.300058,-0.0015234375
78.304057,1.5625e-05
78.308056,0.0006796875000000001
78.312056,3.125e-05
78.316055,-0.0017421875
78.320058,-2.34375e-05
78.324057,0.000953125
78.328056,5.46875e-05
78.332055,-0.00196875
78.336055,-7.8125e-06
78.340058,0.001046875
78.344057,7.8125e-06
78.348058,-0.00171875
78.352056,-0.00020312500000000002
78.356055,0.000953125
78.360057,0.000234375
78.364056,-0.0013046875
78.368055,-0.0003125
78.372055,4.6875e-05
78.376055,0.0001171875
78.380057,0.000109375
78.384056,-0.00046875
78.388055,3.90625e-05
78.392055,0.000546875
78.396055,6.25e-05
78.400057,-0.00146875
78.404057,0.0
78.408058,0.0006718750000000001
78.412056,6.25e-05
78.416056,-0.0017421875
78.420058,-7.8125e-05
78.424056,0.0006640625
78.428056,3.125e-05
78.432055,-0.001953125
78.436055,5.46875e-05
78.440058,0.0010546875
78.444057,5.46875e-05
78.448056,-0.0017890625
78.452055,-0.000125
78.456056,0.0007421875
78.460058,0.00010156250000000001
78.464056,-0.0010703125
78.468055,-0.0002890625
78.472055,3.90625e-05
78.476055,0.00010156250000000001
78.480057,7.8125e-05
78.484056,-0.000234375
78.488055,5.46875e-05
78.492055,0.00053125
78.496055,7.031250000000001e-05
78.500057,-0.001546875
78.504057,3.125e-05
78.508055,0.000734375
78.512055,0.0001328125
78.516055,-0.0018515625000000001
78.520058,0.0
78.524057,0.0007734375
78.528056,4.6875e-05
78.532059,-0.0018359375000000001
78.536057,7.8125e-06
78.540058,0.0009140625
78.544057,3.90625e-05
78.548058,-0.0016093750000000001
78.552056,-0.000234375
78.556055,0.000546875
78.560058,7.031250000000001e-05
78.564055,-0.0010703125
78.568056,-0.0005
78.572055,-3.125e-05
78.576055,-7.8125e-06
78.580058,3.90625e-05
78.584056,-0.000421875
78.588056,3.125e-05
78.592056,0.000578125
78.596055,7.031250000000001e-05
78.600058,-0.0016953125
78.604057,2.34375e-05
78.608055,0.0006484375
78.612055,1.5625e-05
78.616055,-0.0018125
78.620058,-7.8125e-06
78.624057,0.0008359375
78.628056,-3.125e-05
78.632056,-0.0019296875
78.636055,0.0
78.640058,0.0011328125
78.644057,7.8125e-05
78.648055,-0.0037187500000000003
78.652055,-0.0002109375
78.656055,0.00053125
78.660058,0.00014062500000000002
78.664057,-0.0011015625000000001
78.668056,-0.000265625
78.672055,-5.46875e-05
78.676055,7.031250000000001e-05
78.68006,9.375e-05
78.684057,-0.0005234375
78.688056,-6.25e-05
78.692055,0.00053125
78.696059,7.8125e-05
78.700058,-0.0013515625000000001
78.704056,-2.34375e-05
78.708055,0.00075
78.712055,4.6875e-05
78.716055,-0.0018593750000000001
78.720058,-3.90625e-05
78.724057,0.0007578125
78.728055,4.6875e-05
78.732055,-0.00384375
78.736055,3.125e-05
78.740057,0.0010390625
78.744057,3.90625e-05
78.748058,-0.0037265625000000003
78.752056,-0.00040625000000000004
78.756055,0.0004765625
78.760058,0.0001875
78.764062,-0.001046875
78.768056,-0.000234375
78.772055,3.90625e-05
78.776055,9.375e-05
78.780058,0.00010156250000000001
78.784055,-0.00046875
78.788055,7.8125e-06
78.792055,0.000546875
78.796055,0.0001171875
78.800058,-0.0015859375
78.804057,8.59375e-05
78.808056,0.0007265625
78.812056,7.031250000000001e-05
78.816055,-0.0017109375
78.820058,-2.34375e-05
78.824056,0.0008828125
78.828055,-1.5625e-05
78.832055,-0.0021484375
78.836055,1.5625e-05
78.840058,0.001046875
78.844057,6.25e-05
78.848056,-0.00359375
78.852055,-0.00040625000000000004
78.856055,0.0005234375
78.860058,9.375e-05
78.864056,-0.000953125
78.868056,-0.000375
78.872055,0.0004296875
78.876055,0.0001953125
78.880058,8.59375e-05
78.884056,-0.000546875
78.888056,6.25e-05
78.892055,0.000296875
78.896055,7.8125e-05
78.900058,-0.00153125
78.904056,0.0
78.908055,0.0006953125
78.912055,3.90625e-05
78.916055,-0.0019375
78.920057,3.125e-05
78.924056,0.00084375
78.928055,3.125e-05
78.932055,-0.001765625
78.936055,-1.5625e-05
78.940057,0.00115625
78.944056,0.00010156250000000001
78.948058,-0.0012421875
78.952056,-7.8125e-06
78.956055,0.00053125
78.960057,0.00010156250000000001
78.964056,-0.0009765625
78.968055,-0.00040625000000000004
78.972055,0.000515625
78.976055,0.0001640625
78.980057,6.25e-05
78.984057,-0.0006718750000000001
78.988056,3.90625e-05
78.992055,0.000359375
78.996054,7.031250000000001e-05
79.000057,-0.001765625
79.004056,-3.90625e-05
79.008055,0.000765625
79.012055,0.00010156250000000001
79.016055,-0.0019296875
79.020057,-2.34375e-05
79.024056,0.0007421875
79.028055,7.8125e-05
79.032055,-0.0020390625
79.036055,0.0
79.040058,0.00128125
79.044056,7.031250000000001e-05
79.048056,-0.001171875
79.052056,-3.125e-05
79.056055,0.00046875
79.060058,0.00025
79.064056,-0.00096875
79.068055,-0.000359375
79.072056,0.000390625
79.076055,0.00015625
79.080058,0.000125
79.084057,-0.0008125000000000001
79.088056,-5.46875e-05
79.092056,0.0003671875
79.096055,2.34375e-05
79.100058,-0.0016328125
79.104057,0.0
79.108056,0.000625
79.112055,6.25e-05
79.116055,-0.001921875
79.120058,-1.5625e-05
79.124056,0.000859375
79.128056,2.34375e-05
79.132056,-0.0018437500000000001
79.136055,-3.125e-05
79.140058,0.0012421875
79.144057,0.0001171875
79.148058,-0.0010859375
79.152056,-7.8125e-06
79.156055,0.0004921875
79.160057,0.000125
79.164056,-0.0009765625
79.168055,-0.000265625
79.172055,0.000515625
79.176055,0.00020312500000000002
79.180058,0.000109375
79.184056,-0.00065625
79.188056,-7.8125e-06
79.192055,0.0003828125
79.196055,9.375e-05
79.200058,-0.00165625
79.204056,-2.34375e-05
79.208055,0.0007421875
79.212055,6.25e-05
79.216055,-0.001921875
79.220057,3.125e-05
79.224056,0.0008359375
79.228055,2.34375e-05
79.232055,-0.001890625
79.236055,0.0
79.240057,0.0011328125
79.244057,6.25e-05
79.248055,-0.0010703125
79.252055,4.6875e-05
79.256058,0.0004921875
79.260058,-6.25e-05
79.264055,-0.0008984375
79.268055,-0.0003515625
79.272054,0.0004921875
79.276055,0.0001640625
79.280057,0.0001171875
79.284056,-0.000765625
79.288054,-4.6875e-05
79.292056,0.0003828125
79.296055,0.000125
79.300058,-0.0015
79.304056,3.125e-05
79.308056,0.00065625
79.312055,7.031250000000001e-05
79.316055,-0.0019375
79.320058,-7.8125e-06
79.324056,0.0008203125
79.328056,7.031250000000001e-05
79.332055,-0.00190625
79.336055,-4.6875e-05
79.340058,0.001140625
79.344057,4.6875e-05
79.348058,-0.0012421875
79.352056,-7.8125e-06
79.356055,0.0004765625
79.360057,-0.00015625
79.364056,-0.000953125
79.368055,-0.0003125
79.372055,0.000515625
79.376055,9.375e-05
79.380058,-0.0006796875000000001
79.384056,-0.0008984375
79.388055,7.8125e-05
79.392055,0.00025
79.396055,2.34375e-05
79.400058,-0.000640625
79.404057,-7.8125e-05
79.408058,0.0006484375
79.412056,7.031250000000001e-05
79.416055,-0.0018828125
79.420058,2.34375e-05
79.424056,0.0007578125
79.428056,4.6875e-05
79.432055,-0.0019453125
79.436055,0.0
79.440058,0.000640625
79.444056,7.031250000000001e-05
79.448055,-0.0011328125
79.452055,-7.8125e-06
79.456055,0.000421875
79.460058,-7.031250000000001e-05
79.464056,-0.000890625
79.468055,-0.0001484375
79.472055,0.00046093750000000003
79.476055,0.0002890625
79.480057,-0.00078125
79.484057,-0.0008046875000000001
79.488056,-3.125e-05
79.492055,0.00033593750000000003
79.496055,6.25e-05
79.500057,-0.0008203125
79.504056,1.5625e-05
79.508055,0.00071875
79.512055,5.46875e-05
79.516055,-0.0020390625
79.520058,-3.90625e-05
79.524057,0.0007734375
79.528056,3.125e-05
79.532055,-0.00190625
79.536059,-2.34375e-05
79.540058,0.0007578125
79.544055,7.8125e-06
79.548058,-0.00109375
79.552056,9.375e-05
79.556055,0.000515625
79.560057,0.000109375
79.564055,-0.0006718750000000001
79.568055,-0.00039843750000000003
79.572055,0.0005625000000000001
79.576055,0.000265625
79.580058,-0.000578125
79.584056,-0.00078125
79.588055,-4.6875e-05
79.592055,0.000390625
79.596055,9.375e-05
79.600058,-0.0008515625
79.604057,3.90625e-05
79.608055,0.000734375
79.612055,1.5625e-05
79.616055,-0.0019375
79.620058,-3.125e-05
79.624056,0.0008671875
79.628056,0.00010156250000000001
79.632055,-0.0018515625000000001
79.636055,0.0
79.640058,0.0007968750000000001
79.644056,7.8125e-05
79.648056,-0.0010859375
79.652055,0.000109375
79.656055,0.0005234375
79.660058,-3.125e-05
79.664057,-0.0008046875000000001
79.668055,-0.00053125
79.672055,0.00065625
79.676055,0.0003203125
79.68006,-8.59375e-05
79.684057,-0.0008828125
79.688056,-7.8125e-06
79.692055,0.00034375
79.696059,6.25e-05
79.700058,-0.000734375
79.704056,-2.34375e-05
79.708055,0.000859375
79.712055,-1.5625e-05
79.716055,-0.0020078125
79.720058,-9.375e-05
79.724057,0.0007890625
79.728055,7.031250000000001e-05
79.732055,-0.0018203125
79.736055,-2.34375e-05
79.740058,0.000734375
79.744056,3.90625e-05
79.748058,-0.001140625
79.752056,6.25e-05
79.756055,0.0004296875
79.760057,-0.0001640625
79.764056,-0.0008359375
79.768061,-0.0005078125
79.772058,0.000484375
79.776055,0.0001640625
79.780057,-0.0001171875
79.784056,-0.0007968750000000001
79.788054,7.8125e-06
79.792055,0.00033593750000000003
79.796054,6.25e-05
79.800057,-0.0009218750000000001
79.804055,0.0
79.808056,0.0008046875000000001
79.812056,5.46875e-05
79.816055,-0.0020234375
79.820058,3.90625e-05
79.824056,0.000875
79.828055,8.59375e-05
79.832056,-0.0019921875
79.836056,-1.5625e-05
79.840057,0.000640625
79.844057,2.34375e-05
79.848056,-0.0010546875
79.852055,0.00014062500000000002
79.856055,0.0004140625
79.860058,1.5625e-05
79.864057,-0.000578125
79.868056,-0.000453125
79.872055,0.000578125
79.876055,0.000234375
79.880058,-5.46875e-05
79.884057,-0.0008671875
79.888055,-1.5625e-05
79.892055,0.000484375
79.896055,0.00010156250000000001
79.900058,-0.0010859375
79.904056,5.46875e-05
79.908055,0.0002734375
79.912055,7.8125e-05
79.916055,-0.00203125
79.920058,-8.59375e-05
79.924057,0.00075
79.928055,0.0001171875
79.932055,-0.0018125
79.936055,2.34375e-05
79.940057,0.00078125
79.944057,7.8125e-05
79.948058,-0.002171875
79.952056,0.0001328125
79.956055,0.0004921875
79.960057,4.6875e-05
79.964056,-0.0006796875000000001
79.968055,2.34375e-05
79.972056,0.0006796875000000001
79.976055,0.000328125
79.980058,-3.125e-05
79.984057,-0.0007265625
79.988056,1.5625e-05
79.992055,0.0003515625
79.996055,7.031250000000001e-05
80.000058,-0.001046875
80.004085,2.34375e-05
80.008056,0.0004375
80.012055,7.8125e-05
80.016055,-0.002015625
80.020058,-3.125e-05
80.024055,0.000703125
80.028056,6.25e-05
80.032056,-0.0018593750000000001
80.036055,7.8125e-06
80.040057,0.0009296875000000001
80.044057,-3.125e-05
80.048056,-0.002015625
80.052055,-2.34375e-05
80.056055,0.0004453125
80.060058,-8.59375e-05
80.064056,-0.0007968750000000001
80.068056,-7.8125e-06
80.072055,0.0006328125
80.076055,0.0003203125
80.080057,-3.125e-05
80.084056,-0.0009296875000000001
80.088055,3.90625e-05
80.092056,0.00025
80.096055,0.000109375
80.100058,-0.0009375
80.104056,6.25e-05
80.108056,0.0003671875
80.112055,7.8125e-05
80.116055,-0.0021796875
80.120058,-4.6875e-05
80.124057,0.0007421875
80.128055,9.375e-05
80.132055,-0.001796875
80.136055,4.6875e-05
80.140058,0.00084375
80.144056,-7.8125e-06
80.148058,-0.0020390625
80.152056,0.00015625
80.156056,0.00046875
80.160057,-0.0001328125
80.164056,-0.0009140625
80.168056,1.5625e-05
80.172055,0.0004921875
80.176055,0.000328125
80.180058,2.34375e-05
80.184057,-0.00071875
80.188055,3.90625e-05
80.192055,0.00039843750000000003
80.196055,0.0
80.200058,-0.0009453125
80.204057,4.6875e-05
80.208055,0.000625
80.212055,4.6875e-05
80.216055,-0.0018437500000000001
80.220058,4.6875e-05
80.224057,0.0008046875000000001
80.228056,-3.90625e-05
80.232055,-0.001984375
80.236055,-2.34375e-05
80.240058,0.0008359375
80.244056,-7.8125e-06
80.248056,-0.0020625
80.252055,0.00020312500000000002
80.256055,0.0003828125
80.260058,3.125e-05
80.26406,-0.0008203125
80.268058,7.8125e-06
80.272055,0.00059375
80.276055,0.0003515625
80.280057,-2.34375e-05
80.284056,-0.00090625
80.288055,-6.25e-05
80.292054,0.0002265625
80.296054,0.00010156250000000001
80.300057,-0.00090625
80.304056,-1.5625e-05
80.308055,0.000359375
80.312055,7.031250000000001e-05
80.316055,-0.0020625
80.320057,5.46875e-05
80.324057,0.000765625
80.328055,5.46875e-05
80.332055,-0.001765625
80.336055,-1.5625e-05
80.340057,0.000859375
80.344057,-0.0001796875
80.348058,-0.0023046875
80.352057,-7.8125e-06
80.356055,0.0004375
80.360057,-2.34375e-05
80.364056,-0.0007265625
80.368055,-4.6875e-05
80.372055,0.0007890625
80.376055,0.0004140625
80.380057,3.90625e-05
80.384056,-0.0008046875000000001
80.388056,3.125e-05
80.392055,0.000453125
80.396055,-7.8125e-06
80.400059,-0.000859375
80.404057,1.5625e-05
80.408058,0.0004765625
80.412055,9.375e-05
80.416055,-0.0011171875000000001
80.420058,2.34375e-05
80.424056,0.00078125
80.428056,3.90625e-05
80.432055,-0.0021875
80.436055,-1.5625e-05
80.440058,0.0007421875
80.444057,-7.8125e-05
80.448056,-0.0019453125
80.452055,-1.5625e-05
80.456055,0.0009296875000000001
80.460058,-0.0001328125
80.464056,-0.0007968750000000001
80.468056,-7.031250000000001e-05
80.472055,0.0005234375
80.476055,5.46875e-05
80.480057,3.90625e-05
80.484056,-0.000859375
80.488056,3.90625e-05
80.492055,0.000484375
80.496055,7.031250000000001e-05
80.500058,-0.0008515625
80.504057,1.5625e-05
80.508055,0.000453125
80.512055,9.375e-05
80.516055,-0.0013828125
80.520058,-2.34375e-05
80.524057,0.0007968750000000001
80.528056,7.031250000000001e-05
80.532055,-0.0020078125
80.536056,-3.90625e-05
80.540058,0.0008125000000000001
80.544061,0.0001171875
80.548059,-0.0021953125
80.552056,0.00015625
80.556055,0.0008671875
80.560058,3.125e-05
80.564055,-0.0008046875000000001
80.568055,-7.031250000000001e-05
80.572055,0.000453125
80.576055,2.34375e-05
80.580057,3.90625e-05
80.584056,-0.0005859375
80.588056,2.34375e-05
80.592056,0.000375
80.596055,-1.5625e-05
80.600057,-0.0007734375
80.604057,7.8125e-06
80.608056,0.00033593750000000003
80.612055,3.125e-05
80.616055,-0.0012890625
80.620057,-3.125e-05
80.624057,0.000890625
80.628055,8.59375e-05
80.632055,-0.0018828125
80.636055,-5.46875e-05
80.640057,0.0008203125
80.644057,4.6875e-05
80.648055,-0.0021171875
80.652055,1.5625e-05
80.656055,0.0008515625
80.660058,0.00010156250000000001
80.664056,-0.000625
80.668056,-3.90625e-05
80.672055,0.00034375
80.676056,0.000125
80.68006,3.125e-05
80.684058,-0.0008671875
80.688056,2.34375e-05
80.692055,0.0004140625
80.696059,5.46875e-05
80.700058,-0.0010390625
80.704057,0.0
80.708055,0.00053125
80.712055,9.375e-05
80.716055,-0.001296875
80.720058,3.125e-05
80.724057,0.0006796875000000001
80.728056,0.000109375
80.732055,-0.002015625
80.736055,-7.8125e-06
80.740058,0.0008203125
80.744059,-0.00010156250000000001
80.748059,-0.0019609375
80.752056,-7.8125e-06
80.756056,0.0009453125
80.76006,-3.125e-05
80.764058,-0.0004296875
80.768056,-8.59375e-05
80.772056,0.0002109375
80.776055,0.00020312500000000002
80.780058,3.125e-05
80.784056,-0.0008203125
80.788055,-0.00010156250000000001
80.792056,0.0004296875
80.796055,0.0
80.800058,-0.0008515625
80.804057,-3.90625e-05
80.808055,0.0005234375
80.812055,0.00010156250000000001
80.816055,-0.0013203125
80.820058,4.6875e-05
80.824057,0.00065625
80.828055,4.6875e-05
80.832055,-0.0020078125
80.836055,7.8125e-06
80.840058,0.000828125
80.844057,-6.25e-05
80.848056,-0.0020546875
80.852055,0.0
80.856055,0.000890625
80.860058,-6.25e-05
80.864056,-0.000328125
80.868056,-0.0001640625
80.872055,2.34375e-05
80.876055,-3.90625e-05
80.880057,6.25e-05
80.884056,-0.0008359375
80.888055,0.0
80.892055,0.0003515625
80.896055,7.031250000000001e-05
80.900058,-0.001140625
80.904057,7.8125e-06
80.908055,0.00046093750000000003
80.912055,5.46875e-05
80.916055,-0.00121875
80.920057,-0.0001171875
80.924057,0.0004453125
80.928056,-1.5625e-05
80.932055,-0.0018515625000000001
80.936055,7.8125e-06
80.940058,0.000828125
80.944057,7.8125e-05
80.948058,-0.0023671875
80.952056,4.6875e-05
80.956055,0.00096875
80.960058,1.5625e-05
80.964056,-0.0020390625
80.968055,-4.6875e-05
80.972055,1.5625e-05
80.976055,5.46875e-05
80.980058,0.0
80.984056,7.8125e-06
80.988056,5.46875e-05
80.992055,0.0003671875
80.996055,7.031250000000001e-05
81.000058,-0.0010859375
81.004056,3.125e-05
81.008056,0.00059375
81.012055,0.000109375
81.016055,-0.0011015625000000001
81.020058,-7.8125e-06
81.024057,0.0004765625
81.028056,-7.8125e-06
81.032055,-0.0019296875
81.036055,-3.125e-05
81.040058,0.000890625
81.044056,2.34375e-05
81.048056,-0.0022031250000000002
81.052056,0.0
81.056055,0.0009140625
81.060058,0.000109375
81.064056,-0.0045703125
81.068055,2.34375e-05
81.072055,4.6875e-05
81.076055,9.375e-05
81.080058,7.031250000000001e-05
81.084057,-2.34375e-05
81.088055,-3.125e-05
81.092055,0.000375
81.096055,5.46875e-05
81.100058,-0.0011328125
81.104056,1.5625e-05
81.108055,0.0004765625
81.112055,8.59375e-05
81.116055,-0.0013046875
81.120057,-3.90625e-05
81.124056,0.0005234375
81.128056,9.375e-05
81.132055,-0.0019609375
81.136055,-3.90625e-05
81.140057,0.0008984375
81.144057,-1.5625e-05
81.148058,-0.0022265625000000002
81.152056,-7.8125e-05
81.156055,0.00090625
81.160057,-2.34375e-05
81.164056,-0.0046875
81.168055,-7.031250000000001e-05
81.172055,2.34375e-05
81.176055,3.125e-05
81.180057,3.125e-05
81.184056,8.59375e-05
81.188056,1.5625e-05
81.192055,0.000375
81.196055,3.90625e-05
81.200058,-0.0011953125
81.204057,7.8125e-06
81.208055,0.0005390625
81.212055,9.375e-05
81.216056,-0.0011015625000000001
81.220058,4.6875e-05
81.224057,0.0006484375
81.228056,3.125e-05
81.232055,-0.0020625
81.236055,0.0
81.240058,0.000890625
81.244057,2.34375e-05
81.248056,-0.0021796875
81.252056,-2.34375e-05
81.256055,0.00078125
81.260056,-7.031250000000001e-05
81.264057,-0.004609375
81.26806,-4.6875e-05
81.272057,2.34375e-05
81.276056,3.125e-05
81.280058,3.125e-05
81.284056,7.031250000000001e-05
81.288056,-5.46875e-05
81.292055,0.000265625
81.296055,0.0
81.300057,-0.0013046875
81.304056,6.25e-05
81.308056,0.00046875
81.312055,6.25e-05
81.316055,-0.0011484375
81.320057,-6.25e-05
81.324056,0.000515625
81.328055,7.8125e-05
81.332055,-0.0020625
81.336055,-6.25e-05
81.340058,0.0009218750000000001
81.344057,8.59375e-05
81.348058,-0.0022187500000000002
81.352056,3.125e-05
81.356055,0.0008671875
81.360057,0.0001953125
81.364056,-0.0021484375
81.368055,-0.0001328125
81.372055,7.8125e-06
81.376055,-0.0001328125
81.380057,7.031250000000001e-05
81.384056,-2.34375e-05
81.388056,2.34375e-05
81.392055,0.0003203125
81.396055,4.6875e-05
81.400057,-0.0012265625
81.404057,-7.8125e-06
81.408056,0.000484375
81.412055,6.25e-05
81.416055,-0.0011484375
81.420057,-3.90625e-05
81.424056,0.0005625000000000001
81.428056,9.375e-05
81.432055,-0.0015234375
81.436055,-3.90625e-05
81.440057,0.0009218750000000001
81.444056,1.5625e-05
81.448055,-0.002109375
81.452055,-2.34375e-05
81.456055,0.00090625
81.460057,7.8125e-06
81.464056,-0.0021875
81.468055,-0.00010156250000000001
81.472055,0.0009453125
81.476055,2.34375e-05
81.480058,3.90625e-05
81.484057,7.8125e-05
81.488055,7.8125e-06
81.492055,7.8125e-06
81.496055,6.25e-05
81.500058,-0.0013593750000000001
81.504057,0.0
81.508056,0.000453125
81.512055,8.59375e-05
81.516055,-0.001390625
81.520058,2.34375e-05
81.524056,0.000609375
81.528056,8.59375e-05
81.532055,-0.00175
81.536055,2.34375e-05
81.540058,0.000953125
81.544059,1.5625e-05
81.548059,-0.0022500000000000003
81.552057,1.5625e-05
81.556056,0.0009218750000000001
81.560058,-6.25e-05
81.564056,-0.002109375
81.568056,-0.0001796875
81.572055,0.001015625
81.576055,-0.000125
81.580058,4.6875e-05
81.584056,0.000125
81.588055,-3.90625e-05
81.592055,0.0
81.596055,4.6875e-05
81.600058,-0.0012734375
81.604056,-7.8125e-06
81.608055,0.000546875
81.612056,9.375e-05
81.616055,-0.001265625
81.620058,0.0
81.624056,0.000515625
81.628056,9.375e-05
81.632055,-0.0013593750000000001
81.636055,1.5625e-05
81.640057,0.0007968750000000001
81.644057,9.375e-05
81.648055,-0.0024921875
81.652055,3.90625e-05
81.656055,0.0008125000000000001
81.660057,0.000171875
81.664056,-0.0022187500000000002
81.668055,-6.25e-05
81.672055,0.0009921875
81.676055,-0.00015625
81.680059,6.25e-05
81.684058,-0.0001171875
81.688056,4.6875e-05
81.692055,0.00010156250000000001
81.696059,7.8125e-05
81.700058,-0.0013437500000000001
81.704056,-3.125e-05
81.708056,0.0004765625
81.712055,5.46875e-05
81.716055,-0.0013984375
81.720057,-1.5625e-05
81.724057,0.0005859375
81.728055,9.375e-05
81.732055,-0.0016171875000000001
81.736055,-2.34375e-05
81.740057,0.0009765625
81.744056,7.031250000000001e-05
81.748057,-0.0021015625
81.752056,2.34375e-05
81.756055,0.0008671875
81.760059,8.59375e-05
81.764058,-0.0021875
81.768056,6.25e-05
81.772056,0.0009140625
81.776055,-4.6875e-05
81.780058,2.34375e-05
81.784057,-0.00014062500000000002
81.788056,6.25e-05
81.792055,-5.46875e-05
81.796055,4.6875e-05
81.800058,-0.0012734375
81.804057,3.90625e-05
81.808055,0.0005234375
81.812055,5.46875e-05
81.816055,-0.0013671875000000001
81.820058,2.34375e-05
81.824057,0.00065625
81.828055,9.375e-05
81.832055,-0.0015625
81.836057,-2.34375e-05
81.840058,0.0008984375
81.844056,7.031250000000001e-05
81.848056,-0.0020390625
81.852056,-7.8125e-06
81.856055,0.00090625
81.860058,7.8125e-06
81.864056,-0.0021328125
81.868056,-5.46875e-05
81.872056,0.0009609375
81.876055,4.6875e-05
81.880058,9.375e-05
81.884057,-0.00015625
81.888055,4.6875e-05
81.892055,0.0001171875
81.896055,0.000109375
81.900058,-0.0014765625
81.904056,-3.125e-05
81.908056,0.0005234375
81.912055,6.25e-05
81.916056,-0.0014609375
81.920058,3.125e-05
81.924056,0.000609375
81.928056,7.031250000000001e-05
81.932055,-0.0015859375
81.936055,-7.8125e-06
81.940057,0.0006718750000000001
81.944056,4.6875e-05
81.948058,-0.001984375
81.952057,3.90625e-05
81.956056,0.0009140625
81.960057,8.59375e-05
81.964056,-0.0019921875
81.968055,-4.6875e-05
81.972055,0.000984375
81.976055,-3.90625e-05
81.980057,-0.0018125
81.984056,-4.6875e-05
81.988056,7.8125e-06
81.992055,0.0001484375
81.996055,3.90625e-05
82.000057,-0.000109375
82.004056,4.6875e-05
82.008055,0.0005546875000000001
82.012055,9.375e-05
82.016055,-0.0015
82.020058,0.0
82.024058,0.0006171875
82.028056,3.125e-05
82.032055,-0.0016328125
82.036055,-3.125e-05
82.040058,0.0005625000000000001
82.044057,5.46875e-05
82.048056,-0.0047421875
82.052056,-1.5625e-05
82.056055,0.000890625
82.060058,4.6875e-05
82.064057,-0.00215625
82.068055,-7.8125e-06
82.072056,0.000859375
82.076055,-4.6875e-05
82.080058,-0.00190625
82.084056,-0.000125
82.088056,0.0
82.092056,9.375e-05
82.096055,8.59375e-05
82.100058,-0.0003046875
82.104057,-1.5625e-05
82.108056,0.0005625000000000001
82.112055,6.25e-05
82.116055,-0.001578125
82.120058,1.5625e-05
82.124057,0.000515625
82.128056,8.59375e-05
82.132055,-0.0014765625
82.136055,-7.8125e-06
82.140058,0.0005859375
82.144057,0.00010156250000000001
82.148058,-0.004640625
82.152056,2.34375e-05
82.156056,0.00096875
82.160057,5.46875e-05
82.164056,-0.002078125
82.168055,1.5625e-05
82.172055,0.0009609375
82.176055,-4.6875e-05
82.180057,-0.001921875
82.184056,-4.6875e-05
82.188056,2.34375e-05
82.192055,2.34375e-05
82.196055,7.8125e-05
82.200058,-0.00046875
82.204057,3.125e-05
82.208055,0.00059375
82.212055,4.6875e-05
82.216055,-0.0015078125
82.220057,-5.46875e-05
82.224057,0.000734375
82.228056,7.8125e-05
82.232056,-0.001515625
82.236055,-8.59375e-05
82.240057,0.000625
82.244057,7.031250000000001e-05
82.248056,-0.002125
82.252055,-3.90625e-05
82.256055,0.0009453125
82.260056,7.031250000000001e-05
82.264057,-0.0045000000000000005
82.268067,0.0002734375
82.272062,0.001015625
82.276058,1.5625e-05
82.280056,-0.001703125
82.284058,-6.25e-05
82.288056,-1.5625e-05
82.292056,0.0001640625
82.296055,6.25e-05
82.300056,-0.00028125000000000003
82.304055,0.0
82.308055,0.000515625
82.312055,0.000109375
82.316055,-0.0015859375
82.320055,-3.90625e-05
82.324055,0.0005703125
82.328056,3.90625e-05
82.332055,-0.001390625
82.336056,3.90625e-05
82.340055,0.00071875
82.344056,2.34375e-05
82.348055,-0.002171875
82.352055,2.34375e-05
82.356055,0.0009453125
82.360054,3.90625e-05
82.364055,-0.004375
82.368055,-1.5625e-05
82.372055,0.0009609375
82.376055,-1.5625e-05
82.380056,-0.0018671875000000001
82.384055,-0.000390625
82.388055,-5.46875e-05
82.392055,0.000234375
82.396055,7.8125e-06
82.400055,-0.000234375
82.404055,7.031250000000001e-05
82.408055,0.0005
82.412059,0.000109375
82.416057,-0.0015625
82.420056,6.25e-05
82.424056,0.0006015625
82.428055,5.46875e-05
82.432055,-0.0016953125
82.436055,-1.5625e-05
82.440056,0.0004765625
82.444055,1.5625e-05
82.448055,-0.0023671875
82.452055,-3.90625e-05
82.456056,0.001
82.460056,3.90625e-05
82.464055,-0.0021328125
82.468055,2.34375e-05
82.472055,0.001
82.476055,4.6875e-05
82.480055,-0.0020703125
82.484055,-0.0004140625
82.488055,0.0011171875000000001
82.492055,7.8125e-05
82.496055,0.0001171875
82.500055,-0.0003515625
82.504055,-4.6875e-05
82.508055,4.6875e-05
82.512055,0.0001171875
82.516055,-0.001453125
82.520056,3.90625e-05
82.524056,0.00078125
82.528055,0.000109375
82.532032,-0.0014765625
82.53606,-7.8125e-06
82.540056,0.0006328125
82.544056,1.5625e-05
82.548055,-0.00175
82.552055,2.34375e-05
82.556056,0.00090625
82.560055,6.25e-05
82.564055,-0.00190625
82.568055,0.0
82.572055,0.00096875
82.576057,8.59375e-05
82.580056,-0.0018515625000000001
82.584055,-0.0001875
82.588056,0.000953125
82.592055,0.000125
82.596055,6.25e-05
82.600056,-0.00040625000000000004
82.604055,-2.34375e-05
82.608055,5.46875e-05
82.612055,0.000125
82.616055,-0.0014765625
82.620056,1.5625e-05
82.624055,0.00053125
82.628055,7.8125e-05
82.632055,-0.001546875
82.636055,-3.90625e-05
82.640055,0.00065625
82.644055,6.25e-05
82.648055,-0.001703125
82.652056,-3.90625e-05
82.656056,0.0009453125
82.660056,5.46875e-05
82.664055,-0.0020234375
82.668055,-7.8125e-05
82.672055,0.0011171875000000001
82.676055,0.000109375
82.680057,-0.00171875
82.684056,-0.0001171875
82.688055,0.0008046875000000001
82.692055,0.000328125
82.696056,0.00010156250000000001
82.700055,-0.000296875
82.704055,-7.8125e-06
82.708055,0.0001640625
82.712055,9.375e-05
82.716055,-0.0014609375
82.720055,3.125e-05
82.724055,0.0005703125
82.728055,7.031250000000001e-05
82.732055,-0.0013984375
82.736055,-0.00010156250000000001
82.740056,0.00071875
82.744056,0.0
82.748056,-0.0017578125
82.752055,0.0
82.756055,0.000875
82.760056,4.6875e-05
82.764059,-0.0020234375
82.768058,-7.031250000000001e-05
82.772056,0.0010390625
82.776056,-7.031250000000001e-05
82.780056,-0.0036484375
82.784055,-0.0003515625
82.788055,0.0005234375
82.792055,0.000171875
82.796055,6.25e-05
82.800056,-0.000265625
82.804055,5.46875e-05
82.808055,0.0002265625
82.812056,9.375e-05
82.816055,-0.001796875
82.820055,0.0
82.824055,0.0005625000000000001
82.828055,0.0001484375
82.832055,-0.0015625
82.836055,-2.34375e-05
82.840056,0.0006640625
82.844056,5.46875e-05
82.848056,-0.0018359375000000001
82.852055,3.90625e-05
82.856055,0.0009609375
82.860055,0.00010156250000000001
82.864056,-0.0044218750000000005
82.868055,2.34375e-05
82.872055,0.000984375
82.876055,7.031250000000001e-05
82.880056,-0.003765625
82.884055,-0.000375
82.888055,0.000484375
82.892056,7.8125e-05
82.896055,5.46875e-05
82.900055,-0.00039843750000000003
82.904055,3.90625e-05
82.908056,0.0001640625
82.912055,4.6875e-05
82.916055,-0.001484375
82.920056,4.6875e-05
82.924055,0.000625
82.928055,7.8125e-05
82.932055,-0.00146875
82.936055,-5.46875e-05
82.940056,0.000703125
82.944055,9.375e-05
82.948055,-0.002046875
82.952056,-4.6875e-05
82.956056,0.0009453125
82.960055,9.375e-05
82.964055,-0.0018671875000000001
82.968055,-7.8125e-06
82.972055,0.0011484375
82.976055,3.125e-05
82.980055,-0.0038203125
82.984055,-0.000375
82.988055,0.000453125
82.992055,0.0001796875
82.996055,-0.0011093750000000001
83.000055,-0.00025
83.004055,-5.46875e-05
83.008055,-7.8125e-06
83.012055,5.46875e-05
83.016055,-0.000578125
83.020055,0.0
83.024055,0.00065625
83.028055,0.000109375
83.032056,-0.0014765625
83.036055,1.5625e-05
83.040055,0.0006484375
83.044055,7.031250000000001e-05
83.048055,-0.00175
83.052055,7.8125e-06
83.056055,0.0007968750000000001
83.060055,9.375e-05
83.064055,-0.0018359375000000001
83.068056,2.34375e-05
83.072055,0.0011796875
83.076055,0.00010156250000000001
83.080055,-0.0010625
83.084055,-0.0004140625
83.088055,0.0005078125
83.092054,0.0001875
83.096054,-0.0011015625000000001
83.100056,-0.000265625
83.104056,1.5625e-05
83.108055,0.000125
83.112055,3.125e-05
83.116055,-0.0005625000000000001
83.120056,4.6875e-05
83.124055,0.000578125
83.128055,0.00010156250000000001
83.132055,-0.001765625
83.136055,7.031250000000001e-05
83.140055,0.000609375
83.144055,5.46875e-05
83.148055,-0.00178125
83.152056,-7.031250000000001e-05
83.156054,0.0008828125
83.160055,3.90625e-05
83.164056,-0.0044531250000000005
83.168056,-5.46875e-05
83.172055,0.0011171875000000001
83.176055,9.375e-05
83.180055,-0.0012421875
83.184055,-0.000421875
83.188055,0.0005078125
83.192055,5.46875e-05
83.196055,-0.0009218750000000001
83.200055,-0.0002578125
83.204055,-3.90625e-05
83.208055,0.00025
83.212055,7.8125e-05
83.216055,-0.0005703125
83.220055,2.34375e-05
83.224055,0.000515625
83.228055,4.6875e-05
83.232055,-0.0017734375
83.236055,1.5625e-05
83.240055,0.00071875
83.244055,0.0
83.248055,-0.0018984375
83.252055,3.125e-05
83.256055,0.0007890625
83.260058,3.90625e-05
83.264057,-0.0019921875
83.268057,-4.6875e-05
83.272056,0.0010546875
83.276056,2.34375e-05
83.280055,-0.0011171875000000001
83.284056,-0.0002890625
83.288055,0.0004765625
83.292056,0.000109375
83.296055,-0.000859375
83.300056,-0.0004375
83.304056,2.34375e-05
83.308056,0.0001953125
83.312055,7.031250000000001e-05
83.316055,-0.0008671875
83.320056,0.0
83.324055,0.000546875
83.328055,9.375e-05
83.332055,-0.001640625
83.336055,1.5625e-05
83.340055,0.0007421875
83.344055,-2.34375e-05
83.348055,-0.0020078125
83.352055,1.5625e-05
83.356055,0.0007109375
83.360055,7.031250000000001e-05
83.364055,-0.001796875
83.368055,4.6875e-05
83.372055,0.00096875
83.376055,0.0
83.380056,-0.00109375
83.384055,-0.0001640625
83.388055,0.0005
83.392055,0.0001875
83.396055,-0.000984375
83.400055,-0.0001796875
83.404055,1.5625e-05
83.408055,0.0002734375
83.412058,5.46875e-05
83.416057,-0.0006718750000000001
83.420056,6.25e-05
83.424056,0.00065625
83.428056,0.00014062500000000002
83.432055,-0.001796875
83.436055,5.46875e-05
83.440056,0.00084375
83.444055,1.5625e-05
83.448055,-0.0017578125
83.452055,7.8125e-06
83.456055,0.0008671875
83.460055,0.000109375
83.464055,-0.0016328125
83.468055,-3.125e-05
83.472055,0.0005703125
83.476056,0.00010156250000000001
83.480055,-0.0010703125
83.484055,-0.00028125000000000003
83.488055,0.00046875
83.492055,2.34375e-05
83.496055,-0.0007968750000000001
83.500055,-0.00033593750000000003
83.504055,0.000515625
83.508055,0.0003828125
83.512055,0.0001171875
83.516055,-0.0009296875000000001
83.520055,1.5625e-05
83.524055,0.00034375
83.528055,6.25e-05
83.532055,-0.00196875
83.536055,3.90625e-05
83.540032,0.0007968750000000001
83.544058,7.8125e-05
83.548056,-0.0019140625
83.552056,0.0
83.556055,0.0007968750000000001
83.560055,0.00010156250000000001
83.564055,-0.0019296875
83.568055,4.6875e-05
83.572055,0.0004921875
83.576055,4.6875e-05
83.580057,-0.0010703125
83.584057,6.25e-05
83.588057,0.0005234375
83.592056,-3.125e-05
83.596055,-0.0007734375
83.600056,-0.0005078125
83.604055,0.0007109375
83.608056,0.000421875
83.612055,3.90625e-05
83.616055,-0.0008125000000000001
83.620055,5.46875e-05
83.624055,0.00034375
83.628055,7.8125e-05
83.632055,-0.0018828125
83.636056,7.8125e-06
83.640056,0.0007968750000000001
83.644055,6.25e-05
83.648055,-0.002140625
83.652055,5.46875e-05
83.656055,0.0008125000000000001
83.660055,5.46875e-05
83.664055,-0.0019453125
83.668055,2.34375e-05
83.672054,0.00046093750000000003
83.676056,4.6875e-05
83.680057,-0.001078125
83.684056,3.125e-05
83.688056,0.000421875
83.692056,0.0001484375
83.696056,-0.0006640625
83.700055,-0.0005
83.704055,0.0006484375
83.708055,0.0003515625
83.712056,5.46875e-05
83.716055,-0.000890625
83.720056,-3.125e-05
83.724055,0.000359375
83.728055,0.00010156250000000001
83.732055,-0.001921875
83.736056,-1.5625e-05
83.740056,0.0007578125
83.744055,9.375e-05
83.748056,-0.00196875
83.752055,-2.34375e-05
83.756055,0.00071875
83.760055,0.0001171875
83.764055,-0.0018203125
83.768056,-2.34375e-05
83.772058,0.0005703125
83.776058,2.34375e-05
83.780056,-0.00090625
83.784056,0.0001796875
83.788055,0.00040625000000000004
83.792055,0.000328125
83.796055,-0.000734375
83.800056,-0.000453125
83.804056,0.0006171875
83.808055,0.000421875
83.812055,0.000109375
83.816057,-0.0008125000000000001
83.820056,2.34375e-05
83.824055,0.000296875
83.828056,3.90625e-05
83.832055,-0.0018593750000000001
83.836056,7.031250000000001e-05
83.840056,0.000875
83.844055,4.6875e-05
83.848055,-0.0020546875
83.852055,-5.46875e-05
83.856055,0.00075
83.860055,7.8125e-05
83.864055,-0.0018515625000000001
83.868056,-1.5625e-05
83.872055,0.0004765625
83.876055,4.6875e-05
83.880055,-0.0008671875
83.884055,0.0001796875
83.888055,0.0004921875
83.892055,0.000234375
83.896055,-0.0008046875000000001
83.900056,-0.0007734375
83.904055,0.0006953125
83.908055,0.0004296875
83.912055,3.90625e-05
83.916055,-0.0007968750000000001
83.920055,7.8125e-05
83.924056,0.00046875
83.928055,7.8125e-05
83.932055,-0.00190625
83.936056,-3.90625e-05
83.940056,0.0008203125
83.944055,7.031250000000001e-05
83.948055,-0.002046875
83.952055,0.0
83.956056,0.0007890625
83.960055,3.90625e-05
83.964055,-0.0018828125
83.968055,-3.125e-05
83.972055,0.0005390625
83.976056,-0.000171875
83.980055,-0.001
83.984055,-7.031250000000001e-05
83.988055,0.0005234375
83.992055,0.0001640625
83.996055,-0.000734375
84.000055,-0.00090625
84.004055,0.0004453125
84.008055,0.000375
84.012054,0.0
84.016055,-0.0008828125
84.020056,2.34375e-05
84.024055,0.0003515625
84.028056,0.0001171875
84.032055,-0.0010234375
84.036055,-6.25e-05
84.040055,0.0008828125
84.044055,0.000109375
84.048055,-0.002046875
84.052055,3.90625e-05
84.056055,0.0007265625
84.060055,5.46875e-05
84.064055,-0.0020703125
84.068056,-3.125e-05
84.072055,0.0008359375
84.076055,-7.8125e-05
84.080056,-0.0009453125
84.084055,0.0
84.088055,0.0005
84.092055,-0.0001328125
84.096055,-0.000640625
84.100056,-0.0008046875000000001
84.104055,0.0001796875
84.108056,0.0003828125
84.112055,3.90625e-05
84.116055,-0.0007968750000000001
84.120054,2.34375e-05
84.124056,0.00033593750000000003
84.128055,6.25e-05
84.132055,-0.0008828125
84.136055,1.5625e-05
84.140056,0.0009140625
84.144055,7.031250000000001e-05
84.148055,-0.001875
84.152055,5.46875e-05
84.156055,0.0008125000000000001
84.160055,7.8125e-05
84.164055,-0.0020390625
84.168055,9.375e-05
84.172055,0.0008359375
84.176055,7.8125e-06
84.180055,-0.000765625
84.184054,-1.5625e-05
84.188055,0.000609375
84.192055,-7.8125e-06
84.196055,-0.0002265625
84.200055,-0.0008203125
84.204055,-7.8125e-06
84.208055,0.0002890625
84.212055,3.125e-05
84.216055,-0.0009765625
84.220056,0.0
84.224055,0.0004453125
84.228055,7.8125e-05
84.232055,-0.0011093750000000001
84.236055,-7.031250000000001e-05
84.240055,0.0007578125
84.244055,0.0001171875
84.248055,-0.00196875
84.252055,1.5625e-05
84.256055,0.0008046875000000001
84.260055,3.90625e-05
84.264058,-0.00196875
84.268059,-4.6875e-05
84.272056,0.000859375
84.276056,-8.59375e-05
84.280055,-0.0007968750000000001
84.284056,-5.46875e-05
84.288055,0.0006484375
84.292055,3.90625e-05
84.296055,-1.5625e-05
84.300056,-0.000828125
84.304055,-3.125e-05
84.308055,0.000359375
84.312056,-2.34375e-05
84.316056,-0.00084375
84.320055,2.34375e-05
84.324055,0.000421875
84.328055,0.0001171875
84.332055,-0.0010859375
84.336055,-5.46875e-05
84.340055,0.000734375
84.344055,9.375e-05
84.348055,-0.0018984375
84.352055,-5.46875e-05
84.356055,0.0007734375
84.360055,3.125e-05
84.364055,-0.0022187500000000002
84.368055,6.25e-05
84.372055,0.0008515625
84.376055,-5.46875e-05
84.380055,-0.0007265625
84.384055,-0.00015625
84.388055,0.00059375
84.392055,-3.125e-05
84.396055,7.8125e-06
84.400055,-0.000703125
84.404055,7.031250000000001e-05
84.408055,0.00034375
84.412058,2.34375e-05
84.416055,-0.0010625
84.420055,-3.125e-05
84.424055,0.0003671875
84.428055,4.6875e-05
84.432055,-0.00096875
84.436056,1.5625e-05
84.440055,0.0006718750000000001
84.444055,5.46875e-05
84.448055,-0.0018359375000000001
84.452055,4.6875e-05
84.456056,0.000828125
84.460055,7.8125e-06
84.464055,-0.0020078125
84.468055,0.0002109375
84.472055,0.0008828125
84.476055,-7.8125e-06
84.480055,-0.0007265625
84.484055,-9.375e-05
84.488055,0.0006796875000000001
84.492055,-1.5625e-05
84.496055,7.8125e-06
84.500055,-0.0008515625
84.504055,-3.125e-05
84.508054,0.000390625
84.512056,1.5625e-05
84.516055,-0.0011171875000000001
84.520055,2.34375e-05
84.524055,0.000328125
84.528055,6.25e-05
84.532055,-0.001390625
84.536055,4.6875e-05
84.540055,0.0003671875
84.544058,7.8125e-06
84.548056,-0.0017578125
84.552056,-2.34375e-05
84.556055,0.000828125
84.560055,3.90625e-05
84.564055,-0.0021484375
84.568055,0.00014062500000000002
84.572055,0.0009218750000000001
84.576055,2.34375e-05
84.580056,-0.00203125
84.584055,0.000171875
84.588056,0.0007734375
84.592056,0.0001328125
84.596055,0.0
84.600055,-2.34375e-05
84.604056,1.5625e-05
84.608055,0.000453125
84.612055,7.8125e-05
84.616055,-0.00071875
84.620055,-6.25e-05
84.624055,0.00053125
84.628055,0.000109375
84.632055,-0.0010078125
84.636055,7.8125e-06
84.640055,0.0005234375
84.644055,7.8125e-05
84.648055,-0.0019765625
84.652055,3.90625e-05
84.656055,0.000875
84.660055,4.6875e-05
84.664055,-0.0021171875
84.668055,-7.031250000000001e-05
84.672055,0.00096875
84.676055,-0.00010156250000000001
84.680057,-0.002171875
84.684055,-8.59375e-05
84.688055,0.0004765625
84.692054,8.59375e-05
84.696055,-2.34375e-05
84.700056,0.0
84.704055,-5.46875e-05
84.708055,0.00040625000000000004
84.712055,0.00010156250000000001
84.716055,-0.001015625
84.720055,5.46875e-05
84.724056,0.00039843750000000003
84.728055,7.031250000000001e-05
84.732055,-0.001390625
84.736055,2.34375e-05
84.740063,0.0006015625
84.744057,2.34375e-05
84.748056,-0.0019921875
84.752055,-7.8125e-05
84.756055,0.0008203125
84.760058,5.46875e-05
84.764059,-0.0022187500000000002
84.768057,0.000109375
84.772056,0.0009218750000000001
84.776055,4.6875e-05
84.780055,-0.0023125
84.784055,-0.000109375
84.788056,2.34375e-05
84.792055,-4.6875e-05
84.796055,7.031250000000001e-05
84.800056,-9.375e-05
84.804056,2.34375e-05
84.808057,0.0004140625
84.812056,6.25e-05
84.816056,-0.0010234375
84.820055,2.34375e-05
84.824055,0.00040625000000000004
84.828055,7.8125e-05
84.832055,-0.0013359375
84.836055,3.90625e-05
84.840056,0.00040625000000000004
84.844055,-1.5625e-05
84.848055,-0.0018828125
84.852055,-3.125e-05
84.856055,0.0008203125
84.860056,0.0
84.864055,-0.0023828125
84.868055,1.5625e-05
84.872055,0.0008984375
84.876055,0.0001484375
84.880059,-0.004671875
84.884056,7.031250000000001e-05
84.888056,0.0
84.892055,0.000171875
84.896055,4.6875e-05
84.900055,-2.34375e-05
84.904055,-7.8125e-06
84.908055,0.000484375
84.912055,2.34375e-05
84.916055,-0.0010234375
84.920055,3.90625e-05
84.924056,0.0005625000000000001
84.928055,7.031250000000001e-05
84.932056,-0.00109375
84.936056,-3.125e-05
84.940055,0.0005859375
84.944055,3.90625e-05
84.948054,-0.00190625
84.952055,-4.6875e-05
84.956055,0.000890625
84.960055,3.125e-05
84.964055,-0.0021875
84.968055,-8.59375e-05
84.972055,0.0008984375
84.976055,-7.8125e-06
84.980055,-0.0046875
84.984055,-4.6875e-05
84.988055,-7.8125e-06
84.992055,-4.6875e-05
84.996055,5.46875e-05
85.000055,7.8125e-06
85.004084,-3.90625e-05
85.008055,0.00033593750000000003
85.012056,7.031250000000001e-05
85.016055,-0.001171875
85.020055,-2.34375e-05
85.024055,0.0005390625
85.028055,3.125e-05
85.032055,-0.001328125
85.036055,-1.5625e-05
85.040056,0.0004921875
85.044055,9.375e-05
85.048055,-0.001796875
85.052055,7.8125e-06
85.056055,0.0009375
85.060055,2.34375e-05
85.064055,-0.002328125
85.068055,0.0
85.072055,0.0007890625
85.076055,-2.34375e-05
85.080056,-0.0020859375
85.084056,-8.59375e-05
85.088055,0.0009375
85.092055,-7.8125e-05
85.096055,6.25e-05
85.100055,0.0
85.104055,-7.8125e-06
85.108055,-3.90625e-05
85.112055,5.46875e-05
85.116055,-0.0010703125
85.120056,7.8125e-06
85.124055,0.000546875
85.128055,6.25e-05
85.132055,-0.001203125
85.136055,-4.6875e-05
85.140054,0.0006718750000000001
85.144054,7.031250000000001e-05
85.148056,-0.00140625
85.152055,-7.8125e-06
85.156056,0.0009218750000000001
85.160056,0.0
85.164055,-0.0022343750000000002
85.168055,-7.8125e-06
85.172055,0.0008828125
85.176055,0.0001171875
85.180055,-0.00203125
85.184055,-5.46875e-05
85.188055,0.0009453125
85.192055,-7.031250000000001e-05
85.196055,7.031250000000001e-05
85.200055,0.000109375
85.204055,1.5625e-05
85.208054,7.8125e-06
85.212056,9.375e-05
85.216055,-0.0014921875
85.220055,3.125e-05
85.224055,0.000453125
85.228055,4.6875e-05
85.232055,-0.0014765625
85.236056,-2.34375e-05
85.240055,0.0005703125
85.244055,9.375e-05
85.248055,-0.0015546875
85.252055,3.90625e-05
85.256055,0.000953125
85.260058,8.59375e-05
85.264058,-0.002140625
85.268056,-3.125e-05
85.272055,0.0008984375
85.276055,7.031250000000001e-05
85.280055,-0.0041015625
85.284056,-7.8125e-05
85.288055,0.0009453125
85.292055,-7.031250000000001e-05
85.296055,5.46875e-05
85.300055,-3.90625e-05
85.304057,1.5625e-05
85.308056,-0.00010156250000000001
85.312056,9.375e-05
85.316056,-0.001234375
85.320056,2.34375e-05
85.324056,0.0004765625
85.328055,7.8125e-05
85.332055,-0.0014140625
85.336055,-7.8125e-06
85.340056,0.0006171875
85.344056,0.000109375
85.348055,-0.00171875
85.352055,0.0
85.356055,0.0009296875000000001
85.360055,8.59375e-05
85.364056,-0.0020546875
85.368055,1.5625e-05
85.372055,0.0009453125
85.376055,3.125e-05
85.380056,-0.00209375
85.384055,-3.90625e-05
85.388055,0.0010546875
85.392055,-9.375e-05
85.396055,9.375e-05
85.400056,0.000109375
85.404056,3.125e-05
85.408055,3.90625e-05
85.412055,7.031250000000001e-05
85.416056,-0.0011250000000000001
85.420055,6.25e-05
85.424055,0.000546875
85.428055,0.00010156250000000001
85.432055,-0.001296875
85.436055,3.90625e-05
85.440056,0.00071875
85.444056,3.125e-05
85.448055,-0.0014609375
85.452055,1.5625e-05
85.456055,0.001015625
85.460055,9.375e-05
85.464055,-0.0021875
85.468055,1.5625e-05
85.472055,0.0009140625
85.476056,7.8125e-06
85.480055,-0.0020625
85.484056,-3.125e-05
85.488055,0.0009765625
85.492056,-8.59375e-05
85.496055,7.031250000000001e-05
85.500055,-6.25e-05
85.504055,2.34375e-05
85.508055,0.0001875
85.512055,9.375e-05
85.516055,-0.0015
85.520055,3.125e-05
85.524055,0.00039843750000000003
85.528055,7.8125e-05
85.532055,-0.0014765625
85.53606,4.6875e-05
85.540057,0.000609375
85.544056,6.25e-05
85.548056,-0.0015703125
85.552055,4.6875e-05
85.556055,0.00065625
85.560055,6.25e-05
85.564056,-0.00471875
85.568055,4.6875e-05
85.572055,0.0009296875000000001
85.576055,-5.46875e-05
85.580056,-0.00209375
85.584056,2.34375e-05
85.588056,0.0009609375
85.592055,-0.00014062500000000002
85.596056,-0.0044296875000000005
85.600055,-0.0001953125
85.604056,3.90625e-05
85.608055,0.0
85.612055,7.031250000000001e-05
85.616055,-0.000359375
85.620054,3.90625e-05
85.624055,0.000609375
85.628056,7.031250000000001e-05
85.632055,-0.0015625
85.636055,3.90625e-05
85.640055,0.0006015625
85.644056,3.90625e-05
85.648055,-0.0018359375000000001
85.652055,2.34375e-05
85.656054,0.000625
85.660055,3.90625e-05
85.664055,-0.00190625
85.668056,-2.34375e-05
85.672055,0.000953125
85.676055,1.5625e-05
85.680057,-0.002171875
85.684056,1.5625e-05
85.688055,0.0009375
85.692056,7.8125e-05
85.696055,-0.0018125
85.700055,-1.5625e-05
85.704055,0.0
85.708055,7.8125e-06
85.712055,7.031250000000001e-05
85.716055,-0.0004296875
85.720055,1.5625e-05
85.724056,0.0006875
85.728055,0.000109375
85.732056,-0.0014921875
85.736055,2.34375e-05
85.740056,0.0006718750000000001
85.744055,0.000109375
85.748055,-0.001515625
85.752055,0.0
85.756055,0.000734375
85.760055,7.031250000000001e-05
85.764055,-0.002296875
85.768059,3.125e-05
85.772062,0.0008984375
85.776058,0.0
85.780056,-0.001921875
85.784055,-7.8125e-05
85.788055,0.0009921875
85.792055,0.0
85.796056,-0.002
85.800056,-0.0001796875
85.804056,2.34375e-05
85.808058,6.25e-05
85.812057,7.8125e-05
85.816056,-0.0003203125
85.820056,-1.5625e-05
85.824056,0.0004140625
85.828055,4.6875e-05
85.832055,-0.001640625
85.836055,7.8125e-06
85.840056,0.00065625
85.844055,7.031250000000001e-05
85.848055,-0.0015390625
85.852056,7.8125e-06
85.856055,0.0006875
85.860056,6.25e-05
85.864055,-0.002265625
85.868055,2.34375e-05
85.872055,0.0009921875
85.876055,4.6875e-05
85.880054,-0.0020703125
85.884055,-6.25e-05
85.888055,0.000984375
85.892055,0.0
85.896055,-0.0018046875
85.900056,-0.0001875
85.904055,2.34375e-05
85.908055,9.375e-05
85.912055,8.59375e-05
85.916055,-0.0004375
85.920055,3.90625e-05
85.924055,0.0006328125
85.928055,9.375e-05
85.932055,-0.0018125
85.936056,4.6875e-05
85.940055,0.0005859375
85.944055,5.46875e-05
85.948055,-0.001484375
85.952056,-6.25e-05
85.956055,0.0005859375
85.960056,9.375e-05
85.964055,-0.0022578125
85.968055,-1.5625e-05
85.972054,0.0009765625
85.976055,3.90625e-05
85.980055,-0.0022500000000000003
85.984055,-3.90625e-05
85.988055,0.00103125
85.992055,2.34375e-05
85.996055,-0.001796875
86.000055,-0.000375
86.004055,7.8125e-06
86.008055,3.125e-05
86.012055,3.125e-05
86.016055,-0.000359375
86.020055,-3.90625e-05
86.024055,0.00053125
86.028055,9.375e-05
86.032055,-0.00153125
86.036055,9.375e-05
86.040056,0.0006875
86.044055,3.90625e-05
86.048055,-0.00153125
86.052055,1.5625e-05
86.056055,0.0006718750000000001
86.060055,1.5625e-05
86.064055,-0.0022265625000000002
86.068055,-4.6875e-05
86.072055,0.0009453125
86.076055,6.25e-05
86.080055,-0.001984375
86.084055,-2.34375e-05
86.088056,0.00109375
86.092055,0.00010156250000000001
86.096055,-0.0015
86.100055,-0.00034375
86.104056,0.000546875
86.108055,0.0001796875
86.112055,3.125e-05
86.116055,-0.0005625000000000001
86.120055,2.34375e-05
86.124055,0.0
86.128055,0.00010156250000000001
86.132055,-0.0015859375
86.136055,-1.5625e-05
86.140055,0.0006015625
86.144055,7.8125e-05
86.148055,-0.00175
86.152056,3.125e-05
86.156056,0.000609375
86.160055,8.59375e-05
86.164055,-0.0020546875
86.168054,4.6875e-05
86.172055,0.000890625
86.176055,7.8125e-05
86.180055,-0.0016093750000000001
86.184055,2.34375e-05
86.188055,0.001078125
86.192055,0.00015625
86.196055,-0.0036953125000000002
86.200056,-0.0001328125
86.204055,0.000515625
86.208055,0.0001875
86.212055,0.00010156250000000001
86.216055,-0.0001484375
86.220056,3.125e-05
86.224055,0.00015625
86.228055,7.8125e-05
86.232054,-0.0015
86.236056,2.34375e-05
86.240055,0.000609375
86.244055,5.46875e-05
86.248056,-0.001703125
86.252056,5.46875e-05
86.256055,0.0006640625
86.260055,7.8125e-06
86.264058,-0.0016328125
86.268062,0.0
86.272057,0.0008515625
86.276056,7.8125e-05
86.280055,-0.002
86.284056,7.8125e-06
86.288055,0.001046875
86.292055,3.90625e-05
86.296055,-0.0037187500000000003
86.300055,-0.0002890625
86.304056,0.0004375
86.308056,5.46875e-05
86.312058,9.375e-05
86.316056,-0.0003046875
86.320056,-2.34375e-05
86.324056,0.0002109375
86.328056,7.8125e-05
86.332055,-0.001671875
86.336055,3.90625e-05
86.340055,0.00046093750000000003
86.344055,8.59375e-05
86.348055,-0.00171875
86.352055,3.125e-05
86.356055,0.00075
86.360056,9.375e-05
86.364055,-0.00178125
86.368055,-6.25e-05
86.372055,0.001015625
86.376055,5.46875e-05
86.380056,-0.0018203125
86.384055,-1.5625e-05
86.388055,0.00128125
86.392055,0.000171875
86.396055,-0.001265625
86.400056,-0.000296875
86.404055,0.00046875
86.408055,-3.125e-05
86.412055,0.000109375
86.416056,-0.00053125
86.420056,1.5625e-05
86.424055,-2.34375e-05
86.428055,9.375e-05
86.432055,-0.0019140625
86.436055,-3.90625e-05
86.440055,0.000640625
86.444055,9.375e-05
86.448055,-0.0016484375
86.452055,3.125e-05
86.456055,0.0006640625
86.460056,1.5625e-05
86.464055,-0.0022265625000000002
86.468055,-0.000109375
86.472055,0.00103125
86.476055,7.8125e-05
86.480055,-0.0018203125
86.484056,-2.34375e-05
86.488055,0.001171875
86.492055,9.375e-05
86.496055,-0.0011250000000000001
86.500056,-0.00014062500000000002
86.504055,0.0004453125
86.508054,0.0001484375
86.512056,7.8125e-05
86.516055,-0.000234375
86.520055,-2.34375e-05
86.524055,0.00014062500000000002
86.528055,4.6875e-05
86.532055,-0.00140625
86.536055,6.25e-05
86.540055,0.0007265625
86.544068,8.59375e-05
86.548058,-0.0015703125
86.552056,3.125e-05
86.556056,0.0008203125
86.560055,3.125e-05
86.564056,-0.0018359375000000001
86.568055,-1.5625e-05
86.572055,0.0009375
86.576055,4.6875e-05
86.580056,-0.0020390625
86.584054,-3.125e-05
86.588057,0.000734375
86.592056,7.8125e-05
86.596056,-0.0010859375
86.600056,-0.0005078125
86.604055,0.0004453125
86.608055,0.0001171875
86.612055,-0.0009375
86.616055,-0.00028125000000000003
86.620056,-4.6875e-05
86.624055,0.0001875
86.628056,4.6875e-05
86.632055,-0.000765625
86.636055,-2.34375e-05
86.640056,0.0005546875000000001
86.644055,9.375e-05
86.648055,-0.0019140625
86.652056,2.34375e-05
86.656055,0.0006171875
86.660056,7.031250000000001e-05
86.664055,-0.0019296875
86.668055,0.0
86.672055,0.0008203125
86.676055,5.46875e-05
86.680057,-0.0037421875000000003
86.684055,3.125e-05
86.688055,0.0005390625
86.692056,9.375e-05
86.696056,-0.0011093750000000001
86.700055,-0.00039843750000000003
86.704055,0.00046875
86.708055,-7.8125e-06
86.712055,-0.000734375
86.716056,-0.0005078125
86.720055,4.6875e-05
86.724055,0.0003203125
86.728055,2.34375e-05
86.732056,-0.0008359375
86.736055,-1.5625e-05
86.740054,0.000640625
86.744055,0.0001328125
86.748055,-0.0017734375
86.752056,-3.90625e-05
86.756055,0.0007734375
86.760059,3.125e-05
86.764062,-0.0018984375
86.768057,-2.34375e-05
86.772056,0.0007968750000000001
86.776055,7.8125e-05
86.780055,-0.0037890625
86.784056,-3.90625e-05
86.788056,0.0005
86.792056,-0.00010156250000000001
86.796056,-0.0010859375
86.800056,-0.0002109375
86.804057,0.0004296875
86.808057,0.000234375
86.812056,-0.0006796875000000001
86.816055,-0.0005234375
86.820056,-0.0001328125
86.824055,0.0003828125
86.828055,0.00010156250000000001
86.832055,-0.000609375
86.836055,0.0
86.840056,0.0007265625
86.844055,0.0001484375
86.848055,-0.0018125
86.852055,3.90625e-05
86.856055,0.0008359375
86.860055,4.6875e-05
86.864055,-0.0020546875
86.868055,7.8125e-06
86.872055,0.0007734375
86.876055,-3.125e-05
86.880056,-0.0010859375
86.884055,6.25e-05
86.888055,0.000515625
86.892055,-6.25e-05
86.896055,-0.0010234375
86.900055,-0.0003828125
86.904055,0.000453125
86.908055,0.0002109375
86.912055,-0.00096875
86.916055,-0.0008671875
86.920055,7.031250000000001e-05
86.924055,0.000265625
86.928055,9.375e-05
86.932055,-0.000953125
86.936055,7.8125e-06
86.940055,0.0007421875
86.944055,6.25e-05
86.948055,-0.001875
86.952056,-0.00010156250000000001
86.956055,0.000765625
86.960056,2.34375e-05
86.964055,-0.0019765625
86.968055,5.46875e-05
86.972056,0.0006640625
86.976055,7.031250000000001e-05
86.980055,-0.0011328125
86.984055,-3.90625e-05
86.988055,0.0005234375
86.992056,3.125e-05
86.996054,-0.0008515625
87.000055,-0.000375
87.004055,0.00059375
87.008055,0.0001640625
87.012055,-0.0006796875000000001
87.016055,-0.0007578125
87.020056,7.8125e-06
87.024055,0.000453125
87.028055,7.031250000000001e-05
87.032056,-0.0007734375
87.036055,-3.125e-05
87.040055,0.0007578125
87.044055,7.031250000000001e-05
87.048055,-0.002
87.052055,-7.8125e-06
87.056056,0.000890625
87.060055,8.59375e-05
87.064055,-0.0017890625
87.068055,6.25e-05
87.072055,0.000703125
87.076055,4.6875e-05
87.080055,-0.0011171875000000001
87.084055,4.6875e-05
87.088055,0.000453125
87.092055,-9.375e-05
87.096055,-0.000734375
87.100055,-2.34375e-05
87.104056,0.000625
87.108055,0.000328125
87.112055,-0.00025
87.116055,-0.0008203125
87.120056,0.00020312500000000002
87.124055,0.00028125000000000003
87.128055,5.46875e-05
87.132055,-0.0008125000000000001
87.136055,0.0
87.140055,0.000390625
87.144055,7.8125e-05
87.148055,-0.0019609375
87.152056,-7.031250000000001e-05
87.156055,0.0008203125
87.160056,0.0
87.164055,-0.00196875
87.168055,4.6875e-05
87.172055,0.0007734375
87.176055,1.5625e-05
87.180056,-0.0020859375
87.184056,1.5625e-05
87.188054,0.0004765625
87.192054,-0.0001640625
87.196056,-0.0008125000000000001
87.200055,-1.5625e-05
87.204055,0.000421875
87.208055,0.00034375
87.212055,-7.8125e-05
87.216055,-0.00084375
87.220055,7.8125e-05
87.224055,0.0002734375
87.228055,0.000125
87.232056,-0.0009140625
87.236055,5.46875e-05
87.240055,0.0003828125
87.244055,6.25e-05
87.248055,-0.001953125
87.252055,4.6875e-05
87.256055,0.0007890625
87.260055,5.46875e-05
87.264055,-0.001984375
87.268058,-3.125e-05
87.272062,0.0008203125
87.276058,0.0
87.280056,-0.0020078125
87.284056,8.59375e-05
87.288056,0.0004921875
87.292055,0.0
87.296055,-0.00059375
87.300055,0.00010156250000000001
87.304055,0.00059375
87.308056,0.0004765625
87.312055,-7.8125e-06
87.316055,-0.00078125
87.320055,-3.90625e-05
87.324056,0.000421875
87.328055,6.25e-05
87.332056,-0.0007890625
87.336055,3.125e-05
87.340056,0.000390625
87.344056,7.8125e-05
87.348055,-0.0018984375
87.352055,1.5625e-05
87.356055,0.0008046875000000001
87.360054,3.125e-05
87.364055,-0.001953125
87.368055,2.34375e-05
87.372055,0.0007890625
87.376055,0.0
87.380056,-0.002109375
87.384055,0.000125
87.388055,0.00046875
87.392055,7.031250000000001e-05
87.396055,-0.0008046875000000001
87.400056,3.90625e-05
87.404055,0.0008359375
87.408055,0.00033593750000000003
87.412055,2.34375e-05
87.416055,-0.0007109375
87.420055,-3.125e-05
87.424055,0.0003828125
87.428055,9.375e-05
87.432055,-0.0009140625
87.436055,0.0
87.440056,0.0005
87.444055,3.125e-05
87.448055,-0.0021953125
87.452055,-7.8125e-06
87.456055,0.0007734375
87.460055,9.375e-05
87.464055,-0.0020390625
87.468055,5.46875e-05
87.472055,0.00084375
87.476055,-5.46875e-05
87.480055,-0.0022500000000000003
87.484055,-7.031250000000001e-05
87.488056,0.00040625000000000004
87.492055,-0.000171875
87.496056,-0.0008515625
87.500056,-0.000171875
87.504055,0.00046093750000000003
87.508055,0.000359375
87.512055,1.5625e-05
87.516055,-0.0008125000000000001
87.520056,4.6875e-05
87.524055,0.00040625000000000004
87.528055,7.031250000000001e-05
87.532058,-0.001078125
87.536057,-7.8125e-06
87.540056,0.0003046875
87.544056,2.34375e-05
87.548055,-0.0020390625
87.552055,7.8125e-06
87.556055,0.0006640625
87.560055,3.125e-05
87.564055,-0.0018437500000000001
87.568055,7.031250000000001e-05
87.572055,0.0008125000000000001
87.576056,8.59375e-05
87.580056,-0.00209375
87.584056,0.0001171875
87.588056,0.0005703125
87.592055,-4.6875e-05
87.596055,-0.000484375
87.600056,6.25e-05
87.604055,0.0002265625
87.608055,0.000296875
87.612055,3.90625e-05
87.616055,-0.0007109375
87.620055,3.90625e-05
87.624056,0.000328125
87.628055,6.25e-05
87.632055,-0.0008671875
87.636056,7.8125e-06
87.640056,0.00039843750000000003
87.644055,7.031250000000001e-05
87.648056,-0.0013359375
87.652055,-2.34375e-05
87.656055,0.00084375
87.660055,0.0
87.664055,-0.001828125
87.668054,4.6875e-05
87.672055,0.000890625
87.676055,7.8125e-06
87.680057,-0.0021953125
87.684056,0.00015625
87.688055,0.000859375
87.692055,0.0001171875
87.696056,-2.34375e-05
87.700055,0.000125
87.704056,-7.8125e-06
87.708055,7.8125e-05
87.712055,1.5625e-05
87.716055,-0.00078125
87.720055,1.5625e-05
87.724055,0.000484375
87.728055,6.25e-05
87.732055,-0.0011171875000000001
87.736055,-7.8125e-06
87.740055,0.000453125
87.744056,8.59375e-05
87.748055,-0.0012734375
87.752056,-3.125e-05
87.756055,0.000625
87.760079,8.59375e-05
87.764058,-0.0020390625
87.768055,-2.34375e-05
87.772055,0.00090625
87.776055,-0.0001484375
87.780056,-0.0022031250000000002
87.784055,-7.8125e-06
87.788055,0.000953125
87.792055,-3.90625e-05
87.796055,7.8125e-06
87.800056,1.5625e-05
87.804056,3.125e-05
87.808056,7.8125e-05
87.812056,8.59375e-05
87.816056,-0.0009296875000000001
87.820056,2.34375e-05
87.824056,0.0004375
87.828055,8.59375e-05
87.832055,-0.00125
87.836056,1.5625e-05
87.840056,0.0004921875
87.844056,1.5625e-05
87.848055,-0.001140625
87.852055,-8.59375e-05
87.856055,0.0008203125
87.860055,7.031250000000001e-05
87.864055,-0.0020546875
87.868055,7.8125e-06
87.872055,0.0009140625
87.876055,2.34375e-05
87.880055,-0.0024609375
87.884055,-0.00014062500000000002
87.888055,0.0008515625
87.892054,-3.90625e-05
87.896054,-7.8125e-06
87.900056,-0.000109375
87.904055,7.8125e-06
87.908055,-4.6875e-05
87.912055,9.375e-05
87.916055,-0.0009140625
87.920055,7.8125e-06
87.924055,0.0004296875
87.928055,3.90625e-05
87.932055,-0.0015
87.936055,2.34375e-05
87.940055,0.0004140625
87.944055,6.25e-05
87.948055,-0.001328125
87.952055,2.34375e-05
87.956055,0.00084375
87.960055,0.000109375
87.964055,-0.0021484375
87.968055,-1.5625e-05
87.972055,0.000953125
87.976055,7.031250000000001e-05
87.980055,-0.002265625
87.984056,0.00010156250000000001
87.988055,0.0009218750000000001
87.992056,7.031250000000001e-05
87.996056,6.25e-05
88.000056,-7.8125e-06
88.004055,0.0
88.008055,-4.6875e-05
88.012055,0.0
88.016055,-0.0007734375
88.020055,0.0
88.024054,0.0004375
88.028055,9.375e-05
88.032055,-0.0010546875
88.036055,-3.90625e-05
88.040055,0.000609375
88.044055,3.125e-05
88.048055,-0.0013437500000000001
88.052055,3.125e-05
88.056055,0.0008515625
88.060055,2.34375e-05
88.064055,-0.002171875
88.068056,-5.46875e-05
88.072055,0.0009140625
88.076055,-6.25e-05
88.080055,-0.0020234375
88.084055,-0.0001640625
88.088055,0.00096875
88.092055,-7.8125e-06
88.096055,3.90625e-05
88.100056,-7.8125e-05
88.104056,2.34375e-05
88.108055,-0.000125
88.112055,5.46875e-05
88.116055,-0.00109375
88.120055,-2.34375e-05
88.124055,0.0003828125
88.128055,6.25e-05
88.132055,-0.00140625
88.136055,-3.125e-05
88.140056,0.000546875
88.144055,7.8125e-05
88.148055,-0.0014921875
88.152056,-2.34375e-05
88.156055,0.0005859375
88.160055,7.031250000000001e-05
88.164055,-0.002171875
88.168055,3.90625e-05
88.172055,0.000875
88.176056,-1.5625e-05
88.180055,-0.0044140625000000005
88.184055,-7.031250000000001e-05
88.188055,0.0009921875
88.192055,-2.34375e-05
88.196055,-0.0023203125
88.200055,-4.6875e-05
88.204055,-1.5625e-05
88.208055,-3.125e-05
88.212054,7.031250000000001e-05
88.216054,7.8125e-05
88.220055,-3.125e-05
88.224055,0.0005859375
88.228055,0.0001171875
88.232055,-0.0012578125
88.236055,7.8125e-06
88.240056,0.0005546875000000001
88.244055,7.031250000000001e-05
88.248055,-0.0016640625
88.252055,3.90625e-05
88.256055,0.00053125
88.260057,7.8125e-06
88.264057,-0.00234375
88.268056,3.90625e-05
88.272056,0.0009140625
88.276055,6.25e-05
88.280055,-0.002171875
88.284056,-5.46875e-05
88.288055,0.0009296875000000001
88.292055,-8.59375e-05
88.296056,-0.0022109375000000002
88.300056,-6.25e-05
88.304056,7.8125e-06
88.308056,-4.6875e-05
88.312056,3.90625e-05
88.316055,-0.00020312500000000002
88.320055,-1.5625e-05
88.324055,0.0006171875
88.328056,0.0
88.332055,-0.0013671875000000001
88.336055,1.5625e-05
88.340055,0.0005703125
88.344056,8.59375e-05
88.348055,-0.001703125
88.352056,-3.125e-05
88.356055,0.00065625
88.360055,3.125e-05
88.364055,-0.0021328125
88.368055,-2.34375e-05
88.372055,0.001
88.376055,4.6875e-05
88.380055,-0.0022734375
88.384055,2.34375e-05
88.388055,0.0008984375
88.392055,-1.5625e-05
88.396055,-0.002328125
88.400056,-7.8125e-06
88.404055,-7.8125e-06
88.408055,-7.8125e-06
88.412055,7.031250000000001e-05
88.416055,-0.0001796875
88.420055,3.90625e-05
88.424056,0.000546875
88.428055,0.0
88.432055,-0.0011328125
88.436055,-7.031250000000001e-05
88.440055,0.0006796875000000001
88.444055,7.8125e-05
88.448055,-0.001546875
88.452055,3.125e-05
88.456055,0.00071875
88.460056,6.25e-05
88.464055,-0.0020390625
88.468055,3.125e-05
88.472055,0.0008828125
88.476055,-5.46875e-05
88.480056,-0.0022421875000000003
88.484055,-0.00025
88.488055,0.000953125
88.492055,-0.0001484375
88.496055,-0.00196875
88.500055,0.00015625
88.504055,1.5625e-05
88.508055,3.125e-05
88.512055,7.8125e-05
88.516055,-0.0001640625
88.520055,7.8125e-06
88.524055,0.000578125
88.528055,8.59375e-05
88.532055,-0.0013437500000000001
88.53603,1.5625e-05
88.540058,0.00065625
88.544056,2.34375e-05
88.548056,-0.0016250000000000001
88.552055,-3.125e-05
88.556056,0.0007734375
88.560055,2.34375e-05
88.564055,-0.002375
88.568055,-7.8125e-06
88.572056,0.0009453125
88.576056,6.25e-05
88.580056,-0.0023359375
88.584056,4.6875e-05
88.588056,0.00096875
88.592056,-2.34375e-05
88.596055,-0.0020078125
88.600056,3.90625e-05
88.604055,-1.5625e-05
88.608055,0.0001328125
88.612055,4.6875e-05
88.616055,-0.0003046875
88.620056,-6.25e-05
88.624055,0.0004921875
88.628055,7.8125e-05
88.632055,-0.0016093750000000001
88.636055,-7.8125e-06
88.640055,0.0005859375
88.644055,1.5625e-05
88.648055,-0.00171875
88.652055,-6.25e-05
88.656055,0.0005234375
88.660055,5.46875e-05
88.664055,-0.0019765625
88.668055,2.34375e-05
88.672055,0.00096875
88.676055,3.125e-05
88.680057,-0.002
88.684056,0.0
88.688056,0.0010234375
88.692054,-9.375e-05
88.696055,-0.0018125
88.700056,-0.0001640625
88.704056,0.0011015625000000001
88.708055,6.25e-05
88.712055,7.031250000000001e-05
88.716055,-0.00033593750000000003
88.720055,-9.375e-05
88.724055,0.0001875
88.728055,8.59375e-05
88.732055,-0.001390625
88.736055,6.25e-05
88.740058,0.0007578125
88.744058,0.00010156250000000001
88.748056,-0.001546875
88.752055,-2.34375e-05
88.756055,0.000578125
88.760056,8.59375e-05
88.764055,-0.0016093750000000001
88.76806,-6.25e-05
88.772059,0.0009140625
88.776056,4.6875e-05
88.780056,-0.0020390625
88.784055,-2.34375e-05
88.788054,0.0010234375
88.792055,-3.90625e-05
88.796054,-0.0028046875
88.800056,-0.000125
88.804055,0.0012421875
88.808055,9.375e-05
88.812057,0.0001328125
88.816057,-0.000390625
88.820056,-7.8125e-06
88.824056,3.90625e-05
88.828055,7.031250000000001e-05
88.832055,-0.0016015625000000001
88.836055,7.8125e-05
88.840056,0.000640625
88.844055,0.00010156250000000001
88.848055,-0.0016640625
88.852055,-8.59375e-05
88.856055,0.0005078125
88.860055,5.46875e-05
88.864056,-0.0017109375
88.868055,2.34375e-05
88.872055,0.000984375
88.876055,-1.5625e-05
88.880056,-0.0020390625
88.884055,7.8125e-06
88.888055,0.0010859375
88.892055,0.00010156250000000001
88.896055,-0.003484375
88.900056,-0.00010156250000000001
88.904056,0.0011484375
88.908055,0.000125
88.912055,6.25e-05
88.916055,-0.000328125
88.920055,-7.8125e-06
88.924055,0.0001953125
88.928055,5.46875e-05
88.932055,-0.001515625
88.936055,3.90625e-05
88.940056,0.00065625
88.944055,8.59375e-05
88.948055,-0.0014375
88.952056,-2.34375e-05
88.956055,0.0006953125
88.960056,4.6875e-05
88.964055,-0.0016640625
88.968055,-1.5625e-05
88.972055,0.0009609375
88.976055,4.6875e-05
88.980055,-0.0020078125
88.984055,-6.25e-05
88.988055,0.0009375
88.992055,-0.000125
88.996055,-0.0016328125
89.000055,-0.000390625
89.004055,0.0008046875000000001
89.008054,9.375e-05
89.012055,3.90625e-05
89.016055,-0.00028125000000000003
89.020056,-3.125e-05
89.024056,0.0001640625
89.028055,8.59375e-05
89.032055,-0.0016171875000000001
89.036055,8.59375e-05
89.040055,0.000625
89.044054,4.6875e-05
89.048054,-0.0016796875
89.052055,-3.90625e-05
89.056055,0.00065625
89.060055,8.59375e-05
89.064056,-0.001796875
89.068055,3.90625e-05
89.072055,0.0009765625
89.076055,7.031250000000001e-05
89.080055,-0.002
89.084055,0.0
89.088055,0.001078125
89.092055,0.0001484375
89.096055,-0.003609375
89.100055,-0.00025
89.104055,0.0005546875000000001
89.108055,0.0001484375
89.112055,0.000125
89.116055,-0.0002421875
89.120056,3.125e-05
89.124055,3.90625e-05
89.128055,7.8125e-05
89.132055,-0.0016015625000000001
89.136055,4.6875e-05
89.140056,0.000703125
89.144056,7.031250000000001e-05
89.148055,-0.0014453125
89.152055,-1.5625e-05
89.156056,0.0007421875
89.160056,7.031250000000001e-05
89.164055,-0.002
89.168055,-7.8125e-06
89.172055,0.0010546875
89.176055,5.46875e-05
89.180055,-0.0017734375
89.184056,-4.6875e-05
89.188055,0.001140625
89.192055,5.46875e-05
89.196055,-0.0036640625000000002
89.200055,-0.0003125
89.204055,0.00046875
89.208055,0.0001171875
89.212055,-0.001140625
89.216055,-0.0003828125
89.220055,3.125e-05
89.224055,0.000109375
89.228055,0.000109375
89.232055,-0.00078125
89.236055,-1.5625e-05
89.240054,0.0004140625
89.244056,6.25e-05
89.248056,-0.00165625
89.252055,-7.8125e-05
89.256055,0.000703125
89.260056,3.125e-05
89.264057,-0.0022109375000000002
89.268057,2.34375e-05
89.272056,0.00078125
89.276055,3.125e-05
89.280056,-0.0019375
89.284056,-1.5625e-05
89.288056,0.0011328125
89.292055,0.0001171875
89.296055,-0.0010390625
89.300055,-0.0003203125
89.304054,0.0004921875
89.308056,0.00014062500000000002
89.312056,-0.0009140625
89.316056,-0.0002578125
89.320056,-1.5625e-05
89.324055,0.0002734375
89.328056,7.031250000000001e-05
89.332055,-0.00071875
89.336055,6.25e-05
89.340055,0.000609375
89.344056,9.375e-05
89.348055,-0.001578125
89.352055,1.5625e-05
89.356055,0.0007890625
89.360056,1.5625e-05
89.364055,-0.0017265625
89.368055,3.125e-05
89.372056,0.000828125
89.376055,1.5625e-05
89.380055,-0.002140625
89.384055,2.34375e-05
89.388055,0.0009218750000000001
89.392055,0.0001171875
89.396055,-0.001203125
89.400056,-0.0003203125
89.404055,0.00046875
89.408055,3.125e-05
89.412055,-0.0008828125
89.416055,-0.00046093750000000003
89.420056,0.0
89.424055,0.0002109375
89.428055,8.59375e-05
89.432055,-0.00065625
89.436055,0.0
89.440056,0.0006328125
89.444055,7.8125e-06
89.448055,-0.00178125
89.452055,2.34375e-05
89.456055,0.0007421875
89.460055,0.00010156250000000001
89.464055,-0.0020390625
89.468055,-4.6875e-05
89.472055,0.0008125000000000001
89.476055,3.90625e-05
89.480055,-0.001390625
89.484055,-2.34375e-05
89.488055,0.000578125
89.492055,0.000109375
89.496055,-0.001171875
89.500055,-0.0002734375
89.504055,0.00046875
89.508055,7.031250000000001e-05
89.512055,-0.0007968750000000001
89.516055,-0.0006640625
89.520055,-2.34375e-05
89.524055,0.0002421875
89.528056,9.375e-05
89.532055,-0.0009765625
89.536055,4.6875e-05
89.540055,0.0008046875000000001
89.544057,5.46875e-05
89.548059,-0.001703125
89.552056,2.34375e-05
89.556056,0.0008125000000000001
89.560055,6.25e-05
89.564055,-0.002015625
89.568055,4.6875e-05
89.572055,0.00078125
89.576055,7.8125e-06
89.580055,-0.0037031250000000003
89.584055,4.6875e-05
89.588056,0.0005234375
89.592056,2.34375e-05
89.596055,-0.0010234375
89.600056,-0.0002890625
89.604056,0.000453125
89.608055,0.0001484375
89.612055,-0.0008125000000000001
89.616055,-0.0005625000000000001
89.620056,3.125e-05
89.624055,0.00033593750000000003
89.628055,7.031250000000001e-05
89.632055,-0.000828125
89.636055,3.90625e-05
89.640056,0.0006640625
89.644055,7.031250000000001e-05
89.648055,-0.0019453125
89.652055,0.0
89.656055,0.0007578125
89.660055,1.5625e-05
89.664055,-0.0018515625000000001
89.668055,7.8125e-06
89.672055,0.0009218750000000001
89.676055,6.25e-05
89.680058,-0.0019296875
89.684056,7.8125e-06
89.688055,0.000421875
89.692055,4.6875e-05
89.696056,-0.00090625
89.700055,0.000125
89.704055,0.0004921875
89.708055,0.0001171875
89.712056,-0.0007109375
89.716054,-0.0006796875000000001
89.720055,0.0006484375
89.724056,0.0004921875
89.728055,0.00010156250000000001
89.732055,-0.000609375
89.736055,0.0
89.740056,0.000421875
89.744056,8.59375e-05
89.748055,-0.0018984375
89.752055,-2.34375e-05
89.756055,0.0007968750000000001
89.76002,4.6875e-05
89.764058,-0.0018437500000000001
89.768056,1.5625e-05
89.772056,0.0008359375
89.776055,0.000109375
89.780055,-0.0018437500000000001
89.784055,3.125e-05
89.788055,0.000453125
89.792056,-5.46875e-05
89.796056,-0.0009765625
89.800056,7.031250000000001e-05
89.804056,0.00053125
89.808056,0.000109375
89.812055,-0.000703125
89.816055,-0.0007968750000000001
89.820056,0.00065625
89.824055,0.0002890625
89.828055,6.25e-05
89.832055,-0.0007968750000000001
89.836055,2.34375e-05
89.840056,0.000375
89.844055,8.59375e-05
89.848055,-0.0019453125
89.852055,-2.34375e-05
89.856055,0.0007734375
89.860056,0.00010156250000000001
89.864055,-0.0019453125
89.868055,-7.8125e-06
89.872055,0.0007421875
89.876055,8.59375e-05
89.880056,-0.0020078125
89.884055,3.90625e-05
89.888055,0.000453125
89.892055,-0.000109375
89.896055,-0.000984375
89.900056,-3.125e-05
89.904055,0.0004296875
89.908055,0.00014062500000000002
89.912054,-0.0006718750000000001
89.916055,-0.001078125
89.920055,0.0002109375
89.924055,0.0003671875
89.928055,5.46875e-05
89.932055,-0.0009765625
89.936055,4.6875e-05
89.940055,0.000296875
89.944055,0.000109375
89.948055,-0.0020703125
89.952056,-7.031250000000001e-05
89.956056,0.000765625
89.960055,7.031250000000001e-05
89.964055,-0.001953125
89.968055,5.46875e-05
89.972055,0.00084375
89.976055,3.125e-05
89.980055,-0.0020859375
89.984055,2.34375e-05
89.988055,0.0004375
89.992055,7.031250000000001e-05
89.996055,-0.0007734375
90.000055,0.0001640625
90.004085,0.000578125
90.008056,-5.46875e-05
90.012056,-1.5625e-05
90.016055,-0.0007968750000000001
90.020056,5.46875e-05
90.024055,0.00034375
90.028055,7.8125e-05
90.032056,-0.0007734375
90.036055,0.0
90.040055,0.0003203125
90.044055,6.25e-05
90.048055,-0.0019609375
90.052055,5.46875e-05
90.056055,0.0007421875
90.060055,9.375e-05
90.064055,-0.001828125
90.068054,-3.90625e-05
90.072054,0.0008984375
90.076055,3.90625e-05
90.080055,-0.0018671875000000001
90.084055,2.34375e-05
90.088055,0.0004296875
90.092055,-3.90625e-05
90.096055,-0.0006640625
90.100055,7.8125e-05
90.104055,0.0007109375
90.108055,0.0003203125
90.112055,1.5625e-05
90.116055,-0.0008515625
90.120055,3.125e-05
90.124055,0.0003125
90.128055,0.000109375
90.132055,-0.000875
90.136055,-7.8125e-06
90.140056,0.0004296875
90.144055,7.031250000000001e-05
90.148055,-0.002078125
90.152055,-1.5625e-05
90.156055,0.0008046875000000001
90.160056,0.00010156250000000001
90.164055,-0.0019375
90.168055,-4.6875e-05
90.172055,0.000765625
90.176055,0.0
90.180056,-0.001875
90.184055,5.46875e-05
90.188055,0.0003828125
90.192055,-0.00010156250000000001
90.196055,-0.00084375
90.200055,-0.0001484375
90.204055,0.000703125
90.208055,0.0002421875
90.212055,4.6875e-05
90.216055,-0.000765625
90.220056,-2.34375e-05
90.224055,0.0002890625
90.228056,4.6875e-05
90.232055,-0.00090625
90.236055,-3.125e-05
90.240055,0.0004375
90.244055,0.00010156250000000001
90.248055,-0.0012421875
90.252055,-7.8125e-06
90.256055,0.0008046875000000001
90.260054,3.125e-05
90.264054,-0.002
90.268058,-2.34375e-05
90.272058,0.0007890625
90.276056,2.34375e-05
90.280056,-0.001921875
90.284056,0.00014062500000000002
90.288055,0.0009453125
90.292055,1.5625e-05
90.296055,-0.00084375
90.300055,-6.25e-05
90.304056,0.000609375
90.308056,-7.031250000000001e-05
90.312056,1.5625e-05
90.316056,-0.000953125
90.320055,-4.6875e-05
90.324055,0.00033593750000000003
90.328054,4.6875e-05
90.332056,-0.0009218750000000001
90.336056,-1.5625e-05
90.340056,0.000421875
90.344055,5.46875e-05
90.348055,-0.001453125
90.352056,0.0
90.356055,0.0007890625
90.360056,6.25e-05
90.364055,-0.0019765625
90.368055,-5.46875e-05
90.372055,0.0007968750000000001
90.376055,-7.8125e-05
90.380056,-0.0023671875
90.384055,0.00010156250000000001
90.388055,0.0009765625
90.392055,3.90625e-05
90.396055,-0.000546875
90.400055,3.125e-05
90.404055,0.0003203125
90.408055,0.00010156250000000001
90.412055,-2.34375e-05
90.416055,-0.0006718750000000001
90.420056,2.34375e-05
90.424055,0.000375
90.428055,3.90625e-05
90.432055,-0.0009609375
90.436055,3.125e-05
90.440055,0.0004375
90.444055,5.46875e-05
90.448055,-0.0011250000000000001
90.452055,2.34375e-05
90.456055,0.0008203125
90.460056,2.34375e-05
90.464055,-0.0018671875000000001
90.468055,1.5625e-05
90.472055,0.0009765625
90.476056,-0.0001171875
90.480055,-0.002015625
90.484055,-4.6875e-05
90.488055,0.0009218750000000001
90.492056,-3.90625e-05
90.496055,0.0
90.500055,-7.8125e-05
90.504055,2.34375e-05
90.508055,0.00014062500000000002
90.512055,7.031250000000001e-05
90.516054,-0.0007968750000000001
90.520055,-1.5625e-05
90.524056,0.0003828125
90.528055,3.90625e-05
90.532057,-0.0008203125
90.536057,6.25e-05
90.540056,0.000515625
90.544056,1.5625e-05
90.548055,-0.0010546875
90.552055,1.5625e-05
90.556056,0.000890625
90.560055,0.00010156250000000001
90.564055,-0.002
90.568055,7.8125e-06
90.572055,0.000828125
90.576056,0.0001484375
90.580056,-0.002328125
90.584055,-2.34375e-05
90.588056,0.0009609375
90.592055,-1.5625e-05
90.596056,-3.125e-05
90.600056,-0.0001796875
90.604055,7.8125e-06
90.608055,-0.000109375
90.612055,0.0
90.616055,-0.0009296875000000001
90.620056,2.34375e-05
90.624055,0.000359375
90.628055,7.031250000000001e-05
90.632055,-0.0011640625
90.636055,7.031250000000001e-05
90.640056,0.000390625
90.644055,7.8125e-05
90.648055,-0.0012890625
90.652055,7.8125e-06
90.656055,0.0008046875000000001
90.660056,0.0001171875
90.664055,-0.0019453125
90.668055,3.90625e-05
90.672055,0.0009609375
90.676055,0.0
90.680058,-0.0021953125
90.684056,0.000109375
90.688055,0.0009296875000000001
90.692055,0.00014062500000000002
90.696055,1.5625e-05
90.700055,-2.34375e-05
90.704056,4.6875e-05
90.708055,-0.00014062500000000002
90.712055,3.125e-05
90.716055,-0.0007109375
90.720056,1.5625e-05
90.724056,0.0004453125
90.728055,6.25e-05
90.732055,-0.001203125
90.736055,3.90625e-05
90.740055,0.0005390625
90.744055,7.031250000000001e-05
90.748056,-0.0011484375
90.752056,-7.031250000000001e-05
90.756055,0.0005859375
90.760055,9.375e-05
90.764059,-0.0019375
90.768058,3.90625e-05
90.772056,0.0009140625
90.776055,7.031250000000001e-05
90.780055,-0.002453125
90.784056,-7.031250000000001e-05
90.788055,0.000984375
90.792055,9.375e-05
90.796055,-0.00209375
90.800055,-0.0001171875
90.804056,-6.25e-05
90.808056,-3.90625e-05
90.812056,6.25e-05
90.816056,2.34375e-05
90.820055,-7.8125e-06
90.824055,0.000421875
90.828056,4.6875e-05
90.832055,-0.0013203125
90.836055,5.46875e-05
90.840055,0.0005625000000000001
90.844055,4.6875e-05
90.848055,-0.0013515625000000001
90.852055,0.0
90.856055,0.0006328125
90.860056,8.59375e-05
90.864055,-0.0020859375
90.868055,3.125e-05
90.872055,0.0008984375
90.876055,7.8125e-05
90.880056,-0.0021171875
90.884055,-0.00014062500000000002
90.888055,0.0009296875000000001
90.892055,-3.90625e-05
90.896055,-0.002140625
90.900055,-0.0001171875
90.904055,4.6875e-05
90.908055,-0.000125
90.912055,4.6875e-05
90.916055,7.031250000000001e-05
90.920055,-7.8125e-06
90.924056,0.0004140625
90.928055,4.6875e-05
90.932055,-0.0013203125
90.936055,2.34375e-05
90.940056,0.000453125
90.944055,4.6875e-05
90.948055,-0.001484375
90.952056,-1.5625e-05
90.956055,0.00046875
90.960055,3.90625e-05
90.964055,-0.0021328125
90.968055,4.6875e-05
90.972055,0.0008828125
90.976055,6.25e-05
90.980055,-0.0021328125
90.984056,0.0
90.988055,0.0009453125
90.992055,0.00014062500000000002
90.996056,-0.002078125
91.000055,3.125e-05
91.004055,-2.34375e-05
91.008054,-3.125e-05
91.012055,5.46875e-05
91.016055,1.5625e-05
91.020056,3.90625e-05
91.024055,0.0004375
91.028056,0.00010156250000000001
91.032055,-0.0015078125
91.036055,0.0
91.040055,0.0004453125
91.044055,5.46875e-05
91.048055,-0.0015546875
91.052056,-3.125e-05
91.056056,0.0006328125
91.060055,7.8125e-06
91.064055,-0.0021328125
91.068055,1.5625e-05
91.072055,0.0009296875000000001
91.076055,3.90625e-05
91.080055,-0.0046328125
91.084056,-4.6875e-05
91.088055,0.0009218750000000001
91.092055,-2.34375e-05
91.096054,-0.0022578125
91.100056,3.125e-05
91.104055,4.6875e-05
91.108055,-1.5625e-05
91.112055,7.031250000000001e-05
91.116055,-0.0003203125
91.120056,3.90625e-05
91.124056,0.0005859375
91.128055,5.46875e-05
91.132055,-0.001328125
91.136055,-2.34375e-05
91.140056,0.0004453125
91.144055,7.8125e-05
91.148055,-0.0017265625
91.152055,7.8125e-06
91.156055,0.0005546875000000001
91.160056,6.25e-05
91.164055,-0.0022031250000000002
91.168055,1.5625e-05
91.172055,0.000890625
91.176055,9.375e-05
91.180055,-0.0020234375
91.184055,-0.0001328125
91.188055,0.0009296875000000001
91.192055,8.59375e-05
91.196055,-0.001953125
91.200055,0.00014062500000000002
91.204055,3.125e-05
91.208055,0.0001640625
91.212055,3.90625e-05
91.216055,3.125e-05
91.220055,5.46875e-05
91.224055,0.0005234375
91.228055,5.46875e-05
91.232055,-0.0011484375
91.236055,3.90625e-05
91.240055,0.0007265625
91.244055,7.8125e-05
91.248055,-0.0012421875
91.252055,-3.125e-05
91.256055,0.00071875
91.260057,2.34375e-05
91.264056,-0.0014296875
91.268056,-7.8125e-06
91.272055,0.000875
91.276055,-1.5625e-05
91.280055,-0.002265625
91.284055,1.5625e-05
91.288054,0.0008984375
91.292055,-0.0001328125
91.296055,-0.0020390625
91.300055,0.0
91.304056,0.001046875
91.308056,-4.6875e-05
91.312056,7.8125e-05
91.316055,-0.0001796875
91.320055,3.125e-05
91.324055,0.0002421875
91.328055,7.031250000000001e-05
91.332055,-0.0014765625
91.336055,3.90625e-05
91.340056,0.0005859375
91.344055,7.031250000000001e-05
91.348055,-0.001546875
91.352055,-3.90625e-05
91.356055,0.000609375
91.360056,7.031250000000001e-05
91.364055,-0.00140625
91.368055,7.8125e-06
91.372055,0.000859375
91.376055,5.46875e-05
91.380056,-0.002359375
91.384055,1.5625e-05
91.388055,0.0009140625
91.392055,-0.00014062500000000002
91.396055,-0.0021328125
91.400055,-4.6875e-05
91.404055,0.0010703125
91.408055,-0.0001171875
91.412055,7.031250000000001e-05
91.416055,-0.0002578125
91.420055,-3.125e-05
91.424055,2.34375e-05
91.428055,0.0001328125
91.432055,-0.001421875
91.436056,4.6875e-05
91.440055,0.0006718750000000001
91.444055,6.25e-05
91.448055,-0.00165625
91.452055,-2.34375e-05
91.456055,0.000578125
91.460055,6.25e-05
91.464055,-0.001484375
91.468055,-6.25e-05
91.472055,0.0009375
91.476055,-7.8125e-06
91.480055,-0.0023203125
91.484055,-1.5625e-05
91.488055,0.000953125
91.492055,7.8125e-06
91.496055,-0.0020390625
91.500056,3.90625e-05
91.504055,0.0009453125
91.508055,6.25e-05
91.512056,0.0
91.516055,-0.000234375
91.520056,3.125e-05
91.524056,6.25e-05
91.528055,0.0001171875
91.532055,-0.0015859375
91.536058,0.00010156250000000001
91.540058,0.000515625
91.544055,6.25e-05
91.548055,-0.001640625
91.552054,1.5625e-05
91.556055,0.0005859375
91.560055,3.125e-05
91.564055,-0.001546875
91.568055,1.5625e-05
91.572055,0.0009453125
91.576054,7.8125e-05
91.580056,-0.00234375
91.584056,-1.5625e-05
91.588056,0.0010234375
91.592055,-0.00014062500000000002
91.596055,-0.001890625
91.600056,-8.59375e-05
91.604056,0.001171875
91.608055,0.00020312500000000002
91.612055,4.6875e-05
91.616055,-0.00028125000000000003
91.620055,0.0
91.624055,0.0001328125
91.628055,3.90625e-05
91.632055,-0.001515625
91.636055,4.6875e-05
91.640055,0.00065625
91.644055,5.46875e-05
91.648055,-0.0014140625
91.652056,-2.34375e-05
91.656055,0.0007109375
91.660056,-7.8125e-06
91.664055,-0.001546875
91.668055,0.0
91.672055,0.0008515625
91.676055,7.031250000000001e-05
91.680058,-0.0022109375000000002
91.684056,-2.34375e-05
91.688055,0.0008828125
91.692055,-0.00010156250000000001
91.696055,-0.0043671875
91.700055,-8.59375e-05
91.704055,0.001
91.708055,8.59375e-05
91.712055,9.375e-05
91.716055,-0.00039843750000000003
91.720056,-3.90625e-05
91.724056,0.00020312500000000002
91.728055,0.000109375
91.732055,-0.0016015625000000001
91.736055,-7.8125e-06
91.740056,0.0006640625
91.744055,7.8125e-05
91.748055,-0.0013359375
91.752056,1.5625e-05
91.756055,0.0005859375
91.760056,7.031250000000001e-05
91.764055,-0.001578125
91.768057,-2.34375e-05
91.772058,0.0007968750000000001
91.776056,0.0
91.780055,-0.002125
91.784055,3.125e-05
91.788054,0.000953125
91.792054,6.25e-05
91.796055,-0.00203125
91.800055,-5.46875e-05
91.804056,0.0011171875000000001
91.808055,-6.25e-05
91.812055,-0.00128125
91.816056,-0.0005546875000000001
91.820056,4.6875e-05
91.824055,0.000109375
91.828055,7.8125e-05
91.832055,-0.0002578125
91.836055,3.90625e-05
91.840056,0.0005859375
91.844055,8.59375e-05
91.848055,-0.0015937500000000001
91.852055,-4.6875e-05
91.856055,0.000546875
91.860054,7.8125e-05
91.864054,-0.0019296875
91.868055,3.90625e-05
91.872055,0.000625
91.876055,7.8125e-05
91.880056,-0.0021875
91.884055,5.46875e-05
91.888055,0.0010703125
91.892056,2.34375e-05
91.896055,-0.0017265625
91.900056,-1.5625e-05
91.904055,0.0012109375
91.908055,9.375e-05
91.912055,-0.00115625
91.916055,-0.0004296875
91.920055,6.25e-05
91.924055,7.8125e-06
91.928054,0.00010156250000000001
91.932056,-0.0005078125
91.936055,-7.031250000000001e-05
91.940056,0.00071875
91.944055,0.000125
91.948055,-0.0013515625000000001
91.952055,3.90625e-05
91.956056,0.0006796875000000001
91.960055,-1.5625e-05
91.964056,-0.0017578125
91.968055,2.34375e-05
91.972055,0.0007734375
91.976055,5.46875e-05
91.980055,-0.0020234375
91.984055,0.0
91.988055,0.0010390625
91.992056,5.46875e-05
91.996055,-0.0016093750000000001
92.000056,-0.000171875
92.004055,0.000859375
92.008055,0.000234375
92.012055,-0.0011171875000000001
92.016055,-0.0002265625
92.020056,6.25e-05
92.024055,0.000234375
92.028055,7.031250000000001e-05
92.032056,-0.0001953125
92.036055,-7.8125e-06
92.040056,0.000625
92.044055,0.000109375
92.048055,-0.0015390625
92.052055,7.8125e-06
92.056055,0.0006875
92.060055,7.8125e-05
92.064055,-0.0016015625000000001
92.068055,5.46875e-05
92.072056,0.0008515625
92.076056,7.8125e-05
92.080056,-0.0020859375
92.084056,-3.90625e-05
92.088055,0.0010546875
92.092055,1.5625e-05
92.096055,-0.0040703125
92.100055,-0.00034375
92.104055,0.0004921875
92.108055,0.00020312500000000002
92.112055,-0.0010546875
92.116055,-0.00040625000000000004
92.120054,1.5625e-05
92.124056,0.0001328125
92.128055,9.375e-05
92.132055,-0.000375
92.136055,-1.5625e-05
92.140056,0.000640625
92.144055,0.0001328125
92.148055,-0.00171875
92.152056,2.34375e-05
92.156055,0.000609375
92.160055,-1.5625e-05
92.164055,-0.0018828125
92.168055,-4.6875e-05
92.172055,0.0007734375
92.176055,3.90625e-05
92.180055,-0.0016953125
92.184055,-7.8125e-06
92.188055,0.0012109375
92.192055,8.59375e-05
92.196055,-0.0037031250000000003
92.200055,-0.00021875
92.204055,0.0004453125
92.208055,0.00015625
92.212055,-0.001078125
92.216055,-0.0004375
92.220055,-5.46875e-05
92.224055,7.031250000000001e-05
92.228055,7.031250000000001e-05
92.232055,-0.000640625
92.236055,2.34375e-05
92.240055,0.0006171875
92.244055,1.5625e-05
92.248055,-0.001703125
92.252056,3.125e-05
92.256055,0.00075
92.260055,4.6875e-05
92.264055,-0.002015625
92.268029,-3.125e-05
92.272061,0.0007968750000000001
92.276058,-7.8125e-06
92.280056,-0.0021171875
92.284058,7.8125e-06
92.288056,0.0012265625
92.292056,4.6875e-05
92.296056,-0.0037578125
92.300056,2.34375e-05
92.304055,0.00040625000000000004
92.308055,0.000125
92.312054,-0.0011015625000000001
92.316056,-0.000328125
92.320055,0.0003671875
92.324056,0.0001328125
92.328056,7.8125e-05
92.332055,-0.0006718750000000001
92.336055,-1.5625e-05
92.340056,0.00039843750000000003
92.344056,0.000109375
92.348056,-0.001671875
92.352055,7.8125e-06
92.356055,0.0006875
92.360054,5.46875e-05
92.364056,-0.002
92.368055,3.125e-05
92.372055,0.0007734375
92.376055,0.00010156250000000001
92.380055,-0.0019453125
92.384055,-3.90625e-05
92.388055,0.001078125
92.392055,5.46875e-05
92.396055,-0.00103125
92.400055,3.125e-05
92.404055,0.0004765625
92.408055,0.000109375
92.412055,-0.00090625
92.416055,-0.0002265625
92.420058,0.000515625
92.424056,0.00028125000000000003
92.428056,9.375e-05
92.432056,-0.0007109375
92.436055,4.6875e-05
92.440055,0.0003671875
92.444055,8.59375e-05
92.448055,-0.001671875
92.452055,7.031250000000001e-05
92.456055,0.0007265625
92.460055,0.000125
92.464055,-0.002046875
92.468055,-5.46875e-05
92.472055,0.0007578125
92.476055,6.25e-05
92.480055,-0.0019375
92.484055,-1.5625e-05
92.488055,0.0009765625
92.492055,9.375e-05
92.496055,-0.0012109375
92.500055,7.8125e-05
92.504055,0.0004765625
92.508055,3.90625e-05
92.512055,-0.0008203125
92.516055,-0.000546875
92.520055,0.000609375
92.524055,0.00015625
92.528055,8.59375e-05
92.532055,-0.0008203125
92.536055,2.34375e-05
92.540055,0.0003515625
92.544061,0.0001171875
92.54806,-0.0016328125
92.552057,-7.8125e-06
92.556056,0.000765625
92.560055,6.25e-05
92.564055,-0.0019765625
92.568054,-7.8125e-05
92.572055,0.0007734375
92.576055,8.59375e-05
92.580055,-0.002046875
92.584055,1.5625e-05
92.588056,0.000734375
92.592057,7.8125e-05
92.596056,-0.0011328125
92.600056,3.125e-05
92.604056,0.000453125
92.608055,0.000171875
92.612055,-0.0008984375
92.616055,-0.000375
92.620056,0.0006015625
92.624055,0.000234375
92.628055,6.25e-05
92.632055,-0.0010703125
92.636055,1.5625e-05
92.640055,0.0002421875
92.644055,9.375e-05
92.648055,-0.0016328125
92.652055,8.59375e-05
92.656055,0.00078125
92.660055,2.34375e-05
92.664055,-0.0019375
92.668055,2.34375e-05
92.672055,0.000828125
92.676055,2.34375e-05
92.680057,-0.001828125
92.684056,0.0
92.688055,0.0005703125
92.692055,-7.8125e-06
92.696055,-0.0009609375
92.700055,2.34375e-05
92.704055,0.0005
92.708055,0.00025
92.712055,-0.0007265625
92.716055,-0.00020312500000000002
92.720055,0.00053125
92.724056,0.00033593750000000003
92.728055,8.59375e-05
92.732055,-0.0009140625
92.736055,-4.6875e-05
92.740061,0.000359375
92.744057,6.25e-05
92.748056,-0.0018593750000000001
92.752056,3.125e-05
92.756055,0.0008203125
92.760061,3.125e-05
92.764059,-0.0018593750000000001
92.768057,7.8125e-06
92.772056,0.0008046875000000001
92.776056,8.59375e-05
92.780056,-0.0019609375
92.784056,-3.125e-05
92.788055,0.0005078125
92.792055,6.25e-05
92.796056,-0.0010078125
92.800056,0.000171875
92.804056,0.0005
92.808057,-3.125e-05
92.812056,-0.000515625
92.816055,-0.0006171875
92.820055,0.0006718750000000001
92.824055,0.000359375
92.828055,-7.8125e-06
92.832055,-0.0008671875
92.836055,7.8125e-06
92.840055,0.0003671875
92.844056,0.000109375
92.848055,-0.0009375
92.852055,5.46875e-05
92.856055,0.00075
92.860055,5.46875e-05
92.864055,-0.00190625
92.868055,-7.8125e-06
92.872055,0.0008125000000000001
92.876055,0.000109375
92.880056,-0.0019296875
92.884055,-6.25e-05
92.888054,0.0007578125
92.892055,-0.00010156250000000001
92.896055,-0.0010859375
92.900056,-2.34375e-05
92.904055,0.00046875
92.908056,-3.90625e-05
92.912055,-0.00065625
92.916056,-0.000640625
92.920055,0.0007890625
92.924055,0.00034375
92.928055,-1.5625e-05
92.932055,-0.0007109375
92.936055,3.125e-05
92.940056,0.000453125
92.944055,8.59375e-05
92.948055,-0.0007968750000000001
92.952055,7.8125e-06
92.956056,0.0009218750000000001
92.960055,1.5625e-05
92.964055,-0.0018359375000000001
92.968055,0.0
92.972055,0.0007734375
92.976055,0.00010156250000000001
92.980055,-0.00190625
92.984055,7.8125e-06
92.988055,0.00075
92.992055,-9.375e-05
92.996055,-0.000875
93.000055,5.46875e-05
93.004055,0.00046875
93.008055,-5.46875e-05
93.012056,-0.0009453125
93.016055,-0.0007578125
93.020056,0.000546875
93.024055,0.000359375
93.028055,1.5625e-05
93.032055,-0.00078125
93.036055,2.34375e-05
93.040055,0.0002734375
93.044055,7.8125e-05
93.048055,-0.0007421875
93.052056,4.6875e-05
93.056055,0.0008046875000000001
93.060055,3.90625e-05
93.064055,-0.001890625
93.068056,3.90625e-05
93.072055,0.000859375
93.076055,6.25e-05
93.080055,-0.002015625
93.084055,-7.031250000000001e-05
93.088055,0.0007968750000000001
93.092056,3.125e-05
93.096055,-0.0007734375
93.100056,0.000125
93.104055,0.000515625
93.108055,7.8125e-06
93.112055,-0.000828125
93.116055,-0.0008828125
93.120055,0.00034375
93.124056,0.00033593750000000003
93.128055,2.34375e-05
93.132055,-0.0008125000000000001
93.136056,-4.6875e-05
93.140054,0.00028125000000000003
93.144055,7.031250000000001e-05
93.148055,-0.0010390625
93.152055,4.6875e-05
93.156055,0.0007421875
93.160055,9.375e-05
93.164055,-0.0018515625000000001
93.168055,1.5625e-05
93.172055,0.0007734375
93.176055,0.0001171875
93.180055,-0.0020078125
93.184055,5.46875e-05
93.188055,0.000828125
93.192055,-4.6875e-05
93.196055,-0.0007734375
93.200055,7.031250000000001e-05
93.204055,0.000640625
93.208055,4.6875e-05
93.212055,-0.00021875
93.216055,-0.000828125
93.220055,7.8125e-06
93.224055,0.00033593750000000003
93.228055,6.25e-05
93.232055,-0.0008046875000000001
93.236055,5.46875e-05
93.240055,0.000453125
93.244055,0.0001171875
93.248055,-0.0009218750000000001
93.252055,-6.25e-05
93.256059,0.0005234375
93.260058,4.6875e-05
93.264057,-0.001984375
93.268056,7.8125e-06
93.272055,0.0007734375
93.276055,0.0
93.280055,-0.0018359375000000001
93.284055,7.8125e-06
93.288055,0.0008828125
93.292055,-0.00021875
93.296055,-0.000859375
93.300057,-9.375e-05
93.304056,0.0005
93.308055,0.0
93.312055,-3.90625e-05
93.316056,-7.031250000000001e-05
93.320055,-2.34375e-05
93.324056,0.00033593750000000003
93.328055,3.125e-05
93.332055,-0.000953125
93.336054,7.8125e-06
93.340056,0.000359375
93.344055,0.00010156250000000001
93.348055,-0.00103125
93.352055,3.90625e-05
93.356055,0.00046093750000000003
93.360056,9.375e-05
93.364055,-0.0019375
93.368055,-3.125e-05
93.372055,0.00075
93.376055,7.031250000000001e-05
93.380055,-0.0019609375
93.384055,0.000171875
93.388055,0.00090625
93.392055,-3.125e-05
93.396055,-0.0021875
93.400055,3.90625e-05
93.404055,0.0005625000000000001
93.408055,-0.00010156250000000001
93.412055,-4.6875e-05
93.416055,-2.34375e-05
93.420058,4.6875e-05
93.424056,0.0004375
93.428056,7.8125e-06
93.432055,-0.000828125
93.436056,1.5625e-05
93.440055,0.000296875
93.444056,0.000109375
93.448055,-0.001203125
93.452056,1.5625e-05
93.456055,0.0004921875
93.460055,5.46875e-05
93.464055,-0.00178125
93.468055,-1.5625e-05
93.472055,0.0008203125
93.476055,9.375e-05
93.480056,-0.0018671875000000001
93.484055,1.5625e-05
93.488055,0.0009218750000000001
93.492056,-2.34375e-05
93.496055,-0.0022187500000000002
93.500054,0.0001171875
93.504055,0.000765625
93.508056,0.00015625
93.512055,-7.8125e-06
93.516055,-7.8125e-05
93.520055,7.8125e-06
93.524055,0.0003515625
93.528055,5.46875e-05
93.532055,-0.000828125
93.536058,1.5625e-05
93.540057,0.0004921875
93.544056,9.375e-05
93.548056,-0.00109375
93.552055,-7.8125e-06
93.556055,0.000515625
93.560055,7.031250000000001e-05
93.564056,-0.001984375
93.568055,3.125e-05
93.572055,0.000765625
93.576055,5.46875e-05
93.580057,-0.002015625
93.584056,-7.8125e-06
93.588056,0.00090625
93.592055,-9.375e-05
93.596056,-0.0022500000000000003
93.600056,-7.031250000000001e-05
93.604056,0.0006328125
93.608055,-2.34375e-05
93.612055,4.6875e-05
93.616055,-1.5625e-05
93.620056,-4.6875e-05
93.624055,0.00028125000000000003
93.628055,3.90625e-05
93.632055,-0.001
93.636055,-1.5625e-05
93.640056,0.0003203125
93.644055,0.0001328125
93.648055,-0.001265625
93.652055,6.25e-05
93.656055,0.00046875
93.660056,8.59375e-05
93.664055,-0.001984375
93.668055,1.5625e-05
93.672055,0.0008828125
93.676055,8.59375e-05
93.680057,-0.0020859375
93.684056,7.8125e-05
93.688055,0.00090625
93.692055,-0.0001640625
93.696056,-0.0022265625000000002
93.700055,-0.000125
93.704055,0.00046875
93.708055,7.8125e-06
93.712055,1.5625e-05
93.716056,-0.00015625
93.720055,1.5625e-05
93.724055,0.0003671875
93.728055,7.8125e-05
93.732055,-0.0009609375
93.736055,7.8125e-06
93.740056,0.00040625000000000004
93.744055,5.46875e-05
93.748055,-0.0013437500000000001
93.752056,-2.34375e-05
93.756055,0.0004453125
93.760056,7.8125e-05
93.764055,-0.0023125
93.768026,-7.031250000000001e-05
93.772058,0.000765625
93.776056,7.8125e-05
93.780056,-0.0021875
93.784055,0.00020312500000000002
93.788056,0.00090625
93.792055,9.375e-05
93.796055,-0.0021640625
93.800056,0.00010156250000000001
93.804055,0.0003203125
93.808056,7.031250000000001e-05
93.812055,1.5625e-05
93.816055,-0.0001171875
93.820055,5.46875e-05
93.824055,-0.00015625
93.828056,3.125e-05
93.832055,-0.0007421875
93.836056,0.0
93.840056,0.0004765625
93.844055,0.0001171875
93.848055,-0.0013515625000000001
93.852055,-2.34375e-05
93.856055,0.0005078125
93.860056,1.5625e-05
93.864055,-0.0014921875
93.868055,-2.34375e-05
93.872055,0.00084375
93.876055,4.6875e-05
93.880056,-0.002109375
93.884056,-7.8125e-06
93.888055,0.0009296875000000001
93.892055,1.5625e-05
93.896055,-0.002171875
93.900056,-3.90625e-05
93.904055,0.0009296875000000001
93.908055,0.0001328125
93.912054,0.0
93.916055,3.125e-05
93.920055,-2.34375e-05
93.924055,-9.375e-05
93.928055,7.031250000000001e-05
93.932055,-0.000953125
93.936055,-2.34375e-05
93.940054,0.00046875
93.944055,5.46875e-05
93.948056,-0.0010703125
93.952055,3.125e-05
93.956056,0.0005546875000000001
93.960055,7.8125e-05
93.964055,-0.0013046875
93.968055,1.5625e-05
93.972056,0.0008828125
93.976055,4.6875e-05
93.980055,-0.002328125
93.984055,-2.34375e-05
93.988055,0.0009375
93.992055,-3.125e-05
93.996055,-0.0044062500000000004
94.000055,-4.6875e-05
94.004055,0.0009375
94.008054,-0.0001171875
94.012055,7.031250000000001e-05
94.016055,2.34375e-05
94.020055,4.6875e-05
94.024055,-1.5625e-05
94.028055,8.59375e-05
94.032055,-0.001078125
94.036055,-4.6875e-05
94.040055,0.0004765625
94.044055,8.59375e-05
94.048055,-0.0013828125
94.052055,7.8125e-06
94.056055,0.00040625000000000004
94.060055,8.59375e-05
94.064055,-0.001671875
94.068055,2.34375e-05
94.072055,0.0008515625
94.076055,2.34375e-05
94.080055,-0.0023125
94.084055,1.5625e-05
94.088055,0.0008515625
94.092055,0.00010156250000000001
94.096055,-0.0046875
94.100056,-0.000234375
94.104056,0.00096875
94.108055,7.8125e-05
94.112056,7.8125e-06
94.116055,-8.59375e-05
94.120056,3.90625e-05
94.124056,-8.59375e-05
94.128055,1.5625e-05
94.132055,-0.0011640625
94.136055,3.90625e-05
94.140056,0.000515625
94.144055,7.031250000000001e-05
94.148055,-0.001328125
94.152056,-7.8125e-06
94.156056,0.00046093750000000003
94.160055,0.00010156250000000001
94.164055,-0.0016250000000000001
94.168054,3.125e-05
94.172055,0.0008828125
94.176055,9.375e-05
94.180055,-0.0022109375000000002
94.184055,3.90625e-05
94.188055,0.0008828125
94.192055,-7.8125e-06
94.196055,-0.002078125
94.200055,-2.34375e-05
94.204055,0.0008828125
94.208055,8.59375e-05
94.212055,6.25e-05
94.216055,-0.00010156250000000001
94.220055,5.46875e-05
94.224055,-0.00014062500000000002
94.228055,8.59375e-05
94.232055,-0.000953125
94.236055,-5.46875e-05
94.240055,0.0006484375
94.244055,9.375e-05
94.248055,-0.00121875
94.252055,-7.8125e-06
94.256055,0.00065625
94.260055,3.125e-05
94.264058,-0.0015859375
94.268058,-3.125e-05
94.272056,0.0008671875
94.276055,7.8125e-06
94.280055,-0.0021484375
94.284055,-8.59375e-05
94.288055,0.0008671875
94.292055,-9.375e-05
94.296056,-0.0021328125
94.300056,-0.0001171875
94.304055,0.001
94.308057,8.59375e-05
94.312056,7.031250000000001e-05
94.316055,0.00010156250000000001
94.320055,1.5625e-05
94.324056,0.0001171875
94.328055,9.375e-05
94.332055,-0.00125
94.336055,-3.90625e-05
94.340055,0.0004453125
94.344056,7.8125e-06
94.348055,-0.00125
94.352056,1.5625e-05
94.356055,0.000625
94.360054,7.031250000000001e-05
94.364055,-0.001421875
94.368055,0.0
94.372055,0.0007265625
94.376055,0.00010156250000000001
94.380056,-0.0021796875
94.384055,-1.5625e-05
94.388055,0.000890625
94.392055,-3.90625e-05
94.396055,-0.0022500000000000003
94.400055,-0.000109375
94.404055,0.000890625
94.408055,-0.0001171875
94.412055,-0.002109375
94.416056,-6.25e-05
94.420054,-3.125e-05
94.424054,0.0001953125
94.428055,7.031250000000001e-05
94.432055,-0.0001171875
94.436055,3.125e-05
94.440055,0.0006015625
94.444055,4.6875e-05
94.448055,-0.0013359375
94.452055,-7.8125e-05
94.456056,0.00065625
94.460055,0.0001171875
94.464055,-0.0014765625
94.468055,0.0
94.472055,0.00078125
94.476055,0.000109375
94.480055,-0.0020859375
94.484055,0.0
94.488055,0.0008828125
94.492055,7.8125e-05
94.496055,-0.0023671875
94.500055,-4.6875e-05
94.504055,0.0009140625
94.508055,-0.0001328125
94.512055,-0.0022187500000000002
94.516055,-4.6875e-05
94.520055,2.34375e-05
94.524055,1.5625e-05
94.528055,9.375e-05
94.532055,-0.0002421875
94.536055,-2.34375e-05
94.540058,0.0004375
94.544058,7.031250000000001e-05
94.548056,-0.001328125
94.552056,7.8125e-06
94.556056,0.000609375
94.560055,3.90625e-05
94.564055,-0.001640625
94.568055,0.0
94.572055,0.000703125
94.576055,5.46875e-05
94.580055,-0.002109375
94.584055,-5.46875e-05
94.588056,0.0009218750000000001
94.592056,3.90625e-05
94.596056,-0.0021875
94.600056,-0.00010156250000000001
94.604056,0.00084375
94.608055,-9.375e-05
94.612056,-0.002125
94.616055,-7.8125e-06
94.620056,3.90625e-05
94.624055,-7.031250000000001e-05
94.628055,3.125e-05
94.632055,-0.000328125
94.636056,7.8125e-06
94.640056,0.00065625
94.644055,6.25e-05
94.648056,-0.0015703125
94.652055,1.5625e-05
94.656055,0.00059375
94.660056,4.6875e-05
94.664055,-0.0017734375
94.668056,0.0
94.672055,0.0006796875000000001
94.676056,-1.5625e-05
94.680057,-0.0022109375000000002
94.684056,2.34375e-05
94.688056,0.000890625
94.692055,9.375e-05
94.696056,-0.0022031250000000002
94.700056,-3.90625e-05
94.704055,0.0009453125
94.708055,0.0
94.712055,-0.001953125
94.716055,0.0001640625
94.720055,3.125e-05
94.724055,1.5625e-05
94.728055,5.46875e-05
94.732055,-0.0002265625
94.736055,5.46875e-05
94.740056,0.0004921875
94.744055,6.25e-05
94.748055,-0.0013515625000000001
94.752056,0.0
94.756057,0.0007421875
94.760062,0.000109375
94.764057,-0.0016015625000000001
94.768056,1.5625e-05
94.772055,0.0006328125
94.776056,8.59375e-05
94.780055,-0.0048046875
94.784055,0.0
94.788055,0.0010234375
94.792055,1.5625e-05
94.796055,-0.00215625
94.800056,-0.00010156250000000001
94.804056,0.0009375
94.808056,-0.0001953125
94.812056,-0.0016484375
94.816055,-0.00020312500000000002
94.820055,3.125e-05
94.824055,0.000171875
94.828055,7.031250000000001e-05
94.832056,-0.000171875
94.836055,-3.125e-05
94.840055,0.0005859375
94.844055,0.00010156250000000001
94.848055,-0.0015625
94.852055,-8.59375e-05
94.856055,0.0005625000000000001
94.860055,5.46875e-05
94.864055,-0.0014921875
94.868055,-7.8125e-06
94.872055,0.0005859375
94.876055,8.59375e-05
94.880058,-0.0015703125
94.884056,-2.34375e-05
94.888055,0.0010078125
94.892055,7.031250000000001e-05
94.896055,-0.00434375
94.900055,-4.6875e-05
94.904055,0.000953125
94.908055,7.8125e-05
94.912055,-0.0018828125
94.916055,-0.0001953125
94.920056,0.001171875
94.924055,-7.031250000000001e-05
94.928055,2.34375e-05
94.932055,-0.0003046875
94.936054,5.46875e-05
94.940055,8.59375e-05
94.944055,0.000109375
94.948055,-0.00153125
94.952056,4.6875e-05
94.956055,0.000609375
94.960055,0.00010156250000000001
94.964055,-0.001484375
94.968055,4.6875e-05
94.972055,0.0004921875
94.976055,4.6875e-05
94.980055,-0.0017265625
94.984055,3.125e-05
94.988055,0.00103125
94.992055,3.125e-05
94.996055,-0.0034140625
95.000056,-3.125e-05
95.004084,0.00090625
95.008055,-7.8125e-06
95.012055,-0.00190625
95.016055,-0.0001328125
95.020056,0.0012421875
95.024055,0.00014062500000000002
95.028055,0.00010156250000000001
95.032055,-0.000265625
95.036055,3.90625e-05
95.040055,0.0001171875
95.044055,7.031250000000001e-05
95.048055,-0.0016875
95.052055,3.125e-05
95.056055,0.0006718750000000001
95.060055,0.000109375
95.064055,-0.0013593750000000001
95.068055,3.90625e-05
95.072055,0.0006484375
95.076055,6.25e-05
95.080055,-0.0015703125
95.084055,2.34375e-05
95.088055,0.0009218750000000001
95.092055,6.25e-05
95.096055,-0.0021484375
95.100055,7.8125e-06
95.104055,0.0008984375
95.108055,0.0
95.112055,-0.002015625
95.116055,-3.90625e-05
95.120055,0.001140625
95.124056,0.0002265625
95.128055,0.000125
95.132056,-0.0003125
95.136055,4.6875e-05
95.140056,0.0001640625
95.144055,0.0001484375
95.148055,-0.0018515625000000001
95.152056,7.031250000000001e-05
95.156056,0.0005625000000000001
95.160056,0.000109375
95.164055,-0.0015937500000000001
95.168055,0.0
95.172055,0.0006640625
95.176055,6.25e-05
95.180056,-0.0017265625
95.184055,-9.375e-05
95.188055,0.000953125
95.192054,7.031250000000001e-05
95.196055,-0.00215625
95.200055,0.0
95.204055,0.0009296875000000001
95.208055,5.46875e-05
95.212055,-0.0018437500000000001
95.216055,-0.000296875
95.220055,0.0010859375
95.224055,2.34375e-05
95.228055,6.25e-05
95.232055,-0.00021875
95.236055,5.46875e-05
95.240055,0.000234375
95.244055,0.00010156250000000001
95.248055,-0.0015937500000000001
95.252055,3.90625e-05
95.256055,0.00065625
95.260055,4.6875e-05
95.264055,-0.001578125
95.268059,3.125e-05
95.272059,0.000609375
95.276056,7.031250000000001e-05
95.280056,-0.0016250000000000001
95.284056,-1.5625e-05
95.288055,0.0009218750000000001
95.292055,9.375e-05
95.296055,-0.0022109375000000002
95.300055,7.8125e-06
95.304056,0.000984375
95.308055,8.59375e-05
95.312056,-0.0019453125
95.316056,-4.6875e-05
95.320055,0.0009296875000000001
95.324055,5.46875e-05
95.328055,7.031250000000001e-05
95.332055,-0.000359375
95.336055,3.90625e-05
95.340056,9.375e-05
95.344056,7.8125e-05
95.348056,-0.0015234375
95.352055,3.125e-05
95.356055,0.00065625
95.360056,0.0001171875
95.364056,-0.0014453125
95.368055,3.125e-05
95.372055,0.000734375
95.376055,2.34375e-05
95.380054,-0.0018437500000000001
95.384054,-1.5625e-05
95.388055,0.0009375
95.392055,6.25e-05
95.396055,-0.0021328125
95.400056,2.34375e-05
95.404055,0.0010625
95.408055,0.0
95.412055,-0.0017734375
95.416055,-0.00021875
95.420056,0.0009140625
95.424055,0.0002578125
95.428055,5.46875e-05
95.432055,-0.000265625
95.436056,-4.6875e-05
95.440056,0.000109375
95.444055,0.000125
95.448054,-0.000328125
95.452056,3.125e-05
95.456055,0.0006484375
95.460056,9.375e-05
95.464055,-0.0014140625
95.468055,-7.8125e-06
95.472055,0.0006171875
95.476055,9.375e-05
95.480055,-0.001765625
95.484055,0.0
95.488055,0.000765625
95.492055,6.25e-05
95.496055,-0.001953125
95.500056,0.0
95.504055,0.00103125
95.508055,2.34375e-05
95.512055,-0.0014609375
95.516056,-0.00046093750000000003
95.520056,0.00059375
95.524055,7.8125e-05
95.528056,-0.0010546875
95.532059,-0.0004453125
95.536057,-2.34375e-05
95.540056,0.000171875
95.544056,0.0001328125
95.548055,-0.0004765625
95.552055,2.34375e-05
95.556055,0.0005546875000000001
95.560055,0.000125
95.564055,-0.0016484375
95.568055,-3.90625e-05
95.572055,0.0006953125
95.576055,3.90625e-05
95.580056,-0.0018125
95.584055,-3.90625e-05
95.588055,0.0007109375
95.592055,4.6875e-05
95.596055,-0.002078125
95.600056,2.34375e-05
95.604055,0.001078125
95.608055,4.6875e-05
95.612055,-0.0037421875000000003
95.616055,-0.000296875
95.620055,0.000453125
95.624055,0.000171875
95.628055,-0.00103125
95.632055,-0.000359375
95.636056,-5.46875e-05
95.640056,0.00020312500000000002
95.644055,0.00010156250000000001
95.648055,-0.0006171875
95.652056,1.5625e-05
95.656055,0.00071875
95.660056,7.8125e-05
95.664055,-0.0015703125
95.668055,3.90625e-05
95.672055,0.000640625
95.676055,-3.90625e-05
95.680057,-0.0017734375
95.684056,-3.125e-05
95.688055,0.0008046875000000001
95.692056,5.46875e-05
95.696056,-0.0018203125
95.700055,-5.46875e-05
95.704055,0.0010703125
95.708055,-7.8125e-06
95.712055,-0.003609375
95.716055,-0.0003671875
95.720055,0.0005390625
95.724055,0.00020312500000000002
95.728055,-0.0011171875000000001
95.732055,-0.0002109375
95.736055,-3.90625e-05
95.740056,0.0001171875
95.744055,8.59375e-05
95.748055,-0.0004375
95.752056,3.125e-05
95.756055,0.000609375
95.760055,0.000109375
95.764057,-0.001765625
95.768057,5.46875e-05
95.772056,0.0006328125
95.776055,0.0
95.780055,-0.0018515625000000001
95.784055,-4.6875e-05
95.788055,0.0008984375
95.792055,3.90625e-05
95.796055,-0.001890625
95.800055,5.46875e-05
95.804056,0.001203125
95.808056,0.00010156250000000001
95.812056,-0.001203125
95.816056,-0.0004296875
95.820055,0.0004765625
95.824055,3.90625e-05
95.828055,-0.0009218750000000001
95.832055,-0.000453125
95.836055,0.000109375
95.840055,0.0001875
95.844056,0.000109375
95.848055,-0.00065625
95.852055,2.34375e-05
95.856055,0.0005625000000000001
95.860054,7.031250000000001e-05
95.864055,-0.0018671875000000001
95.868055,4.6875e-05
95.872055,0.0005859375
95.876055,-7.8125e-06
95.880055,-0.0019921875
95.884055,-1.5625e-05
95.888055,0.000765625
95.892055,5.46875e-05
95.896055,-0.0016171875000000001
95.900055,3.90625e-05
95.904055,0.001203125
95.908055,9.375e-05
95.912055,-0.0037187500000000003
95.916055,-0.0004140625
95.920056,0.0005
95.924055,0.0001640625
95.928055,-0.0009921875
95.932056,-0.0003125
95.936055,-1.5625e-05
95.940056,7.8125e-05
95.944055,3.90625e-05
95.948055,-0.00071875
95.952056,1.5625e-05
95.956055,0.0006171875
95.960054,0.00010156250000000001
95.964056,-0.0016015625000000001
95.968055,3.125e-05
95.972056,0.00071875
95.976055,0.0
95.980056,-0.00190625
95.984055,3.125e-05
95.988055,0.0008515625
95.992055,8.59375e-05
95.996055,-0.0018593750000000001
96.000055,4.6875e-05
96.004055,0.0012890625
96.008054,0.0
96.012055,-0.0011093750000000001
96.016055,-0.0003515625
96.020055,0.000515625
96.024055,0.00020312500000000002
96.028055,-0.0010078125
96.032055,-0.00015625
96.036055,0.000515625
96.040055,0.00014062500000000002
96.044055,0.00010156250000000001
96.048055,-0.0005625000000000001
96.052055,4.6875e-05
96.056055,0.0003671875
96.060055,0.0001328125
96.064055,-0.0016171875000000001
96.068055,3.90625e-05
96.072055,0.0007109375
96.076055,9.375e-05
96.080055,-0.001953125
96.084055,6.25e-05
96.088055,0.0008828125
96.092055,3.125e-05
96.096055,-0.0019375
96.100056,2.34375e-05
96.104055,0.0012578125
96.108055,4.6875e-05
96.112055,-0.001140625
96.116055,-5.46875e-05
96.120056,0.0005234375
96.124055,0.0001171875
96.128055,-0.00090625
96.132055,-0.000296875
96.136055,0.000546875
96.140055,0.0002109375
96.144055,2.34375e-05
96.148055,-0.0008046875000000001
96.152056,1.5625e-05
96.156055,0.0004296875
96.160055,6.25e-05
96.164055,-0.001875
96.168055,6.25e-05
96.172055,0.0007109375
96.176055,9.375e-05
96.180055,-0.002078125
96.184055,-3.90625e-05
96.188055,0.00084375
96.192055,1.5625e-05
96.196055,-0.0017578125
96.200055,-3.90625e-05
96.204055,0.0012109375
96.208055,7.031250000000001e-05
96.212054,-0.0012734375
96.216055,2.34375e-05
96.220055,0.00046875
96.224055,0.0001328125
96.228055,-0.00090625
96.232055,-0.000359375
96.236055,0.00046093750000000003
96.240055,0.0
96.244055,9.375e-05
96.248055,-0.0008671875
96.252055,-2.34375e-05
96.256058,0.000390625
96.260057,7.8125e-05
96.264056,-0.0016093750000000001
96.268056,0.0
96.272056,0.0007734375
96.276055,8.59375e-05
96.280055,-0.002046875
96.284055,0.0
96.288055,0.0006484375
96.292055,7.8125e-05
96.296055,-0.0020625
96.300055,3.125e-05
96.304056,0.001078125
96.308056,4.6875e-05
96.312055,-0.0011640625
96.316055,5.46875e-05
96.320055,0.0005078125
96.324056,0.00020312500000000002
96.328055,-0.000875
96.332055,-0.0003828125
96.336055,0.0005625000000000001
96.340056,0.000296875
96.344055,9.375e-05
96.348056,-0.000828125
96.352056,-7.8125e-06
96.356055,0.000265625
96.360055,6.25e-05
96.364055,-0.0018359375000000001
96.368055,7.031250000000001e-05
96.372055,0.000765625
96.376055,0.000125
96.380056,-0.0018359375000000001
96.384055,7.8125e-06
96.388055,0.00084375
96.392055,9.375e-05
96.396056,-0.00190625
96.400056,4.6875e-05
96.404055,0.0009218750000000001
96.408054,4.6875e-05
96.412055,-0.001046875
96.416055,7.8125e-05
96.420056,0.0004765625
96.424055,0.0001796875
96.428056,-0.00071875
96.432055,-0.000390625
96.436055,0.0005703125
96.440056,0.0002109375
96.444055,0.00014062500000000002
96.448055,-0.0009375
96.452055,3.90625e-05
96.456055,0.0003671875
96.460056,3.90625e-05
96.464055,-0.0017890625
96.468054,-2.34375e-05
96.472054,0.000703125
96.476055,7.8125e-05
96.480055,-0.002078125
96.484055,5.46875e-05
96.488055,0.0008671875
96.492055,4.6875e-05
96.496055,-0.0018437500000000001
96.500056,-7.8125e-06
96.504055,0.0006015625
96.508055,8.59375e-05
96.512056,-0.0011796875
96.516055,4.6875e-05
96.520055,0.000484375
96.524055,0.00015625
96.528055,-0.000828125
96.532055,-0.00046093750000000003
96.536057,0.0005859375
96.540057,0.000265625
96.544056,0.000125
96.548055,-0.0010234375
96.552055,4.6875e-05
96.556056,0.000375
96.560055,0.0001171875
96.564055,-0.0017890625
96.568055,0.0
96.572055,0.00075
96.576055,8.59375e-05
96.580056,-0.0019375
96.584056,3.90625e-05
96.588055,0.0007734375
96.592056,3.125e-05
96.596056,-0.00228125
96.600056,-1.5625e-05
96.604055,0.00059375
96.608055,-3.90625e-05
96.612055,-0.001015625
96.616055,-1.5625e-05
96.620056,0.00046093750000000003
96.624055,-9.375e-05
96.628055,-0.000828125
96.632055,-0.00053125
96.636055,0.0004765625
96.640056,0.00025
96.644055,-3.90625e-05
96.648055,-0.0009218750000000001
96.652055,-5.46875e-05
96.656055,0.000359375
96.660055,6.25e-05
96.664055,-0.0009765625
96.668055,5.46875e-05
96.672055,0.00078125
96.676055,6.25e-05
96.680057,-0.0017890625
96.684056,2.34375e-05
96.688055,0.0007890625
96.692055,-7.8125e-06
96.696056,-0.00175
96.700055,7.8125e-06
96.704055,0.0009453125
96.708055,8.59375e-05
96.712055,-0.0009453125
96.716055,0.00015625
96.720055,0.000484375
96.724056,5.46875e-05
96.728055,-0.000703125
96.732055,-0.0005234375
96.736055,0.000609375
96.740058,0.0003671875
96.744058,7.8125e-06
96.748056,-0.0006796875000000001
96.752055,-1.5625e-05
96.756056,0.0004921875
96.760056,6.25e-05
96.764056,-0.000890625
96.768033,-7.031250000000001e-05
96.772057,0.0007890625
96.776056,7.031250000000001e-05
96.780056,-0.002046875
96.784055,-1.5625e-05
96.788055,0.0008046875000000001
96.792055,9.375e-05
96.796055,-0.002140625
96.800055,6.25e-05
96.804055,0.0008203125
96.808056,1.5625e-05
96.812057,-0.0010625
96.816057,7.031250000000001e-05
96.820056,0.0003671875
96.824056,-2.34375e-05
96.828055,-0.0006328125
96.832056,-0.000515625
96.836056,0.0006484375
96.840056,0.0004140625
96.844056,7.8125e-06
96.848055,-0.000828125
96.852055,3.90625e-05
96.856055,0.00046093750000000003
96.860056,8.59375e-05
96.864055,-0.0008125000000000001
96.868055,-3.90625e-05
96.872055,0.0007734375
96.876055,-1.5625e-05
96.880056,-0.0020390625
96.884054,5.46875e-05
96.888055,0.00078125
96.892056,3.90625e-05
96.896055,-0.0018437500000000001
96.900056,-3.90625e-05
96.904055,0.0008671875
96.908055,-3.90625e-05
96.912055,-0.000890625
96.916056,-5.46875e-05
96.920055,0.0003515625
96.924056,-0.00015625
96.928055,-0.000890625
96.932056,-0.0008359375
96.936055,0.000546875
96.940055,0.000265625
96.944055,3.125e-05
96.948055,-0.0008046875000000001
96.952055,-4.6875e-05
96.956055,0.00046093750000000003
96.960055,5.46875e-05
96.964055,-0.001
96.968055,5.46875e-05
96.972055,0.0008359375
96.976055,0.0001171875
96.980054,-0.0019296875
96.984055,-1.5625e-05
96.988055,0.0008359375
96.992055,0.000125
96.996056,-0.0018515625000000001
97.000055,5.46875e-05
97.004055,0.0007734375
97.008055,3.90625e-05
97.012054,-0.00096875
97.016055,0.0001953125
97.020056,0.00046093750000000003
97.024055,0.0001640625
97.028055,-0.00078125
97.032055,-0.0006718750000000001
97.036055,0.00065625
97.040055,0.00046875
97.044056,2.34375e-05
97.048055,-0.0007890625
97.052055,1.5625e-05
97.056055,0.000390625
97.060055,0.00010156250000000001
97.064055,-0.0009765625
97.068055,-2.34375e-05
97.072055,0.0008203125
97.076055,8.59375e-05
97.080055,-0.0020234375
97.084055,-2.34375e-05
97.088055,0.0007578125
97.092055,5.46875e-05
97.096055,-0.0019921875
97.100055,8.59375e-05
97.104055,0.0008359375
97.108056,-7.031250000000001e-05
97.112055,-0.00084375
97.116055,-4.6875e-05
97.120055,0.0005390625
97.124055,-1.5625e-05
97.128055,-0.00078125
97.132055,-0.0008125000000000001
97.136055,0.0006328125
97.140056,0.00046093750000000003
97.144055,-1.5625e-05
97.148055,-0.0007109375
97.152055,0.0
97.156056,0.00040625000000000004
97.160055,3.90625e-05
97.164056,-0.000953125
97.168055,-7.8125e-06
97.172056,0.000765625
97.176056,7.031250000000001e-05
97.180056,-0.0019453125
97.184055,-3.125e-05
97.188055,0.0008203125
97.192055,6.25e-05
97.196055,-0.0019921875
97.200055,-2.34375e-05
97.204055,0.0008046875000000001
97.208055,-0.00015625
97.212055,-0.0021875
97.216056,-1.5625e-05
97.220055,0.0004296875
97.224055,-0.00015625
97.228055,-0.00071875
97.232055,-0.000109375
97.236055,0.00039843750000000003
97.240055,0.00040625000000000004
97.244056,2.34375e-05
97.248055,-0.00103125
97.252056,2.34375e-05
97.256055,0.000359375
97.26006,0.00010156250000000001
97.264065,-0.0010625
97.268058,-3.125e-05
97.272056,0.00040625000000000004
97.276061,9.375e-05
97.280056,-0.0020078125
97.284055,3.125e-05
97.288055,0.00075
97.292055,8.59375e-05
97.296055,-0.0020703125
97.300055,1.5625e-05
97.304054,0.0007968750000000001
97.308055,3.90625e-05
97.312055,-0.0022343750000000002
97.316056,0.0001796875
97.320055,0.0005625000000000001
97.324056,5.46875e-05
97.328055,-0.0006953125
97.332055,2.34375e-05
97.336055,0.00025
97.340055,0.0004765625
97.344055,7.031250000000001e-05
97.348055,-0.0008125000000000001
97.352055,1.5625e-05
97.356056,0.000359375
97.360056,0.000109375
97.364056,-0.000984375
97.368055,0.0
97.372055,0.00033593750000000003
97.376055,0.000109375
97.380056,-0.0020546875
97.384055,-7.8125e-06
97.388055,0.0006953125
97.392055,2.34375e-05
97.396055,-0.001921875
97.400055,2.34375e-05
97.404055,0.0007968750000000001
97.408055,-2.34375e-05
97.412055,-0.0022031250000000002
97.416055,-1.5625e-05
97.420056,0.000546875
97.424055,4.6875e-05
97.428054,-0.0002578125
97.432054,0.000109375
97.436055,4.6875e-05
97.440056,0.000296875
97.444055,1.5625e-05
97.448055,-0.001
97.452055,-4.6875e-05
97.456055,0.000328125
97.460055,7.031250000000001e-05
97.464055,-0.0011093750000000001
97.468055,1.5625e-05
97.472055,0.000640625
97.476056,9.375e-05
97.480055,-0.0018984375
97.484055,-1.5625e-05
97.488055,0.0007421875
97.492054,5.46875e-05
97.496054,-0.00190625
97.500055,3.125e-05
97.504055,0.000890625
97.508055,-0.0002265625
97.512055,-0.00209375
97.516055,-7.031250000000001e-05
97.520055,0.0003828125
97.524056,-0.0001875
97.528056,-0.0001328125
97.532056,-0.00014062500000000002
97.536061,3.125e-05
97.540058,0.0003828125
97.544056,7.8125e-05
97.548056,-0.0008828125
97.552056,5.46875e-05
97.556055,0.000328125
97.560055,7.031250000000001e-05
97.564056,-0.0011171875000000001
97.568055,7.8125e-06
97.572055,0.0004140625
97.576055,8.59375e-05
97.580057,-0.0017890625
97.584056,4.6875e-05
97.588056,0.00075
97.592056,6.25e-05
97.596056,-0.0019453125
97.600056,5.46875e-05
97.604056,0.000828125
97.608055,-4.6875e-05
97.612055,-0.0022578125
97.616055,0.000125
97.620055,0.0006796875000000001
97.624055,9.375e-05
97.628055,0.0
97.632055,-6.25e-05
97.636055,3.90625e-05
97.640055,0.000421875
97.644055,9.375e-05
97.648055,-0.0009609375
97.652055,3.125e-05
97.656055,0.0004296875
97.660056,6.25e-05
97.664055,-0.0010703125
97.668055,4.6875e-05
97.672055,0.000484375
97.676055,0.00010156250000000001
97.680057,-0.001828125
97.684056,3.90625e-05
97.688055,0.0008671875
97.692056,0.0001171875
97.696056,-0.00209375
97.700055,0.0001171875
97.704055,0.0009375
97.708055,-4.6875e-05
97.712055,-0.002171875
97.716055,1.5625e-05
97.720055,0.0006718750000000001
97.724055,0.000109375
97.728055,-2.34375e-05
97.732055,-2.34375e-05
97.736055,0.0
97.740056,0.00034375
97.744055,7.031250000000001e-05
97.748055,-0.0008671875
97.752055,1.5625e-05
97.756056,0.000390625
97.760055,7.8125e-05
97.764055,-0.00115625
97.768059,0.0
97.772059,0.000609375
97.776056,5.46875e-05
97.780056,-0.001265625
97.784055,0.0
97.788055,0.0007968750000000001
97.792055,3.90625e-05
97.796055,-0.002015625
97.800055,0.0
97.804055,0.000875
97.808055,-6.25e-05
97.812056,-0.0022890625
97.816056,-6.25e-05
97.820055,0.001046875
97.824055,-9.375e-05
97.828055,3.125e-05
97.832055,-0.0001796875
97.836055,7.8125e-05
97.840055,0.0
97.844056,-4.6875e-05
97.848055,-0.000890625
97.852055,-3.90625e-05
97.856055,0.00040625000000000004
97.860056,7.8125e-06
97.864055,-0.0011953125
97.868055,-4.6875e-05
97.872055,0.00046093750000000003
97.876055,5.46875e-05
97.880056,-0.0011796875
97.884056,3.125e-05
97.888055,0.0006796875000000001
97.892055,1.5625e-05
97.896055,-0.002
97.900055,3.90625e-05
97.904056,0.000890625
97.908054,8.59375e-05
97.912054,-0.0021328125
97.916055,-7.8125e-06
97.920056,0.00090625
97.924056,-2.34375e-05
97.928055,7.8125e-06
97.932055,-7.8125e-05
97.936055,-2.34375e-05
97.940054,-7.8125e-05
97.944055,8.59375e-05
97.948055,-0.0009921875
97.952055,-1.5625e-05
97.956055,0.00046875
97.960055,8.59375e-05
97.964055,-0.0012734375
97.968055,0.0
97.972054,0.00046875
97.976054,7.8125e-05
97.980055,-0.0014453125
97.984055,3.90625e-05
97.988055,0.0008125000000000001
97.992055,8.59375e-05
97.996055,-0.0021171875
98.000056,3.125e-05
98.004055,0.00090625
98.008054,7.031250000000001e-05
98.012056,-0.002125
98.016055,-7.8125e-05
98.020055,0.0009765625
98.024055,6.25e-05
98.028055,0.0
98.032055,-5.46875e-05
98.036055,5.46875e-05
98.040055,2.34375e-05
98.044055,4.6875e-05
98.048055,-0.000953125
98.052056,2.34375e-05
98.056055,0.0004296875
98.060055,5.46875e-05
98.064055,-0.001171875
98.068056,3.125e-05
98.072055,0.00059375
98.076055,7.031250000000001e-05
98.080055,-0.0013515625000000001
98.084055,7.8125e-06
98.088055,0.0008671875
98.092055,0.000109375
98.096055,-0.002078125
98.100056,-4.6875e-05
98.104055,0.00090625
98.108055,-5.46875e-05
98.112055,-0.002078125
98.116055,-0.000125
98.120055,0.0009296875000000001
98.124056,-2.34375e-05
98.128055,-4.6875e-05
98.132055,-0.000125
98.136055,-7.8125e-06
98.140056,3.125e-05
98.144055,9.375e-05
98.148055,-0.001015625
98.152055,7.031250000000001e-05
98.156056,0.0004296875
98.160055,7.8125e-05
98.164055,-0.0012265625
98.168055,7.031250000000001e-05
98.172055,0.000609375
98.176055,9.375e-05
98.180055,-0.0015078125
98.184055,-7.8125e-06
98.188056,0.0008671875
98.192056,0.0001171875
98.196055,-0.0022421875000000003
98.200055,5.46875e-05
98.204055,0.000875
98.208055,7.8125e-05
98.212055,-0.0020390625
98.216055,-7.8125e-05
98.220055,0.000828125
98.224055,1.5625e-05
98.228055,8.59375e-05
98.232056,8.59375e-05
98.236056,-3.125e-05
98.240055,-0.000125
98.244055,5.46875e-05
98.248055,-0.001015625
98.252055,3.90625e-05
98.256055,0.000515625
98.260054,8.59375e-05
98.264051,-0.00128125
98.268058,7.8125e-06
98.272056,0.000515625
98.276055,4.6875e-05
98.280055,-0.0014921875
98.284056,3.125e-05
98.288055,0.00090625
98.292055,0.0
98.296055,-0.0020546875
98.300055,-7.8125e-06
98.304056,0.00084375
98.308056,0.000109375
98.312056,-0.0022109375000000002
98.316056,-0.00015625
98.320055,0.0008828125
98.324056,8.59375e-05
98.328055,5.46875e-05
98.332055,7.031250000000001e-05
98.336055,-1.5625e-05
98.340055,0.0
98.344055,8.59375e-05
98.348055,-7.031250000000001e-05
98.352055,1.5625e-05
98.356055,0.0005234375
98.360055,3.125e-05
98.364055,-0.0013515625000000001
98.368055,-7.8125e-06
98.372055,0.0005078125
98.376055,9.375e-05
98.380055,-0.0014296875
98.384055,-4.6875e-05
98.388055,0.0006640625
98.392055,2.34375e-05
98.396055,-0.0021796875
98.400055,2.34375e-05
98.404056,0.0007968750000000001
98.408055,0.0
98.412055,-0.0021328125
98.416055,-0.0001484375
98.420055,0.001046875
98.424055,0.0
98.428055,-0.0021171875
98.432055,0.000109375
98.436055,-2.34375e-05
98.440055,-2.34375e-05
98.444055,5.46875e-05
98.448055,-0.00010156250000000001
98.452055,7.8125e-06
98.456054,0.000453125
98.460056,7.031250000000001e-05
98.464055,-0.0012578125
98.468055,3.90625e-05
98.472055,0.0005078125
98.476055,7.031250000000001e-05
98.480055,-0.0015546875
98.484055,-2.34375e-05
98.488055,0.0006015625
98.492055,9.375e-05
98.496055,-0.002328125
98.500055,0.0
98.504055,0.0008515625
98.508056,0.00010156250000000001
98.512056,-0.004578125
98.516054,7.8125e-06
98.520054,0.00096875
98.524054,-1.5625e-05
98.528056,-0.00215625
98.532055,0.00010156250000000001
98.536056,0.0
98.540056,3.90625e-05
98.544058,6.25e-05
98.548056,0.0
98.552056,2.34375e-05
98.556056,0.00059375
98.560055,0.000109375
98.564055,-0.00128125
98.568055,-2.34375e-05
98.572055,0.0005234375
98.576055,7.031250000000001e-05
98.580055,-0.0015625
98.584054,-3.90625e-05
98.588056,0.0006171875
98.592056,2.34375e-05
98.596055,-0.002109375
98.600055,3.125e-05
98.604055,0.000859375
98.608056,7.031250000000001e-05
98.612055,-0.002140625
98.616055,-0.000171875
98.620055,0.0009140625
98.624055,1.5625e-05
98.628055,-0.0022578125
98.632055,-7.8125e-05
98.636055,-2.34375e-05
98.640055,-0.000171875
98.644055,6.25e-05
98.648055,-0.0002890625
98.652055,-3.90625e-05
98.656055,0.0004453125
98.660055,0.000109375
98.664055,-0.001421875
98.668055,3.90625e-05
98.672055,0.0005703125
98.676055,9.375e-05
98.680056,-0.0019296875
98.684055,-2.34375e-05
98.688055,0.0005
98.692055,0.0
98.696056,-0.0022109375000000002
98.700055,-2.34375e-05
98.704062,0.0009140625
98.708055,9.375e-05
98.712055,-0.0020703125
98.716055,-7.031250000000001e-05
98.720055,0.0009296875000000001
98.724055,3.90625e-05
98.728055,-0.0022890625
98.732055,0.0001640625
98.736055,0.0
98.740055,5.46875e-05
98.744055,8.59375e-05
98.748055,-0.000125
98.752055,-3.90625e-05
98.756055,0.0006015625
98.760059,3.125e-05
98.764059,-0.0011953125
98.768056,7.8125e-06
98.772056,0.0006953125
98.776055,8.59375e-05
98.780055,-0.001640625
98.784055,-1.5625e-05
98.788055,0.0007421875
98.792055,6.25e-05
98.796055,-0.002046875
98.800055,-7.8125e-06
98.804058,0.0009140625
98.808056,4.6875e-05
98.812055,-0.0023984375
98.816055,-0.00010156250000000001
98.820055,0.0009296875000000001
98.824055,-0.0001640625
98.828055,-0.0044062500000000004
98.832055,8.59375e-05
98.836055,4.6875e-05
98.840055,7.031250000000001e-05
98.844055,3.90625e-05
98.848055,-4.6875e-05
98.852055,2.34375e-05
98.856055,0.000125
98.860055,6.25e-05
98.864055,-0.0015859375
98.868055,6.25e-05
98.872055,0.0006328125
98.876055,0.0001328125
98.880055,-0.001640625
98.884055,0.0
98.888055,0.000734375
98.892055,0.00010156250000000001
98.896055,-0.001484375
98.900055,-6.25e-05
98.90406,0.0008203125
98.908055,7.8125e-06
98.912055,-0.00215625
98.916055,2.34375e-05
98.920055,0.0010078125
98.924055,-0.00014062500000000002
98.928055,-0.0022031250000000002
98.932055,-6.25e-05
98.936055,0.0010078125
98.940055,-4.6875e-05
98.944055,6.25e-05
98.948055,-7.031250000000001e-05
98.952055,3.90625e-05
98.956055,0.00020312500000000002
98.960055,0.00010156250000000001
98.964055,-0.0013125
98.968055,7.031250000000001e-05
98.972055,0.00053125
98.976055,0.000109375
98.980055,-0.002
98.984055,-7.8125e-06
98.988055,0.0005390625
98.992055,5.46875e-05
98.996055,-0.0015859375
99.000054,3.90625e-05
99.004057,0.0010546875
99.008055,5.46875e-05
99.012055,-0.0022421875000000003
99.016055,3.90625e-05
99.020055,0.0008671875
99.024055,-4.6875e-05
99.028054,-0.002125
99.032054,7.031250000000001e-05
99.036055,0.001015625
99.040055,5.46875e-05
99.044055,3.125e-05
99.048055,-0.000234375
99.052055,-4.6875e-05
99.056055,7.031250000000001e-05
99.060055,7.031250000000001e-05
99.064055,-0.0013359375
99.068055,-7.8125e-06
99.072055,0.0006015625
99.076055,4.6875e-05
99.080055,-0.0015390625
99.084055,-2.34375e-05
99.088055,0.0006718750000000001
99.092055,3.90625e-05
99.096055,-0.0016250000000000001
99.100055,-2.34375e-05
99.10406,0.00090625
99.108055,5.46875e-05
99.112055,-0.0021484375
99.116055,0.0
99.120055,0.0010546875
99.124055,9.375e-05
99.128055,-0.0020625
99.132055,0.000125
99.136055,0.0010546875
99.140055,4.6875e-05
99.144055,0.000125
99.148055,-0.00020312500000000002
99.152055,4.6875e-05
99.156055,-7.8125e-06
99.160055,9.375e-05
99.164055,-0.0016015625000000001
99.168055,2.34375e-05
99.172055,0.0007265625
99.176055,0.000109375
99.180055,-0.0016796875
99.184055,1.5625e-05
99.188055,0.0005859375
99.192055,7.031250000000001e-05
99.196055,-0.0015937500000000001
99.200055,-7.8125e-06
99.204059,0.0008359375
99.208055,9.375e-05
99.212055,-0.0021953125
99.216055,1.5625e-05
99.220055,0.0009140625
99.224055,-8.59375e-05
99.228055,-0.0019375
99.232055,-6.25e-05
99.236055,0.0011484375
99.240055,0.00014062500000000002
99.244055,7.031250000000001e-05
99.248055,-0.00010156250000000001
99.252055,-2.34375e-05
99.256055,0.0001796875
99.260055,8.59375e-05
99.264055,-0.001421875
99.268058,0.0
99.272057,0.00065625
99.276056,0.000109375
99.280055,-0.00146875
99.284055,2.34375e-05
99.288054,0.000703125
99.292055,8.59375e-05
99.296055,-0.001375
99.300055,3.125e-05
99.304057,0.0009453125
99.308055,7.8125e-05
99.312055,-0.002265625
99.316056,7.8125e-06
99.320055,0.0009218750000000001
99.324055,-4.6875e-05
99.328055,-0.0019765625
99.332055,-9.375e-05
99.336055,0.00103125
99.340055,9.375e-05
99.344055,6.25e-05
99.348055,-0.0003046875
99.352055,6.25e-05
99.356055,7.031250000000001e-05
99.360055,0.0001171875
99.364055,-0.001484375
99.368055,7.8125e-06
99.372055,0.000625
99.376055,4.6875e-05
99.380055,-0.00165625
99.384055,3.90625e-05
99.388055,0.00053125
99.392055,8.59375e-05
99.396055,-0.0016015625000000001
99.400055,-3.90625e-05
99.40406,0.0007265625
99.408055,7.8125e-06
99.412055,-0.0022031250000000002
99.416055,6.25e-05
99.420055,0.0009921875
99.424055,5.46875e-05
99.428055,-0.0018828125
99.432055,-0.0001875
99.436055,0.0011328125
99.440055,0.0
99.444055,-0.0037890625
99.448055,-0.0004375
99.452055,3.125e-05
99.456055,0.00015625
99.460055,7.031250000000001e-05
99.464055,-0.000359375
99.468055,2.34375e-05
99.472055,0.0006171875
99.476055,4.6875e-05
99.480054,-0.00165625
99.484055,-7.8125e-06
99.488055,0.0006171875
99.492055,4.6875e-05
99.496055,-0.00178125
99.500055,0.0
99.504057,0.0006953125
99.508056,7.031250000000001e-05
99.512055,-0.0022265625000000002
99.516055,2.34375e-05
99.520056,0.0010234375
99.524055,4.6875e-05
99.528055,-0.0020078125
99.532057,-3.125e-05
99.536056,0.0013046875
99.540055,0.00010156250000000001
99.544054,-0.003796875
99.548055,-0.00020312500000000002
99.552055,3.125e-05
99.556055,7.031250000000001e-05
99.560055,9.375e-05
99.564055,-0.000359375
99.568055,-2.34375e-05
99.572056,0.000703125
99.576056,7.031250000000001e-05
99.580056,-0.001828125
99.584055,4.6875e-05
99.588055,0.0007265625
99.592055,9.375e-05
99.596055,-0.001703125
99.600055,1.5625e-05
99.604058,0.0007578125
99.608055,-1.5625e-05
99.612055,-0.0021640625
99.616055,4.6875e-05
99.620055,0.0009765625
99.624055,1.5625e-05
99.628055,-0.0043671875
99.632055,-0.0001328125
99.636055,0.0011875
99.640055,0.0001484375
99.644055,-0.0011640625
99.648055,-0.0004375
99.652055,-1.5625e-05
99.656055,0.0002890625
99.660055,0.000109375
99.664055,-0.00025
99.668055,1.5625e-05
99.672055,0.0005625000000000001
99.676055,0.0001328125
99.680057,-0.0015859375
99.684056,-1.5625e-05
99.688055,0.0006796875000000001
99.692055,0.0
99.696055,-0.00165625
99.700055,7.8125e-06
99.704061,0.0006875
99.708055,8.59375e-05
99.712055,-0.0023203125
99.716055,3.90625e-05
99.720055,0.000984375
99.724055,6.25e-05
99.728055,-0.00196875
99.732055,-0.0002109375
99.736055,0.0011093750000000001
99.740055,6.25e-05
99.744055,-0.0012265625
99.748055,-0.000359375
99.752055,-7.8125e-06
99.756055,-2.34375e-05
99.760058,5.46875e-05
99.764057,-0.00039843750000000003
99.768056,5.46875e-05
99.772056,0.0006328125
99.776056,9.375e-05
99.780055,-0.0014296875
99.784055,7.8125e-06
99.788055,0.0005234375
99.792055,3.90625e-05
99.796055,-0.0017421875
99.800055,-7.8125e-06
99.804063,0.00071875
99.808056,5.46875e-05
99.812056,-0.002015625
99.816055,4.6875e-05
99.820055,0.00096875
99.824055,7.8125e-05
99.828055,-0.0019375
99.832055,-0.0001484375
99.836055,0.0008671875
99.840055,0.0001328125
99.844055,-0.0011171875000000001
99.848055,-0.0002109375
99.852055,3.90625e-05
99.856055,0.00015625
99.860055,0.00010156250000000001
99.864055,-0.000375
99.868055,5.46875e-05
99.872055,0.0006484375
99.876055,9.375e-05
99.880055,-0.001703125
99.884055,-1.5625e-05
99.888055,0.0006875
99.892055,0.0001328125
99.896055,-0.0016953125
99.900055,-6.25e-05
99.90406,0.0007890625
99.908055,-7.8125e-06
99.912055,-0.00209375
99.916055,-0.000109375
99.920055,0.0010625
99.924055,0.00010156250000000001
99.928055,-0.0016640625
99.932055,5.46875e-05
99.936056,0.0006640625
99.940055,0.0002265625
99.944055,-0.0012109375
99.948055,-0.00020312500000000002
99.952055,0.000390625
99.956055,-1.5625e-05
99.960055,0.0001328125
99.964055,-0.0004140625
99.968055,1.5625e-05
99.972055,0.0002734375
99.976055,7.031250000000001e-05
99.980055,-0.0016093750000000001
99.984055,7.8125e-06
99.988054,0.00065625
99.992054,9.375e-05
99.996055,-0.00171875
100.000055,3.125e-05
100.004086,0.00075
100.008055,0.00010156250000000001
100.012055,-0.0018125
100.016055,0.0
100.020055,0.0010546875
100.024055,7.031250000000001e-05
100.028055,-0.003765625
100.032055,2.34375e-05
100.036055,0.000484375
100.040055,0.0003046875
100.044055,-0.00096875
100.048055,-0.0002421875
100.052054,0.0004921875
100.056054,0.0001796875
100.060055,3.90625e-05
100.064055,-0.00020312500000000002
100.068055,3.125e-05
100.072055,0.000359375
100.076055,8.59375e-05
100.080055,-0.001546875
100.084055,-9.375e-05
100.088055,0.0006171875
100.092055,-2.34375e-05
100.096055,-0.001703125
100.100055,-4.6875e-05
100.10406,0.000828125
100.108055,2.34375e-05
100.112055,-0.0020703125
100.116055,0.0
100.120055,0.001078125
100.124055,8.59375e-05
100.128055,-0.0037265625000000003
100.132055,1.5625e-05
100.136055,0.000578125
100.140055,-3.125e-05
100.144055,-0.0010546875
100.148055,-0.000421875
100.152055,0.0003515625
100.156055,7.8125e-05
100.160055,0.0001171875
100.164055,-0.00059375
100.168055,1.5625e-05
100.172055,0.0003671875
100.176055,0.0001328125
100.180055,-0.001671875
100.184055,1.5625e-05
100.188055,0.00071875
100.192055,7.031250000000001e-05
100.196055,-0.0021171875
100.200055,-9.375e-05
100.204059,0.0008359375
100.208055,4.6875e-05
100.212055,-0.00196875
100.216055,-2.34375e-05
100.220055,0.001171875
100.224055,6.25e-05
100.228056,-0.001171875
100.232055,7.8125e-06
100.236055,0.0005078125
100.240055,0.00010156250000000001
100.244055,-0.001140625
100.248055,-0.0001796875
100.252055,0.00046093750000000003
100.256058,0.0001484375
100.260058,0.0001171875
100.264056,-0.00053125
100.268055,3.90625e-05
100.272055,0.00020312500000000002
100.276055,0.00010156250000000001
100.280055,-0.0012890625
100.284055,7.8125e-06
100.288055,0.00075
100.292055,8.59375e-05
100.296055,-0.001921875
100.300056,2.34375e-05
100.304063,0.000765625
100.308055,5.46875e-05
100.312055,-0.002046875
100.316055,-7.031250000000001e-05
100.320055,0.001046875
100.324055,8.59375e-05
100.328055,-0.0036796875000000002
100.332055,3.125e-05
100.336055,0.0004765625
100.340055,0.0002109375
100.344055,-0.001078125
100.348055,-0.00015625
100.352055,0.0004921875
100.356055,0.00021875
100.360055,4.6875e-05
100.364055,-0.000703125
100.368055,-2.34375e-05
100.372055,0.0004296875
100.376055,7.031250000000001e-05
100.380055,-0.00175
100.384055,7.8125e-06
100.388055,0.0007734375
100.392055,9.375e-05
100.396055,-0.001796875
100.400055,2.34375e-05
100.404058,0.000859375
100.408055,9.375e-05
100.412055,-0.002015625
100.416055,-3.125e-05
100.420055,0.00075
100.424055,0.000109375
100.428056,-0.0011093750000000001
100.432055,8.59375e-05
100.436055,0.0004921875
100.440055,4.6875e-05
100.444055,-0.0008671875
100.448055,-0.0004296875
100.452055,0.0005546875000000001
100.456055,0.00025
100.460055,-0.0008046875000000001
100.464055,-0.00071875
100.468055,3.125e-05
100.472055,0.00046093750000000003
100.476055,4.6875e-05
100.480055,-0.0009609375
100.484055,-4.6875e-05
100.488055,0.000609375
100.492055,0.000171875
100.496055,-0.0018359375000000001
100.500054,2.34375e-05
100.504056,0.0007890625
100.508056,3.90625e-05
100.512055,-0.0020234375
100.516055,-5.46875e-05
100.520055,0.0007265625
100.524055,7.8125e-06
100.528055,-0.0011015625000000001
100.532058,7.031250000000001e-05
100.536057,0.0005
100.540055,-0.0002265625
100.544055,-0.001
100.548055,-0.00040625000000000004
100.552055,0.0004765625
100.556055,7.031250000000001e-05
100.560055,-0.000703125
100.564054,-0.0008203125
100.568054,-3.90625e-05
100.572056,0.00033593750000000003
100.576056,8.59375e-05
100.580055,-0.0008203125
100.584055,3.90625e-05
100.588055,0.00075
100.592055,0.00010156250000000001
100.596055,-0.0019765625
100.600055,-2.34375e-05
100.604062,0.0006875
100.608055,2.34375e-05
100.612055,-0.00209375
100.616055,7.8125e-06
100.620055,0.00071875
100.624055,4.6875e-05
100.628055,-0.00125
100.632055,5.46875e-05
100.636055,0.0004453125
100.640055,-1.5625e-05
100.644055,-0.00096875
100.648055,-0.000328125
100.652055,0.0005234375
100.656055,0.0002890625
100.660055,-0.000703125
100.664055,-0.0008359375
100.668055,-6.25e-05
100.672055,0.000390625
100.676055,0.000125
100.680057,-0.00078125
100.684056,-1.5625e-05
100.688055,0.0007421875
100.692055,8.59375e-05
100.696056,-0.001953125
100.700055,4.6875e-05
100.704061,0.0007968750000000001
100.708055,1.5625e-05
100.712055,-0.001953125
100.716055,4.6875e-05
100.720055,0.0007734375
100.724055,2.34375e-05
100.728055,-0.000984375
100.732055,6.25e-05
100.736055,0.0004765625
100.740055,0.0001328125
100.744055,-0.0008828125
100.748056,-0.0005
100.752055,0.00046093750000000003
100.756055,0.000265625
100.760056,-0.00046875
100.764058,-0.00078125
100.768057,5.46875e-05
100.772056,0.00034375
100.776055,5.46875e-05
100.780056,-0.000765625
100.784055,1.5625e-05
100.788055,0.0007265625
100.792055,5.46875e-05
100.796055,-0.0021640625
100.800055,4.6875e-05
100.804058,0.000765625
100.808055,6.25e-05
100.812056,-0.0018515625000000001
100.816056,3.125e-05
100.820055,0.0007968750000000001
100.824055,7.031250000000001e-05
100.828055,-0.0011171875000000001
100.832055,0.0
100.836055,0.00046875
100.840055,-3.90625e-05
100.844055,-0.0007968750000000001
100.848055,-0.0005234375
100.852055,0.0006640625
100.856055,0.0003125
100.860055,-1.5625e-05
100.864055,-0.000765625
100.868055,5.46875e-05
100.872055,0.0003671875
100.876055,4.6875e-05
100.880055,-0.0006953125
100.884055,2.34375e-05
100.888055,0.0007421875
100.892055,3.90625e-05
100.896055,-0.001734375
100.900055,5.46875e-05
100.904061,0.000890625
100.908055,0.000109375
100.912055,-0.0020234375
100.916055,-3.90625e-05
100.920055,0.0007578125
100.924055,-7.8125e-06
100.928055,-0.0019140625
100.932055,-2.34375e-05
100.936056,0.000421875
100.940055,-7.8125e-05
100.944055,-0.0006953125
100.948055,-0.0001171875
100.952055,0.0006171875
100.956055,0.000359375
100.960055,-7.8125e-06
100.964055,-0.0008671875
100.968055,0.0
100.972055,0.0003515625
100.976055,0.000125
100.980055,-0.0008125000000000001
100.984055,0.0
100.988056,0.0003515625
100.992055,0.0001171875
100.996055,-0.0019453125
101.000055,2.34375e-05
101.004057,0.0006953125
101.008056,8.59375e-05
101.012054,-0.0018593750000000001
101.016056,-3.125e-05
101.020055,0.000765625
101.024055,2.34375e-05
101.028055,-0.0020390625
101.032055,0.000125
101.036055,0.00046875
101.040055,7.8125e-06
101.044055,-0.0007734375
101.048055,-0.00010156250000000001
101.052055,0.0006171875
101.056055,0.000390625
101.060055,-3.90625e-05
101.064055,-0.0007109375
101.068055,3.90625e-05
101.072055,0.0002890625
101.076054,0.0001171875
101.080055,-0.0010703125
101.084055,3.125e-05
101.088055,0.00034375
101.092055,7.8125e-05
101.096055,-0.00178125
101.100055,3.125e-05
101.10406,0.000828125
101.108055,9.375e-05
101.112055,-0.0019609375
101.116055,-1.5625e-05
101.120055,0.0008046875000000001
101.124055,6.25e-05
101.128055,-0.0020546875
101.132055,8.59375e-05
101.136055,0.00046875
101.140055,8.59375e-05
101.144055,-0.0006484375
101.148055,3.90625e-05
101.152055,0.0007968750000000001
101.156055,0.00033593750000000003
101.160055,7.8125e-06
101.164055,-0.000546875
101.168055,3.90625e-05
101.172055,0.000484375
101.176055,7.031250000000001e-05
101.180055,-0.0009453125
101.184055,7.8125e-06
101.188055,0.000328125
101.192055,7.8125e-06
101.196055,-0.0021796875
101.200055,2.34375e-05
101.20406,0.00071875
101.208055,7.8125e-05
101.212055,-0.0019375
101.216055,-5.46875e-05
101.220055,0.0009218750000000001
101.224055,-5.46875e-05
101.228055,-0.001953125
101.232055,-0.000109375
101.236055,0.0004296875
101.240055,-0.0001171875
101.244055,-0.000734375
101.248055,-0.0001484375
101.252056,0.0007578125
101.256055,0.00033593750000000003
101.260055,4.6875e-05
101.264057,-0.00096875
101.268057,-3.90625e-05
101.272055,0.000234375
101.276055,7.031250000000001e-05
101.280055,-0.0010625
101.284055,4.6875e-05
101.288055,0.000390625
101.292055,6.25e-05
101.296055,-0.001890625
101.300055,-1.5625e-05
101.304063,0.0007265625
101.308056,4.6875e-05
101.312056,-0.00209375
101.316055,7.031250000000001e-05
101.320055,0.000859375
101.324055,-5.46875e-05
101.328055,-0.0021640625
101.332054,5.46875e-05
101.336054,0.00046093750000000003
101.340055,-8.59375e-05
101.344055,-0.0009453125
101.348055,-0.00021875
101.352055,0.0005390625
101.356055,0.000421875
101.360055,3.125e-05
101.364055,-0.000734375
101.368055,-3.90625e-05
101.372055,0.000359375
101.376055,8.59375e-05
101.380055,-0.000859375
101.384055,4.6875e-05
101.388055,0.000359375
101.392055,0.000109375
101.396055,-0.001984375
101.400055,1.5625e-05
101.404058,0.0006953125
101.408055,-1.5625e-05
101.412055,-0.0017890625
101.416055,8.59375e-05
101.420055,0.0008828125
101.424055,0.0
101.428055,-0.002265625
101.432055,0.0001328125
101.436056,0.0008984375
101.440055,3.125e-05
101.444055,-0.000859375
101.448055,3.125e-05
101.452055,0.000421875
101.456055,6.25e-05
101.460055,7.031250000000001e-05
101.464055,-0.000890625
101.468055,0.0
101.472055,0.00034375
101.476055,3.125e-05
101.480055,-0.001078125
101.484055,7.031250000000001e-05
101.488055,0.0005078125
101.492055,9.375e-05
101.496055,-0.00128125
101.500055,1.5625e-05
101.504059,0.0007890625
101.508054,7.8125e-05
101.512055,-0.0019609375
101.516055,1.5625e-05
101.520055,0.0008203125
101.524054,1.5625e-05
101.528054,-0.0021328125
101.532055,0.00014062500000000002
101.536055,0.0009140625
101.540057,-7.8125e-06
101.544058,-0.000484375
101.548056,2.34375e-05
101.552055,0.0003515625
101.556055,0.00020312500000000002
101.560055,5.46875e-05
101.564055,-0.000859375
101.568056,-3.125e-05
101.572055,0.0003828125
101.576056,2.34375e-05
101.580056,-0.00084375
101.584056,-3.90625e-05
101.588055,0.0005078125
101.592055,8.59375e-05
101.596056,-0.0011093750000000001
101.600055,-1.5625e-05
101.604062,0.000859375
101.608055,4.6875e-05
101.612056,-0.00190625
101.616055,2.34375e-05
101.620055,0.0008671875
101.624055,-0.0001171875
101.628055,-0.002171875
101.632055,-0.0001171875
101.636055,0.0009609375
101.640055,-3.90625e-05
101.644055,-0.0003203125
101.648055,-7.8125e-05
101.652056,7.031250000000001e-05
101.656055,7.8125e-06
101.660055,7.8125e-06
101.664055,-0.0009140625
101.668055,2.34375e-05
101.672055,0.000359375
101.676055,0.000109375
101.680057,-0.001078125
101.684056,1.5625e-05
101.688055,0.0005
101.692055,3.90625e-05
101.696056,-0.001375
101.700055,-3.125e-05
101.704062,0.00078125
101.708055,5.46875e-05
101.712055,-0.0018593750000000001
101.716055,3.90625e-05
101.720055,0.000828125
101.724055,-7.8125e-06
101.728055,-0.0021328125
101.732055,5.46875e-05
101.736055,0.0009218750000000001
101.740056,-1.5625e-05
101.744055,7.8125e-06
101.748055,-0.0001328125
101.752055,-7.8125e-06
101.75606,7.8125e-06
101.760057,6.25e-05
101.764056,-0.0006953125
101.768056,3.90625e-05
101.772056,0.00040625000000000004
101.776055,7.8125e-05
101.780055,-0.0011953125
101.784055,5.46875e-05
101.788055,0.0004453125
101.792055,0.00010156250000000001
101.796055,-0.0012265625
101.800055,-3.90625e-05
101.804063,0.0006640625
101.808056,6.25e-05
101.812056,-0.002046875
101.816055,3.90625e-05
101.820055,0.000890625
101.824055,-0.00010156250000000001
101.828055,-0.002546875
101.832055,-3.125e-05
101.836055,0.00090625
101.840055,0.00015625
101.844055,-7.8125e-06
101.848055,-2.34375e-05
101.852055,-6.25e-05
101.856055,-3.125e-05
101.860055,4.6875e-05
101.864055,-0.0008984375
101.868055,4.6875e-05
101.872055,0.0003828125
101.876055,7.031250000000001e-05
101.880055,-0.0011250000000000001
101.884055,5.46875e-05
101.888055,0.000484375
101.892055,0.00010156250000000001
101.896055,-0.0013828125
101.900055,4.6875e-05
101.904057,0.0008515625
101.908055,3.90625e-05
101.912055,-0.0019453125
101.916055,4.6875e-05
101.920055,0.00090625
101.924055,-0.0001640625
101.928055,-0.0021796875
101.932056,-7.031250000000001e-05
101.936055,0.0009375
101.940055,1.5625e-05
101.944055,-0.0021015625
101.948055,-4.6875e-05
101.952055,2.34375e-05
101.956055,-3.90625e-05
101.960055,3.125e-05
101.964055,4.6875e-05
101.968055,7.031250000000001e-05
101.972055,0.00033593750000000003
101.976055,5.46875e-05
101.980055,-0.001203125
101.984055,4.6875e-05
101.988055,0.0005390625
101.992055,8.59375e-05
101.996055,-0.0013359375
102.000055,-0.0001328125
102.004059,0.0005078125
102.008055,-7.8125e-06
102.012056,-0.002078125
102.016055,-3.125e-05
102.020055,0.000953125
102.024055,7.031250000000001e-05
102.028055,-0.0022890625
102.032055,7.8125e-06
102.036055,0.0008828125
102.040055,-4.6875e-05
102.044055,-0.002
102.048055,-0.0001171875
102.052055,3.90625e-05
102.056055,5.46875e-05
102.060055,4.6875e-05
102.064055,4.6875e-05
102.068055,-7.8125e-06
102.072055,0.0002890625
102.076055,4.6875e-05
102.080055,-0.001171875
102.084055,-3.125e-05
102.088055,0.00053125
102.092055,4.6875e-05
102.096055,-0.0013359375
102.100055,0.0
102.104057,0.0006171875
102.108056,0.0001328125
102.112055,-0.002171875
102.116055,7.8125e-06
102.120055,0.0009218750000000001
102.124055,3.90625e-05
102.128055,-0.0022500000000000003
102.132055,-1.5625e-05
102.136055,0.00090625
102.140055,0.0001171875
102.144055,-0.0021875
102.148055,-5.46875e-05
102.152055,-2.34375e-05
102.156055,6.25e-05
102.160055,2.34375e-05
102.164055,7.8125e-06
102.168055,1.5625e-05
102.172055,0.0003828125
102.176055,7.031250000000001e-05
102.180055,-0.0011250000000000001
102.184055,-5.46875e-05
102.188055,0.0005625000000000001
102.192055,2.34375e-05
102.196055,-0.0012109375
102.200055,7.8125e-06
102.20406,0.0006015625
102.208055,6.25e-05
102.212055,-0.002109375
102.216055,4.6875e-05
102.220055,0.0009765625
102.224055,-1.5625e-05
102.228056,-0.0020625
102.232055,2.34375e-05
102.236055,0.0008828125
102.240055,3.90625e-05
102.244055,-0.0023046875
102.248055,7.8125e-06
102.252055,1.5625e-05
102.256055,-9.375e-05
102.260055,4.6875e-05
102.264058,-0.00015625
102.268057,0.0
102.272057,0.000359375
102.276056,7.8125e-06
102.280057,-0.001390625
102.284056,1.5625e-05
102.288055,0.0004140625
102.292055,9.375e-05
102.296055,-0.0014296875
102.300055,2.34375e-05
102.304064,0.0006953125
102.308055,0.000109375
102.312055,-0.002125
102.316056,-2.34375e-05
102.320055,0.00090625
102.324055,0.00010156250000000001
102.328055,-0.0021171875
102.332055,-0.0001953125
102.336055,0.0008046875000000001
102.340055,-7.8125e-06
102.344055,-0.0021640625
102.348055,-5.46875e-05
102.352055,-5.46875e-05
102.356054,-7.8125e-06
102.360054,5.46875e-05
102.364055,-4.6875e-05
102.368055,1.5625e-05
102.372055,0.00040625000000000004
102.376055,9.375e-05
102.380055,-0.001296875
102.384055,3.125e-05
102.388055,0.000578125
102.392055,7.8125e-05
102.396055,-0.0012890625
102.400055,1.5625e-05
102.404058,0.00065625
102.408055,6.25e-05
102.412055,-0.002265625
102.416055,-4.6875e-05
102.420055,0.00090625
102.424055,5.46875e-05
102.428055,-0.0022890625
102.432055,-0.00015625
102.436055,0.0008984375
102.440055,7.031250000000001e-05
102.444055,-0.002421875
102.448055,-7.8125e-05
102.452055,0.0008828125
102.456055,-6.25e-05
102.460055,6.25e-05
102.464055,-2.34375e-05
102.468055,-7.8125e-06
102.472055,0.0001875
102.476055,8.59375e-05
102.480055,-0.001390625
102.484055,-1.5625e-05
102.488055,0.00046093750000000003
102.492055,7.031250000000001e-05
102.496055,-0.001453125
102.500055,4.6875e-05
102.50406,0.00059375
102.508055,7.031250000000001e-05
102.512055,-0.0016484375
102.516055,5.46875e-05
102.520055,0.001
102.524055,6.25e-05
102.528055,-0.0024453125
102.532055,3.90625e-05
102.536055,0.0009140625
102.540055,0.0001796875
102.544058,-0.0022578125
102.548055,3.125e-05
102.552055,0.0009140625
102.556055,-0.000109375
102.560055,9.375e-05
102.564055,-0.0001484375
102.568056,-2.34375e-05
102.572055,8.59375e-05
102.576055,7.8125e-05
102.580055,-0.00121875
102.584054,3.90625e-05
102.588056,0.0004765625
102.592055,0.000125
102.596055,-0.0014296875
102.600055,-7.8125e-06
102.604058,0.0005703125
102.608055,7.031250000000001e-05
102.612055,-0.0015937500000000001
102.616055,-2.34375e-05
102.620055,0.0009609375
102.624055,4.6875e-05
102.628055,-0.0045390625
102.632055,2.34375e-05
102.636055,0.001
102.640055,0.0001328125
102.644055,-0.0022187500000000002
102.648055,3.125e-05
102.652055,0.0009296875000000001
102.656055,-0.00010156250000000001
102.660055,8.59375e-05
102.664055,-7.8125e-05
102.668055,3.125e-05
102.672055,-3.90625e-05
102.676055,3.125e-05
102.680058,-0.0013593750000000001
102.684056,3.90625e-05
102.688055,0.000515625
102.692055,5.46875e-05
102.696056,-0.001765625
102.700055,-3.90625e-05
102.704062,0.0005703125
102.708055,1.5625e-05
102.712055,-0.0016953125
102.716055,-6.25e-05
102.720055,0.0009453125
102.724055,4.6875e-05
102.728055,-0.00471875
102.732055,-2.34375e-05
102.736055,0.001046875
102.740055,-7.8125e-06
102.744055,-0.0045234375
102.748055,-2.34375e-05
102.752055,0.0010390625
102.756059,-1.5625e-05
102.760057,7.031250000000001e-05
102.764056,6.25e-05
102.768055,2.34375e-05
102.772055,0.000171875
102.776055,0.00010156250000000001
102.780055,-0.001203125
102.784055,3.90625e-05
102.788056,0.0005703125
102.792055,5.46875e-05
102.796055,-0.001421875
102.800055,9.375e-05
102.804063,0.0006640625
102.808055,7.031250000000001e-05
102.812055,-0.0015234375
102.816055,4.6875e-05
102.820055,0.0007890625
102.824055,5.46875e-05
102.828055,-0.004578125
102.832055,-3.125e-05
102.836055,0.0010078125
102.840055,7.8125e-06
102.844055,-0.004234375
102.848055,9.375e-05
102.852055,0.001
102.856055,-0.0001171875
102.860055,5.46875e-05
102.864055,-0.0001640625
102.868055,0.0
102.872055,0.000171875
102.876055,8.59375e-05
102.880055,-0.00128125
102.884055,-5.46875e-05
102.888055,0.0004765625
102.892055,0.000125
102.896055,-0.0016093750000000001
102.900055,6.25e-05
102.90406,0.0005859375
102.908055,3.125e-05
102.912055,-0.001671875
102.916055,-1.5625e-05
102.920055,0.0008828125
102.924055,5.46875e-05
102.928055,-0.0021796875
102.932055,-7.031250000000001e-05
102.936055,0.00090625
102.940055,5.46875e-05
102.944055,-0.0021328125
102.948055,5.46875e-05
102.952055,0.0009375
102.956055,2.34375e-05
102.960055,-0.0019453125
102.964055,-0.00028125000000000003
102.968055,2.34375e-05
102.972055,6.25e-05
102.976055,3.90625e-05
102.980055,-0.00034375
102.984055,-2.34375e-05
102.988055,0.00046875
102.992055,7.8125e-05
102.996055,-0.0015546875
103.000054,6.25e-05
103.00406,0.0006015625
103.008055,3.125e-05
103.012055,-0.0016484375
103.016055,-3.90625e-05
103.020055,0.0006328125
103.024055,5.46875e-05
103.028054,-0.00209375
103.032055,5.46875e-05
103.036055,0.000890625
103.040055,3.90625e-05
103.044055,-0.002125
103.048055,0.000171875
103.052055,0.0010078125
103.056055,0.0001484375
103.060055,-0.001875
103.064055,-7.8125e-05
103.068055,-5.46875e-05
103.072055,7.8125e-05
103.076055,6.25e-05
103.080055,-0.0004296875
103.084055,-7.8125e-06
103.088055,0.00059375
103.092055,0.0001328125
103.096055,-0.0015
103.100055,3.125e-05
103.104057,0.0006875
103.108055,1.5625e-05
103.112055,-0.0016171875000000001
103.116055,-3.125e-05
103.120055,0.000578125
103.124055,3.90625e-05
103.128054,-0.0021171875
103.132056,4.6875e-05
103.136055,0.001
103.140055,3.90625e-05
103.144055,-0.002078125
103.148055,-3.125e-05
103.152055,0.0010234375
103.156055,7.8125e-06
103.160055,-0.0018828125
103.164055,-3.90625e-05
103.168055,2.34375e-05
103.172055,0.00015625
103.176055,0.000109375
103.180055,-0.000375
103.184055,-7.8125e-06
103.188055,0.00065625
103.192055,0.000125
103.196055,-0.0015234375
103.200055,1.5625e-05
103.204066,0.000578125
103.208056,4.6875e-05
103.212056,-0.0015625
103.216055,3.90625e-05
103.220055,0.000734375
103.224055,2.34375e-05
103.228055,-0.0022734375
103.232055,4.6875e-05
103.236055,0.00096875
103.240056,8.59375e-05
103.244055,-0.0022187500000000002
103.248055,-8.59375e-05
103.252055,0.0009296875000000001
103.256055,2.34375e-05
103.260055,-0.0016953125
103.264055,-0.00021875
103.268058,3.125e-05
103.272057,0.0001328125
103.276056,5.46875e-05
103.280056,-0.00021875
103.284055,9.375e-05
103.288055,0.0006484375
103.292056,3.90625e-05
103.296055,-0.00153125
103.300055,1.5625e-05
103.304064,0.0006875
103.308056,3.125e-05
103.312057,-0.001453125
103.316056,1.5625e-05
103.320055,0.000703125
103.324055,9.375e-05
103.328055,-0.0022890625
103.332055,-4.6875e-05
103.336055,0.0009609375
103.340055,5.46875e-05
103.344055,-0.0021171875
103.348055,5.46875e-05
103.352055,0.0008828125
103.356055,5.46875e-05
103.360055,-0.0017265625
103.364055,-0.0002421875
103.368055,-7.8125e-06
103.372055,-7.8125e-06
103.376055,7.8125e-05
103.380054,-0.0004140625
103.384055,3.90625e-05
103.388055,0.00065625
103.392055,3.90625e-05
103.396055,-0.0019140625
103.400055,-7.031250000000001e-05
103.404058,0.000515625
103.408055,7.031250000000001e-05
103.412055,-0.001703125
103.416055,7.8125e-06
103.420055,0.0006718750000000001
103.424055,5.46875e-05
103.428055,-0.0020546875
103.432056,-5.46875e-05
103.436055,0.0010390625
103.440055,9.375e-05
103.444055,-0.002
103.448055,0.0001171875
103.452055,0.0011640625
103.456055,0.0001171875
103.460055,-0.0038515625
103.464055,-0.0002578125
103.468055,4.6875e-05
103.472055,8.59375e-05
103.476055,3.125e-05
103.480055,-0.000359375
103.484055,-5.46875e-05
103.488055,0.00014062500000000002
103.492055,8.59375e-05
103.496055,-0.0015234375
103.500055,2.34375e-05
103.50406,0.0006640625
103.508054,3.90625e-05
103.512055,-0.0014765625
103.516055,3.125e-05
103.520055,0.000734375
103.524055,3.90625e-05
103.528055,-0.0018359375000000001
103.532055,-4.6875e-05
103.536055,0.0008984375
103.540055,0.0
103.544057,-0.00353125
103.548058,4.6875e-05
103.552056,0.001140625
103.556056,6.25e-05
103.560055,-0.003640625
103.564055,-0.0001875
103.568055,0.0005703125
103.572055,0.00025
103.576054,7.8125e-05
103.580055,-0.0001953125
103.584055,-5.46875e-05
103.588056,0.00015625
103.592056,0.0001328125
103.596055,-0.001765625
103.600055,7.8125e-06
103.604058,0.000578125
103.608055,7.8125e-05
103.612055,-0.0013437500000000001
103.616055,6.25e-05
103.620055,0.000640625
103.624056,8.59375e-05
103.628056,-0.0017890625
103.632056,0.0
103.636055,0.000953125
103.640055,-1.5625e-05
103.644055,-0.0019296875
103.648055,-8.59375e-05
103.652055,0.000984375
103.656055,-7.8125e-06
103.660055,-0.0037734375
103.664055,-0.0004296875
103.668055,0.000546875
103.672055,3.90625e-05
103.676055,7.031250000000001e-05
103.680057,-0.000359375
103.684056,-8.59375e-05
103.688055,0.0001796875
103.692055,9.375e-05
103.696056,-0.0015546875
103.700055,-2.34375e-05
103.704062,0.0005546875000000001
103.708055,0.00010156250000000001
103.712055,-0.001890625
103.716055,-2.34375e-05
103.720055,0.000609375
103.724055,8.59375e-05
103.728055,-0.00203125
103.732055,1.5625e-05
103.736055,0.000984375
103.740055,0.00010156250000000001
103.744055,-0.0018359375000000001
103.748055,3.90625e-05
103.752055,0.0013203125
103.756055,3.90625e-05
103.760058,-0.0012421875
103.764058,-0.000328125
103.768056,0.0005
103.772055,0.00014062500000000002
103.776055,4.6875e-05
103.780055,-0.0004140625
103.784056,7.8125e-06
103.788055,2.34375e-05
103.792055,0.0001171875
103.796055,-0.0013671875000000001
103.800055,3.125e-05
103.804064,0.0006875
103.808056,0.0001328125
103.812055,-0.0016015625000000001
103.816055,3.90625e-05
103.820055,0.0006484375
103.824055,5.46875e-05
103.828055,-0.0018359375000000001
103.832055,0.0
103.836055,0.00090625
103.840055,4.6875e-05
103.844055,-0.0018359375000000001
103.848055,2.34375e-05
103.852055,0.0013203125
103.856055,0.000109375
103.860055,-0.00175
103.864055,-0.0002109375
103.868055,0.000484375
103.872055,0.000125
103.876055,9.375e-05
103.880055,-0.000296875
103.884055,6.25e-05
103.888055,0.000125
103.892055,7.031250000000001e-05
103.896055,-0.001546875
103.900055,-2.34375e-05
103.90406,0.0005546875000000001
103.908055,0.00010156250000000001
103.912055,-0.001640625
103.916055,-3.125e-05
103.920055,0.0006328125
103.924055,7.031250000000001e-05
103.928055,-0.0018593750000000001
103.932055,-1.5625e-05
103.936055,0.00090625
103.940055,2.34375e-05
103.944055,-0.00209375
103.948055,1.5625e-05
103.952055,0.0011328125
103.956055,7.8125e-05
103.960055,-0.0013203125
103.964055,-0.000390625
103.968055,0.0005078125
103.972055,0.0001953125
103.976055,3.90625e-05
103.980055,-0.0002421875
103.984055,4.6875e-05
103.988055,0.0003046875
103.992055,8.59375e-05
103.996055,-0.0007109375
104.000054,2.34375e-05
104.004061,0.00075
104.008055,0.0001171875
104.012055,-0.0015859375
104.016055,-7.8125e-06
104.020055,0.0007578125
104.024054,0.0
104.028055,-0.001890625
104.032055,3.90625e-05
104.036055,0.0008046875000000001
104.040055,3.90625e-05
104.044055,-0.0020078125
104.048055,0.0
104.052054,0.0009921875
104.056055,3.125e-05
104.060055,-0.0012578125
104.064055,-0.0003125
104.068055,0.00040625000000000004
104.072055,8.59375e-05
104.076055,-0.000828125
104.080055,-0.00039843750000000003
104.084054,-1.5625e-05
104.088055,0.0001875
104.092055,0.0001328125
104.096055,-0.0007265625
104.100055,1.5625e-05
104.104057,0.000625
104.108055,5.46875e-05
104.112056,-0.0017578125
104.116055,3.125e-05
104.120055,0.000640625
104.124055,7.031250000000001e-05
104.128055,-0.0020078125
104.132055,-3.90625e-05
104.136055,0.0008359375
104.140055,3.125e-05
104.144055,-0.00190625
104.148055,-3.125e-05
104.152055,0.0007578125
104.156055,2.34375e-05
104.160055,-0.00121875
104.164055,-0.00040625000000000004
104.168055,0.000390625
104.172055,0.0001796875
104.176055,-0.0008515625
104.180055,-0.0004140625
104.184055,-1.5625e-05
104.188055,0.0002421875
104.192055,7.8125e-05
104.196055,-0.0009218750000000001
104.200056,2.34375e-05
104.20406,0.000703125
104.208055,9.375e-05
104.212055,-0.0018593750000000001
104.216055,7.8125e-05
104.220055,0.00075
104.224055,4.6875e-05
104.228055,-0.0019453125
104.232055,6.25e-05
104.236055,0.0006484375
104.240055,4.6875e-05
104.244055,-0.003953125
104.248055,-7.8125e-06
104.252055,0.0008046875000000001
104.256079,2.34375e-05
104.260058,-0.0010703125
104.264055,-0.0002265625
104.268056,0.0004921875
104.272055,0.0001875
104.276055,-0.0007265625
104.280055,-0.00014062500000000002
104.284055,2.34375e-05
104.288055,0.0003828125
104.292055,0.0001328125
104.296055,-0.0008359375
104.300056,5.46875e-05
104.304063,0.0006796875000000001
104.308055,2.34375e-05
104.312055,-0.0016875
104.316055,3.125e-05
104.320055,0.0008671875
104.324055,7.031250000000001e-05
104.328055,-0.0018437500000000001
104.332055,7.8125e-06
104.336055,0.000734375
104.340055,1.5625e-05
104.344055,-0.003890625
104.348055,7.8125e-06
104.352055,0.000515625
104.356055,7.031250000000001e-05
104.360056,-0.001015625
104.364056,-0.0004296875
104.368055,0.0005078125
104.372055,7.8125e-05
104.376055,-0.000640625
104.380055,-0.000484375
104.384055,0.0
104.388055,0.0002890625
104.392055,0.00010156250000000001
104.396055,-0.000734375
104.400055,-3.125e-05
104.40406,0.0006640625
104.408054,0.00010156250000000001
104.412055,-0.0018437500000000001
104.416055,4.6875e-05
104.420055,0.0007890625
104.424055,7.8125e-05
104.428055,-0.002015625
104.432055,-7.031250000000001e-05
104.436055,0.0008046875000000001
104.440055,4.6875e-05
104.444055,-0.0012734375
104.448055,-4.6875e-05
104.452055,0.0004296875
104.456055,-4.6875e-05
104.460055,-0.0010546875
104.464055,-0.0002421875
104.468055,0.00046093750000000003
104.472055,0.0001171875
104.476055,-0.000546875
104.480055,-0.000625
104.484055,-3.90625e-05
104.488055,0.00040625000000000004
104.492055,7.8125e-05
104.496054,-0.0008671875
104.500055,8.59375e-05
104.504057,0.000390625
104.508055,-7.8125e-06
104.512055,-0.0018359375000000001
104.516055,3.90625e-05
104.520055,0.00075
104.524055,5.46875e-05
104.528055,-0.0020546875
104.532056,-7.8125e-06
104.536058,0.00078125
104.540056,0.00010156250000000001
104.544055,-0.00178125
104.548055,-2.34375e-05
104.552056,0.000578125
104.556055,7.8125e-06
104.560055,-0.0011171875000000001
104.564055,6.25e-05
104.568055,0.00040625000000000004
104.572055,0.00014062500000000002
104.576056,-0.0007890625
104.580055,-0.0006640625
104.584055,0.0006171875
104.588056,0.000421875
104.592056,0.000125
104.596055,-0.0007968750000000001
104.600054,3.125e-05
104.604057,0.0003203125
104.608055,0.0001171875
104.612055,-0.0018515625000000001
104.616055,3.90625e-05
104.620055,0.0007734375
104.624055,0.0001328125
104.628055,-0.0019140625
104.632055,-7.031250000000001e-05
104.636055,0.0008203125
104.640055,9.375e-05
104.644055,-0.0021015625
104.648055,8.59375e-05
104.652055,0.0005234375
104.656055,3.125e-05
104.660055,-0.0008359375
104.664055,0.00021875
104.668055,0.0004140625
104.672055,0.000328125
104.676055,-0.0009453125
104.680057,-0.00075
104.684055,0.000609375
104.688055,0.0004375
104.692055,3.125e-05
104.696056,-0.0007890625
104.700055,-2.34375e-05
104.704062,0.000421875
104.708055,0.000125
104.712055,-0.0020625
104.716055,3.90625e-05
104.720055,0.0007109375
104.724055,7.031250000000001e-05
104.728055,-0.002015625
104.732055,2.34375e-05
104.736055,0.0007734375
104.740059,9.375e-05
104.744056,-0.0019921875
104.748055,7.8125e-06
104.752054,0.0005078125
104.756055,-1.5625e-05
104.760054,-0.0008984375
104.764057,8.59375e-05
104.768057,0.000484375
104.772055,0.0001328125
104.776055,-0.0007421875
104.780055,-0.0006875
104.784055,0.0006328125
104.788054,0.00040625000000000004
104.792055,0.0
104.796055,-0.000515625
104.800056,-6.25e-05
104.804064,0.000515625
104.808056,7.031250000000001e-05
104.812056,-0.002046875
104.816055,5.46875e-05
104.820055,0.0008359375
104.824055,4.6875e-05
104.828055,-0.002078125
104.832055,2.34375e-05
104.836055,0.00075
104.840055,0.00010156250000000001
104.844055,-0.0018437500000000001
104.848055,-7.8125e-06
104.852055,0.000375
104.856055,-0.0001796875
104.860055,-0.0009453125
104.864055,-7.8125e-05
104.868055,0.0004453125
104.872055,0.000296875
104.876055,-0.0006484375
104.880055,-0.0007734375
104.884055,0.0004296875
104.888055,0.000234375
104.892055,0.0001484375
104.896055,-0.0008828125
104.900055,-7.031250000000001e-05
104.904062,0.00034375
104.908056,0.000125
104.912055,-0.0020078125
104.916055,4.6875e-05
104.920055,0.0007968750000000001
104.924055,7.031250000000001e-05
104.928055,-0.00175
104.932055,1.5625e-05
104.936056,0.0006640625
104.940055,0.000109375
104.944055,-0.0020625
104.948055,6.25e-05
104.952055,0.000421875
104.956055,-0.0001484375
104.960056,-0.0007890625
104.964055,-7.031250000000001e-05
104.968055,0.0004453125
104.972055,0.0003125
104.976055,-0.0004296875
104.980055,-0.0010703125
104.984055,-1.5625e-05
104.988055,0.00020312500000000002
104.992055,6.25e-05
104.996055,-0.0007578125
105.000055,-7.8125e-06
105.004087,0.0002890625
105.008056,0.000125
105.012055,-0.001375
105.016056,-3.90625e-05
105.020055,0.000828125
105.024055,0.000109375
105.028055,-0.0019921875
105.032055,4.6875e-05
105.036055,0.000703125
105.040055,1.5625e-05
105.044055,-0.002015625
105.048055,7.031250000000001e-05
105.052055,0.000828125
105.056055,0.000125
105.060055,-0.0007734375
105.064055,0.00020312500000000002
105.068055,0.0007421875
105.072055,-3.125e-05
105.076054,0.0
105.080055,-0.000640625
105.084055,2.34375e-05
105.088055,0.0005390625
105.092055,3.90625e-05
105.096055,-0.0008125000000000001
105.100055,1.5625e-05
105.104057,0.000390625
105.108055,7.8125e-05
105.112055,-0.0009296875000000001
105.116055,-1.5625e-05
105.120056,0.0007968750000000001
105.124055,0.0001171875
105.128055,-0.00178125
105.132055,3.90625e-05
105.136055,0.0007968750000000001
105.140055,2.34375e-05
105.144055,-0.0022031250000000002
105.148055,7.8125e-06
105.152055,0.0009140625
105.156055,0.0
105.160055,-0.0006796875000000001
105.164055,1.5625e-05
105.168055,0.0006015625
105.172054,6.25e-05
105.176054,0.0
105.180055,-0.0008359375
105.184055,3.125e-05
105.188055,0.00025
105.192055,6.25e-05
105.196055,-0.00071875
105.200055,4.6875e-05
105.20406,0.0003125
105.208055,3.125e-05
105.212055,-0.0010703125
105.216055,3.125e-05
105.220055,0.0006484375
105.224055,7.031250000000001e-05
105.228055,-0.001890625
105.232055,-1.5625e-05
105.236055,0.000859375
105.240055,-7.8125e-05
105.244055,-0.0021953125
105.248055,0.0
105.252055,0.00078125
105.256037,-9.375e-05
105.260058,-0.0007578125
105.264055,-0.0001953125
105.268055,0.0005
105.272054,-4.6875e-05
105.276055,-1.5625e-05
105.280055,-0.0008828125
105.284055,3.125e-05
105.288054,0.0002578125
105.292055,7.031250000000001e-05
105.296054,-0.0010390625
105.300055,0.0
105.304065,0.00033593750000000003
105.308056,0.00010156250000000001
105.312055,-0.0012734375
105.316056,7.8125e-06
105.320055,0.0007265625
105.324055,7.8125e-05
105.328055,-0.0019140625
105.332056,5.46875e-05
105.336055,0.0008671875
105.340055,9.375e-05
105.344055,-0.0023203125
105.348055,0.0002265625
105.352055,0.000859375
105.356055,-7.8125e-06
105.360055,-0.0008046875000000001
105.364055,3.125e-05
105.368055,0.0006484375
105.372055,-7.8125e-06
105.376055,6.25e-05
105.380055,-0.0008125000000000001
105.384055,3.125e-05
105.388055,0.00028125000000000003
105.392055,5.46875e-05
105.396055,-0.0008203125
105.400055,6.25e-05
105.40406,0.000375
105.408055,0.00010156250000000001
105.412055,-0.0013984375
105.416055,-2.34375e-05
105.420055,0.0007968750000000001
105.424055,0.00010156250000000001
105.428055,-0.0019765625
105.432054,6.25e-05
105.436055,0.00084375
105.440055,-3.125e-05
105.444055,-0.0020859375
105.448055,5.46875e-05
105.452055,0.00084375
105.456055,1.5625e-05
105.460055,-0.0006953125
105.464055,-3.90625e-05
105.468055,0.00078125
105.472055,4.6875e-05
105.476055,-6.25e-05
105.480055,-0.0007109375
105.484055,7.8125e-06
105.488055,0.0003671875
105.492055,6.25e-05
105.496055,-0.0007578125
105.500055,5.46875e-05
105.504057,0.0003515625
105.508056,7.031250000000001e-05
105.512055,-0.001296875
105.516055,5.46875e-05
105.520055,0.0006718750000000001
105.524055,8.59375e-05
105.528055,-0.002
105.532055,-3.125e-05
105.536058,0.000765625
105.54006,7.031250000000001e-05
105.544056,-0.0020859375
105.548056,-9.375e-05
105.552055,0.000953125
105.556059,-7.031250000000001e-05
105.560055,-0.0022578125
105.564057,-0.000125
105.568055,0.000578125
105.572055,-3.125e-05
105.576055,8.59375e-05
105.580056,-3.90625e-05
105.584055,7.8125e-06
105.588055,0.0003828125
105.592055,3.90625e-05
105.596055,-0.0009140625
105.600056,0.0
105.604059,0.000515625
105.608055,5.46875e-05
105.612055,-0.0013437500000000001
105.616055,0.0
105.620054,0.0004453125
105.624055,2.34375e-05
105.628055,-0.0023203125
105.632055,-1.5625e-05
105.636056,0.000875
105.640055,8.59375e-05
105.644056,-0.002046875
105.648055,7.8125e-05
105.652055,0.0009921875
105.656055,-3.125e-05
105.660056,-0.00215625
105.664055,-0.0001484375
105.668055,0.0002578125
105.672055,7.8125e-06
105.676055,3.125e-05
105.680063,7.8125e-06
105.684057,4.6875e-05
105.688055,0.000359375
105.692056,6.25e-05
105.696059,-0.0009218750000000001
105.700057,-6.25e-05
105.704064,0.000390625
105.708055,3.125e-05
105.712055,-0.001046875
105.716055,3.125e-05
105.720056,0.00059375
105.724055,3.90625e-05
105.728055,-0.0020703125
105.732055,4.6875e-05
105.736055,0.000875
105.740055,3.90625e-05
105.744055,-0.0020234375
105.748055,7.8125e-05
105.752055,0.001015625
105.756058,0.000125
105.760057,-0.0021796875
105.764055,6.25e-05
105.768057,6.25e-05
105.772056,-4.6875e-05
105.776055,1.5625e-05
105.780056,2.34375e-05
105.784055,1.5625e-05
105.788055,0.00034375
105.792055,4.6875e-05
105.796055,-0.00115625
105.800055,1.5625e-05
105.804063,0.0004375
105.808055,6.25e-05
105.812055,-0.0013125
105.816055,7.8125e-06
105.820055,0.000453125
105.824055,0.0
105.828055,-0.0018828125
105.832055,-7.8125e-06
105.836055,0.0008828125
105.840055,2.34375e-05
105.844055,-0.00228125
105.848055,-6.25e-05
105.852055,0.0009765625
105.856055,7.031250000000001e-05
105.860056,-0.0047265625
105.864055,-0.00015625
105.868055,-2.34375e-05
105.872055,0.000109375
105.876055,3.90625e-05
105.880055,-0.0001171875
105.884055,5.46875e-05
105.888055,0.000359375
105.892055,6.25e-05
105.896055,-0.0010859375
105.900055,-7.8125e-06
105.90406,0.0005859375
105.908055,-7.8125e-06
105.912055,-0.0012578125
105.916055,-7.8125e-06
105.920056,0.00053125
105.924055,0.000109375
105.928055,-0.0022421875000000003
105.932055,-1.5625e-05
105.936055,0.000890625
105.940055,7.031250000000001e-05
105.944055,-0.0022031250000000002
105.948055,-9.375e-05
105.952055,0.0009296875000000001
105.956058,-3.125e-05
105.960056,-0.00490625
105.964056,-0.0001640625
105.968055,3.125e-05
105.972055,-7.8125e-05
105.976055,3.90625e-05
105.980055,0.000125
105.984056,-4.6875e-05
105.988056,0.0004296875
105.992055,5.46875e-05
105.996055,-0.0010078125
106.000055,1.5625e-05
106.004062,0.0005625000000000001
106.008056,7.8125e-05
106.012054,-0.0013828125
106.016056,7.8125e-06
106.020056,0.0006171875
106.024056,7.031250000000001e-05
106.028055,-0.0016015625000000001
106.032055,-3.90625e-05
106.036055,0.00071875
106.040056,5.46875e-05
106.044055,-0.002171875
106.048055,7.8125e-06
106.052055,0.00090625
106.056055,0.000109375
106.060055,-0.0022578125
106.064055,-0.0001171875
106.068055,0.000859375
106.072055,-0.0001484375
106.076055,6.25e-05
106.080055,8.59375e-05
106.084055,-9.375e-05
106.088055,-8.59375e-05
106.092055,0.000109375
106.096055,-0.00109375
106.100055,-3.90625e-05
106.104061,0.000484375
106.108055,0.000109375
106.112055,-0.001328125
106.116055,-2.34375e-05
106.120055,0.000703125
106.124055,3.90625e-05
106.128055,-0.0015390625
106.132055,2.34375e-05
106.136055,0.000875
106.140055,9.375e-05
106.144055,-0.0022578125
106.148055,3.125e-05
106.152055,0.000859375
106.156058,7.8125e-05
106.160057,-0.002484375
106.164056,3.125e-05
106.168056,0.0009296875000000001
106.172055,-3.125e-05
106.176055,5.46875e-05
106.180055,-7.8125e-06
106.184055,7.8125e-06
106.188055,-4.6875e-05
106.192056,7.8125e-06
106.196054,-0.0012421875
106.200054,0.0
106.204058,0.0005703125
106.208055,0.00010156250000000001
106.212055,-0.001203125
106.216055,-1.5625e-05
106.220055,0.0005859375
106.224055,6.25e-05
106.228055,-0.0015937500000000001
106.232055,-7.8125e-06
106.236055,0.0009375
106.240055,-7.8125e-06
106.244055,-0.0023046875
106.248055,1.5625e-05
106.252055,0.000890625
106.256055,6.25e-05
106.26006,-0.0023046875
106.264057,-0.000109375
106.268056,0.000890625
106.272056,3.125e-05
106.276055,0.00010156250000000001
106.280058,-9.375e-05
106.284056,-1.5625e-05
106.288055,0.00015625
106.292055,3.125e-05
106.296055,-0.0013359375
106.300058,0.0
106.304063,0.00046093750000000003
106.308056,9.375e-05
106.312055,-0.001421875
106.316056,6.25e-05
106.320058,0.0006640625
106.324057,7.8125e-05
106.328055,-0.0015390625
106.332055,5.46875e-05
106.336055,0.0008828125
106.340059,5.46875e-05
106.344057,-0.0023125
106.348056,1.5625e-05
106.352055,0.0010390625
106.356058,-8.59375e-05
106.360058,-0.002265625
106.364056,-0.000171875
106.368056,0.000953125
106.372055,-0.0002578125
106.376055,0.00010156250000000001
106.380057,-3.125e-05
106.384057,-8.59375e-05
106.388056,6.25e-05
106.392055,0.0001171875
106.396055,-0.0013828125
106.400057,-5.46875e-05
106.404063,0.0004296875
106.408056,7.8125e-05
106.412055,-0.0016093750000000001
106.416055,4.6875e-05
106.420057,0.0004765625
106.424056,0.0001328125
106.428056,-0.00175
106.432055,-2.34375e-05
106.436058,0.00084375
106.440058,3.90625e-05
106.444056,-0.0022421875000000003
106.448056,3.125e-05
106.452055,0.0008984375
106.456056,0.00021875
106.460058,-0.0020859375
106.464057,-8.59375e-05
106.468055,0.0009609375
106.472055,-0.0002265625
106.476055,5.46875e-05
106.480057,-0.0001171875
106.484056,0.0
106.488055,5.46875e-05
106.492055,4.6875e-05
106.496055,-0.0011484375
106.500058,4.6875e-05
106.504061,0.0005703125
106.508056,3.90625e-05
106.512055,-0.00146875
106.516055,2.34375e-05
106.520058,0.000484375
106.524056,9.375e-05
106.528055,-0.00165625
106.532055,-2.34375e-05
106.536055,0.0008984375
106.540058,0.0001171875
106.544058,-0.004640625
106.548057,-0.0001171875
106.552055,0.0009453125
106.556058,0.0
106.560058,-0.0043203125
106.564057,4.6875e-05
106.568056,0.000890625
106.572055,6.25e-05
106.576055,-0.001953125
106.580058,-3.90625e-05
106.584057,7.8125e-06
106.588055,-2.34375e-05
106.592055,9.375e-05
106.596055,-0.000484375
106.600057,0.0
106.604059,0.000609375
106.608055,4.6875e-05
106.612056,-0.001515625
106.616055,8.59375e-05
106.620057,0.0006796875000000001
106.624056,1.5625e-05
106.628055,-0.0015234375
106.632055,5.46875e-05
106.636055,0.0007890625
106.640057,2.34375e-05
106.644057,-0.0021796875
106.648056,-1.5625e-05
106.652056,0.001
106.656055,3.90625e-05
106.660057,-0.002109375
106.664057,7.031250000000001e-05
106.668055,0.0009453125
106.672055,7.8125e-06
106.676055,-0.0019453125
106.68006,-9.375e-05
106.684057,0.0
106.688056,0.00010156250000000001
106.692055,7.031250000000001e-05
106.696059,-0.00033593750000000003
106.700058,7.8125e-06
106.704064,0.0004765625
106.708055,9.375e-05
106.712055,-0.0015390625
106.716056,-4.6875e-05
106.720058,0.0006875
106.724056,9.375e-05
106.728055,-0.0015625
106.732055,0.0
106.736055,0.0006328125
106.740058,7.8125e-05
106.744057,-0.002171875
106.748055,0.0
106.752055,0.0009453125
106.756058,4.6875e-05
106.760059,-0.0022734375
106.764057,-3.125e-05
106.768056,0.000953125
106.772056,-7.8125e-05
106.776055,-0.001984375
106.780058,-0.0001328125
106.784056,-1.5625e-05
106.788056,0.00020312500000000002
106.792055,7.8125e-05
106.796055,-0.0003046875
106.800058,7.8125e-05
106.804065,0.0005703125
106.808056,0.000109375
106.812055,-0.0018046875
106.816056,1.5625e-05
106.820058,0.0006640625
106.824056,4.6875e-05
106.828056,-0.0015625
106.832055,-4.6875e-05
106.836055,0.0005703125
106.840058,7.8125e-05
106.844057,-0.0021875
106.848056,-7.031250000000001e-05
106.852056,0.0009921875
106.856055,7.8125e-06
106.860058,-0.002046875
106.864057,3.125e-05
106.868056,0.0009921875
106.872055,-6.25e-05
106.876055,-0.0040859375
106.880058,-0.00028125000000000003
106.884056,-7.8125e-06
106.888055,1.5625e-05
106.892055,0.000109375
106.896055,-0.0005
106.900057,3.90625e-05
106.904063,0.000703125
106.908056,3.90625e-05
106.912055,-0.0015937500000000001
106.916055,-3.125e-05
106.920057,0.00059375
106.924057,4.6875e-05
106.928055,-0.001578125
106.932055,7.8125e-06
106.936055,0.0006718750000000001
106.940057,9.375e-05
106.944056,-0.0021875
106.948056,7.8125e-06
106.952055,0.0009296875000000001
106.956058,0.0
106.960058,-0.0032578125
106.964056,-2.34375e-05
106.968055,0.0009296875000000001
106.972055,0.00014062500000000002
106.976055,-0.0025859375
106.980057,-6.25e-05
106.984057,3.90625e-05
106.988055,0.0001875
106.992055,4.6875e-05
106.996055,-0.000484375
107.000058,-1.5625e-05
107.004062,0.00053125
107.008055,7.8125e-05
107.012055,-0.0015937500000000001
107.016056,-3.125e-05
107.020058,0.00059375
107.024056,3.125e-05
107.028056,-0.001640625
107.032055,-7.8125e-05
107.036055,0.0005546875000000001
107.040058,-7.8125e-06
107.044056,-0.0018359375000000001
107.048055,1.5625e-05
107.052055,0.001
107.056055,6.25e-05
107.060058,-0.002046875
107.064057,3.125e-05
107.068056,0.0010546875
107.072055,0.0001171875
107.076055,-0.003796875
107.080058,-5.46875e-05
107.084057,0.000515625
107.088055,0.0001953125
107.092055,0.000109375
107.096055,-0.0001875
107.100058,2.34375e-05
107.104063,3.125e-05
107.108056,0.0001328125
107.112056,-0.001453125
107.116055,0.0
107.120058,0.00071875
107.124056,4.6875e-05
107.128056,-0.0012578125
107.132056,-0.00010156250000000001
107.136055,0.0007734375
107.140058,4.6875e-05
107.144057,-0.001671875
107.148056,-2.34375e-05
107.152055,0.0010625
107.156058,3.90625e-05
107.160058,-0.002046875
107.164057,-3.90625e-05
107.168056,0.0010625
107.172055,-3.90625e-05
107.176055,-0.0036796875000000002
107.180057,-0.00028125000000000003
107.184057,0.000546875
107.188055,8.59375e-05
107.192055,0.0001328125
107.196055,-0.00025
107.200058,0.0
107.204059,0.0003046875
107.208056,0.0001328125
107.212055,-0.0018984375
107.216055,2.34375e-05
107.220057,0.0006171875
107.224056,7.031250000000001e-05
107.228056,-0.001640625
107.232055,2.34375e-05
107.236055,0.00078125
107.240057,1.5625e-05
107.244056,-0.0018359375000000001
107.248056,4.6875e-05
107.252055,0.0009375
107.256055,3.90625e-05
107.260057,-0.003953125
107.264067,6.25e-05
107.268059,0.001078125
107.272056,8.59375e-05
107.276058,-0.0054609375000000005
107.280056,-0.0004140625
107.284056,0.000453125
107.288055,8.59375e-05
107.292055,7.8125e-05
107.296055,-0.0004765625
107.300055,3.90625e-05
107.304066,-7.8125e-06
107.308056,0.000125
107.312055,-0.00146875
107.316055,2.34375e-05
107.320055,0.000578125
107.324055,0.0001171875
107.328055,-0.0016953125
107.332055,-6.25e-05
107.336055,0.0006171875
107.340055,-1.5625e-05
107.344055,-0.001953125
107.348055,1.5625e-05
107.352055,0.0010859375
107.356055,7.8125e-05
107.360055,-0.002015625
107.364055,2.34375e-05
107.368055,0.0012734375
107.372055,0.00014062500000000002
107.376055,-0.0010859375
107.380055,-0.00034375
107.384055,0.0005
107.388055,7.8125e-05
107.392055,5.46875e-05
107.396055,-0.00033593750000000003
107.400055,3.125e-05
107.404058,8.59375e-05
107.408055,5.46875e-05
107.412055,-0.0016875
107.416055,-1.5625e-05
107.420055,0.0006875
107.424055,0.000109375
107.428055,-0.0016875
107.432055,-7.031250000000001e-05
107.436055,0.0006796875000000001
107.440055,7.8125e-05
107.444055,-0.0018125
107.448055,-6.25e-05
107.452055,0.0007890625
107.456055,1.5625e-05
107.460055,-0.002078125
107.464055,2.34375e-05
107.468055,0.0012265625
107.472055,9.375e-05
107.476055,-0.0013046875
107.480054,-0.00034375
107.484055,0.0005234375
107.488055,0.0001328125
107.492055,3.90625e-05
107.496055,-0.0002578125
107.500055,3.125e-05
107.504057,0.00025
107.508055,0.000109375
107.512055,-0.0016171875000000001
107.516055,4.6875e-05
107.520055,0.0005625000000000001
107.524055,0.00010156250000000001
107.528055,-0.00175
107.532055,1.5625e-05
107.536055,0.0008125000000000001
107.540055,-8.59375e-05
107.544059,-0.0020703125
107.548056,3.125e-05
107.552055,0.0009453125
107.556056,4.6875e-05
107.560055,-0.0018203125
107.564055,-2.34375e-05
107.568055,0.0010625
107.572055,2.34375e-05
107.576055,-0.001296875
107.580055,-0.00040625000000000004
107.584055,0.0004765625
107.588056,3.125e-05
107.592055,-0.0007421875
107.596055,-0.0004296875
107.600055,7.8125e-05
107.604058,0.0003515625
107.608055,4.6875e-05
107.612055,-0.0006328125
107.616055,-3.125e-05
107.620055,0.000734375
107.624055,6.25e-05
107.628055,-0.0017578125
107.632055,1.5625e-05
107.636055,0.000765625
107.640055,4.6875e-05
107.644055,-0.0020703125
107.648055,-2.34375e-05
107.652055,0.0008359375
107.656055,9.375e-05
107.660055,-0.00140625
107.664056,-3.125e-05
107.668055,0.0005
107.672055,7.031250000000001e-05
107.676055,-0.0010234375
107.680056,-0.00034375
107.684056,0.00046093750000000003
107.688055,0.0001484375
107.692055,-0.0008125000000000001
107.696056,-0.0004453125
107.700055,-7.8125e-05
107.704062,0.000328125
107.708055,0.00010156250000000001
107.712055,-0.0009296875000000001
107.716055,3.125e-05
107.720055,0.0007968750000000001
107.724055,4.6875e-05
107.728055,-0.0018593750000000001
107.732054,2.34375e-05
107.736055,0.000734375
107.740055,1.5625e-05
107.744056,-0.002171875
107.748055,3.90625e-05
107.752055,0.0007890625
107.756055,3.90625e-05
107.760055,-0.003609375
107.764059,-1.5625e-05
107.76806,0.00053125
107.772056,-1.5625e-05
107.776056,-0.0010859375
107.780056,-0.0003046875
107.784061,0.000515625
107.788059,0.0001328125
107.792056,-0.000703125
107.796056,-0.0003671875
107.800055,-7.8125e-06
107.804061,0.0003203125
107.808059,8.59375e-05
107.812056,-0.0008671875
107.816055,1.5625e-05
107.820055,0.00071875
107.824057,7.8125e-05
107.828056,-0.0016796875
107.832055,-7.8125e-06
107.836056,0.00053125
107.840057,-5.46875e-05
107.844056,-0.00209375
107.848056,-7.8125e-06
107.852055,0.0002578125
107.856054,4.6875e-05
107.860056,-0.0037265625000000003
107.864056,-3.125e-05
107.868055,0.0005234375
107.872055,0.0001328125
107.876056,-0.0010234375
107.880056,-0.000265625
107.884055,0.00039843750000000003
107.888055,0.0001796875
107.892056,-0.0008515625
107.896056,-0.0006328125
107.900054,-1.5625e-05
107.904055,0.0003125
107.908058,3.125e-05
107.912055,-0.0008359375
107.916055,-3.90625e-05
107.920054,0.0006171875
107.924055,0.00014062500000000002
107.928055,-0.00196875
107.932055,-1.5625e-05
107.936055,0.0007734375
107.940058,4.6875e-05
107.944056,-0.0020234375
107.948055,-2.34375e-05
107.952055,0.0006796875000000001
107.956055,4.6875e-05
107.960055,-0.001390625
107.964055,-3.90625e-05
107.968055,0.0004765625
107.972055,7.8125e-05
107.976055,-0.0008671875
107.980055,-0.00034375
107.984055,0.0004765625
107.988055,6.25e-05
107.992055,-0.0007265625
107.996055,-0.0008046875000000001
108.000055,-1.5625e-05
108.004055,0.000359375
108.008058,0.0001171875
108.012056,-0.0009296875000000001
108.016055,3.90625e-05
108.020055,-0.0011250000000000001
108.024055,9.375e-05
108.028057,-0.0018671875000000001
108.032056,1.5625e-05
108.036055,0.0005859375
108.040056,2.34375e-05
108.044056,-0.00234375
108.048057,3.90625e-05
108.052055,0.0007578125
108.056055,7.031250000000001e-05
108.060055,-0.0012265625
108.064055,1.5625e-05
108.068055,0.000453125
108.072054,-7.031250000000001e-05
108.076055,-0.001015625
108.080055,3.90625e-05
108.084055,0.0004921875
108.088055,0.000296875
108.092055,-0.000734375
108.096055,-0.0006484375
108.100055,0.0004453125
108.104056,0.0004140625
108.108058,0.000109375
108.112055,-0.000859375
108.116055,-3.125e-05
108.120055,0.0003828125
108.124055,7.031250000000001e-05
108.128054,-0.0019609375
108.132055,1.5625e-05
108.136055,0.0007265625
108.140055,8.59375e-05
108.144055,-0.0018828125
108.148055,3.90625e-05
108.152055,0.0006875
108.156055,2.34375e-05
108.160055,-0.0021796875
108.164055,0.0001171875
108.168055,0.0004921875
108.172055,7.031250000000001e-05
108.176055,-0.0009296875000000001
108.180054,2.34375e-05
108.184055,0.0005703125
108.188055,0.000328125
108.192055,-0.0005625000000000001
108.196055,-0.0007109375
108.200055,0.0001171875
108.204055,0.000421875
108.208057,6.25e-05
108.212055,-0.000765625
108.216055,-2.34375e-05
108.220055,0.0003203125
108.224055,0.00015625
108.228055,-0.0020625
108.232055,-7.031250000000001e-05
108.236055,0.000859375
108.240055,0.000109375
108.244054,-0.0017734375
108.248054,0.0
108.252055,0.0007968750000000001
108.256055,3.90625e-05
108.260057,-0.00203125
108.264057,0.0001171875
108.268057,0.000421875
108.272055,5.46875e-05
108.276055,-0.0006953125
108.280055,0.000171875
108.284055,0.000546875
108.288055,0.00034375
108.292055,0.0
108.296055,-0.0008359375
108.300055,-7.8125e-06
108.304055,0.0003828125
108.308064,0.000109375
108.312056,-0.000625
108.316055,3.90625e-05
108.320055,0.0004921875
108.324055,5.46875e-05
108.328055,-0.002
108.332055,1.5625e-05
108.336055,0.0007265625
108.340055,0.000109375
108.344055,-0.0019296875
108.348055,2.34375e-05
108.352055,0.0007578125
108.356055,-3.125e-05
108.360055,-0.0018437500000000001
108.364055,-2.34375e-05
108.368055,0.0003515625
108.372055,-0.0001640625
108.376055,-0.0007109375
108.380055,-0.0001171875
108.384055,0.0006015625
108.388055,0.0002265625
108.392055,7.8125e-06
108.396055,-0.000890625
108.400055,-5.46875e-05
108.404055,0.00034375
108.408061,1.5625e-05
108.412055,-0.0011484375
108.416055,3.90625e-05
108.420055,0.0002734375
108.424055,0.000125
108.428055,-0.0018984375
108.432055,-3.90625e-05
108.436054,0.00075
108.440055,0.0001171875
108.444055,-0.002015625
108.448055,-2.34375e-05
108.452055,0.0007265625
108.456055,-6.25e-05
108.460055,-0.0020078125
108.464055,7.8125e-05
108.468055,0.00040625000000000004
108.472055,-0.0001171875
108.476055,-0.0006796875000000001
108.480055,-0.00015625
108.484055,0.00059375
108.488055,0.000375
108.492055,-7.8125e-06
108.496055,-0.0008125000000000001
108.500055,7.8125e-06
108.504055,0.000375
108.508057,0.000125
108.512055,-0.000953125
108.516056,7.8125e-06
108.520055,0.0003203125
108.524055,3.90625e-05
108.528055,-0.002
108.532055,-7.8125e-05
108.536054,0.0006953125
108.540059,5.46875e-05
108.544058,-0.0018671875000000001
108.548056,-7.031250000000001e-05
108.552055,0.0007734375
108.556055,-3.90625e-05
108.560055,-0.0021796875
108.564055,0.00010156250000000001
108.568055,0.000515625
108.572056,0.0001171875
108.576055,-0.00071875
108.580055,2.34375e-05
108.584055,0.0006484375
108.588056,0.00053125
108.592055,-3.125e-05
108.596055,-0.0007890625
108.600055,1.5625e-05
108.604055,0.0003671875
108.608057,3.125e-05
108.612055,-0.00084375
108.616055,2.34375e-05
108.620055,0.00040625000000000004
108.624055,8.59375e-05
108.628055,-0.0013437500000000001
108.632055,6.25e-05
108.636055,0.000765625
108.640055,6.25e-05
108.644055,-0.0019921875
108.648055,0.0
108.652055,0.000890625
108.656055,-0.00015625
108.660055,-0.002296875
108.664055,0.0
108.668055,0.0008671875
108.672055,7.8125e-06
108.676055,-0.000765625
108.680056,7.8125e-05
108.684056,0.0005390625
108.688055,0.00010156250000000001
108.692055,5.46875e-05
108.696054,-0.0007734375
108.700056,2.34375e-05
108.704055,0.0004296875
108.708061,7.031250000000001e-05
108.712055,-0.00084375
108.716055,4.6875e-05
108.720055,0.000578125
108.724055,0.0001171875
108.728055,-0.0013437500000000001
108.732055,-1.5625e-05
108.736055,0.00065625
108.74006,0.0001171875
108.744057,-0.0019296875
108.748056,3.125e-05
108.752056,0.0007968750000000001
108.75606,-0.000125
108.760058,-0.0020703125
108.764057,1.5625e-05
108.768056,0.000890625
108.772055,-0.000109375
108.776056,-0.000484375
108.780055,-7.031250000000001e-05
108.784055,0.000125
108.788055,0.00010156250000000001
108.792055,-2.34375e-05
108.796056,-0.0008671875
108.800056,-3.125e-05
108.804056,0.0004375
108.808059,0.000109375
108.812056,-0.0009921875
108.816055,-2.34375e-05
108.820055,0.0004765625
108.824055,7.031250000000001e-05
108.828055,-0.00121875
108.832055,-1.5625e-05
108.836055,0.0007890625
108.840055,0.000125
108.844055,-0.002
108.848055,2.34375e-05
108.852055,0.0008671875
108.856055,0.00010156250000000001
108.860055,-0.0023046875
108.864055,6.25e-05
108.868055,0.001015625
108.872055,3.125e-05
108.876055,-3.125e-05
108.880055,-1.5625e-05
108.884055,3.125e-05
108.888055,-3.125e-05
108.892055,3.125e-05
108.896055,-0.00084375
108.900055,-7.8125e-06
108.904055,0.0003828125
108.908061,9.375e-05
108.912055,-0.000859375
108.916055,3.90625e-05
108.920055,0.000453125
108.924055,7.8125e-05
108.928055,-0.001453125
108.932055,7.8125e-06
108.936055,0.00071875
108.940055,9.375e-05
108.944055,-0.00196875
108.948055,0.0
108.952055,0.000828125
108.956056,-4.6875e-05
108.960056,-0.0024140625
108.964055,3.90625e-05
108.968055,0.0008203125
108.972055,5.46875e-05
108.976055,3.90625e-05
108.980054,7.8125e-06
108.984055,-6.25e-05
108.988056,4.6875e-05
108.992055,2.34375e-05
108.996055,-0.0008515625
109.000055,4.6875e-05
109.004055,0.0003203125
109.008057,4.6875e-05
109.012055,-0.00090625
109.016056,3.125e-05
109.020056,0.0006718750000000001
109.024055,0.0
109.028054,-0.00121875
109.032056,-3.90625e-05
109.036056,0.000890625
109.040055,7.031250000000001e-05
109.044054,-0.0021015625
109.048056,4.6875e-05
109.052056,0.000859375
109.056055,-0.0001796875
109.060055,-0.002125
109.064055,-0.00015625
109.068055,0.0008203125
109.072055,-0.00010156250000000001
109.076055,7.8125e-06
109.080055,-8.59375e-05
109.084055,-7.8125e-06
109.088055,-5.46875e-05
109.092055,6.25e-05
109.096055,-0.0010859375
109.100055,-3.90625e-05
109.104055,0.000375
109.108057,0.00010156250000000001
109.112055,-0.001328125
109.116055,-2.34375e-05
109.120055,0.000484375
109.124055,5.46875e-05
109.128055,-0.001375
109.132055,7.8125e-06
109.136055,0.0007265625
109.140055,0.000125
109.144055,-0.0021640625
109.148055,1.5625e-05
109.152055,0.00090625
109.156055,7.031250000000001e-05
109.160055,-0.0022500000000000003
109.164055,0.0
109.168056,0.00096875
109.172055,7.8125e-06
109.176054,-0.0023984375
109.180055,-0.000125
109.184055,3.90625e-05
109.188055,-8.59375e-05
109.192055,7.031250000000001e-05
109.196055,-0.000125
109.200055,-5.46875e-05
109.204055,0.000421875
109.208057,8.59375e-05
109.212055,-0.001421875
109.216055,-8.59375e-05
109.220055,0.0005546875000000001
109.224055,8.59375e-05
109.228055,-0.001328125
109.232055,-5.46875e-05
109.236055,0.0006718750000000001
109.240055,7.031250000000001e-05
109.244055,-0.002375
109.248055,-3.125e-05
109.252055,0.0008125000000000001
109.256055,5.46875e-05
109.260055,-0.0022031250000000002
109.264055,1.5625e-05
109.268058,0.0008515625
109.272056,0.0001484375
109.276056,-0.002265625
109.280056,-0.00015625
109.284055,-7.8125e-05
109.288055,-0.00014062500000000002
109.292055,3.90625e-05
109.296055,-3.90625e-05
109.300055,0.0
109.304055,0.000421875
109.308063,8.59375e-05
109.312056,-0.0013046875
109.316056,-1.5625e-05
109.320055,0.000453125
109.324055,4.6875e-05
109.328055,-0.001484375
109.332055,3.125e-05
109.336055,0.000515625
109.340055,6.25e-05
109.344055,-0.0021015625
109.348055,-0.000125
109.352055,0.0008671875
109.356055,3.90625e-05
109.360055,-0.0021171875
109.364055,-9.375e-05
109.368055,0.0009375
109.372055,0.0001484375
109.376055,-0.004546875
109.380055,6.25e-05
109.384055,3.90625e-05
109.388055,-0.000125
109.392055,3.90625e-05
109.396055,-0.0001640625
109.400055,-7.8125e-06
109.404055,0.00059375
109.408061,6.25e-05
109.412055,-0.0010234375
109.416055,7.8125e-06
109.420056,0.0005859375
109.424055,5.46875e-05
109.428055,-0.0015
109.432055,0.0
109.436055,0.0006875
109.440055,2.34375e-05
109.444055,-0.002109375
109.448055,-5.46875e-05
109.452055,0.0008828125
109.456055,7.031250000000001e-05
109.460055,-0.0045390625
109.464055,-4.6875e-05
109.468055,0.001
109.472055,-2.34375e-05
109.476056,-0.0021953125
109.480055,7.8125e-05
109.484055,-3.90625e-05
109.488055,-3.90625e-05
109.492055,0.000109375
109.496055,-8.59375e-05
109.500055,6.25e-05
109.504055,0.000359375
109.508061,6.25e-05
109.512055,-0.0013437500000000001
109.516055,7.8125e-06
109.520055,0.000625
109.524055,2.34375e-05
109.528054,-0.0015546875
109.532055,-5.46875e-05
109.536055,0.0008125000000000001
109.540055,9.375e-05
109.544046,-0.0020625
109.548057,3.125e-05
109.552056,0.000859375
109.556055,5.46875e-05
109.560055,-0.0021796875
109.564055,-7.8125e-06
109.568056,0.00096875
109.572055,7.8125e-06
109.576055,-0.0021953125
109.580055,-5.46875e-05
109.584055,-0.0001171875
109.588055,-6.25e-05
109.592056,8.59375e-05
109.596056,-3.125e-05
109.600056,-2.34375e-05
109.604055,0.00053125
109.608058,6.25e-05
109.612055,-0.001203125
109.616055,0.00010156250000000001
109.620055,0.0005703125
109.624055,9.375e-05
109.628055,-0.0016250000000000001
109.632055,-4.6875e-05
109.636055,0.00065625
109.640055,3.125e-05
109.644055,-0.0015234375
109.648055,-0.0001171875
109.652055,0.0008984375
109.656055,2.34375e-05
109.660055,-0.0021484375
109.664055,-1.5625e-05
109.668055,0.000828125
109.672055,7.8125e-05
109.676055,-0.002296875
109.680057,7.8125e-06
109.684056,0.00096875
109.688055,4.6875e-05
109.692055,7.8125e-05
109.696056,-0.0003046875
109.700055,0.0
109.704055,8.59375e-05
109.708061,0.00014062500000000002
109.712056,-0.0011640625
109.716055,4.6875e-05
109.720055,0.00053125
109.724055,0.00014062500000000002
109.728055,-0.0020078125
109.732055,0.0
109.736055,0.00071875
109.740055,6.25e-05
109.744055,-0.0013984375
109.748056,3.125e-05
109.752055,0.000890625
109.756056,1.5625e-05
109.760059,-0.0023671875
109.764058,3.90625e-05
109.768056,0.0009296875000000001
109.772056,-2.34375e-05
109.776055,-0.0044218750000000005
109.780055,-3.125e-05
109.784055,0.0009609375
109.788055,5.46875e-05
109.792055,7.031250000000001e-05
109.796056,-0.0002734375
109.800055,-3.90625e-05
109.804055,0.0001328125
109.808064,7.031250000000001e-05
109.812056,-0.0015234375
109.816055,7.8125e-06
109.820055,0.00065625
109.824055,9.375e-05
109.828055,-0.001640625
109.832055,2.34375e-05
109.836055,0.0006171875
109.840055,2.34375e-05
109.844055,-0.001546875
109.848055,6.25e-05
109.852055,0.0009296875000000001
109.856055,8.59375e-05
109.860055,-0.0020859375
109.864055,0.0
109.868055,0.0009453125
109.872055,-6.25e-05
109.876055,-0.0021484375
109.880055,-0.00014062500000000002
109.884055,0.001015625
109.888055,-3.90625e-05
109.892055,6.25e-05
109.896055,-0.0001953125
109.900055,-1.5625e-05
109.904055,0.0002421875
109.908057,7.8125e-05
109.912055,-0.0015
109.916055,2.34375e-05
109.920055,0.000625
109.924055,0.000125
109.928055,-0.001890625
109.932055,-4.6875e-05
109.936055,0.0006015625
109.940055,7.8125e-05
109.944055,-0.00190625
109.948055,-2.34375e-05
109.952055,0.0008515625
109.956055,3.90625e-05
109.960055,-0.004515625
109.964055,0.0
109.968055,0.001
109.972055,-9.375e-05
109.976055,-0.0018984375
109.980055,-0.00015625
109.984055,0.0011328125
109.988055,-2.34375e-05
109.992055,3.125e-05
109.996055,-0.00010156250000000001
110.000055,7.8125e-06
110.004085,0.00020312500000000002
110.008059,7.031250000000001e-05
110.012056,-0.0014765625
110.016055,-5.46875e-05
110.020055,0.000515625
110.024055,0.0001328125
110.028055,-0.001765625
110.032055,7.8125e-06
110.036055,0.0005546875000000001
110.040055,8.59375e-05
110.044055,-0.001671875
110.048055,1.5625e-05
110.052055,0.0009453125
110.056055,0.0001171875
110.060055,-0.00209375
110.064055,6.25e-05
110.068055,0.000890625
110.072054,-5.46875e-05
110.076055,-0.0043671875
110.080056,0.0
110.084055,0.0011015625000000001
110.088055,7.031250000000001e-05
110.092055,7.8125e-05
110.096055,-0.0002109375
110.100055,2.34375e-05
110.104055,0.0001171875
110.108057,0.000109375
110.112055,-0.001453125
110.116055,-2.34375e-05
110.120055,0.00065625
110.124055,6.25e-05
110.128055,-0.001546875
110.132055,3.125e-05
110.136055,0.0005625000000000001
110.140055,0.000109375
110.144055,-0.0017421875
110.148055,0.0
110.152055,0.000640625
110.156055,5.46875e-05
110.160055,-0.0021015625
110.164055,7.8125e-06
110.168055,0.0009765625
110.172055,6.25e-05
110.176055,-0.001828125
110.180055,-2.34375e-05
110.184055,0.0010625
110.188056,0.0002421875
110.192056,-0.00115625
110.196054,-0.0003203125
110.200055,-9.375e-05
110.204055,0.00021875
110.208057,0.000109375
110.212055,-0.0003125
110.216055,3.90625e-05
110.220055,0.000734375
110.224055,9.375e-05
110.228055,-0.0013515625000000001
110.232055,-7.8125e-06
110.236055,0.0006953125
110.240055,7.031250000000001e-05
110.244055,-0.001484375
110.248055,3.125e-05
110.252055,0.000765625
110.256058,2.34375e-05
110.260058,-0.0025859375
110.264055,-8.59375e-05
110.268055,0.000875
110.272054,3.125e-05
110.276055,-0.00384375
110.280055,-0.00010156250000000001
110.284055,0.001171875
110.288054,4.6875e-05
110.292055,-0.0012421875
110.296054,-0.0001875
110.300055,1.5625e-05
110.304056,0.000234375
110.308058,8.59375e-05
110.312055,-0.000125
110.316056,9.375e-05
110.320055,0.00071875
110.324055,4.6875e-05
110.328054,-0.0015859375
110.332055,3.125e-05
110.336055,0.0005390625
110.340055,8.59375e-05
110.344055,-0.0018203125
110.348055,-2.34375e-05
110.352056,0.0007109375
110.356055,8.59375e-05
110.360055,-0.002
110.364055,-7.8125e-06
110.368055,0.000984375
110.372055,0.0
110.376055,-0.002
110.380055,-0.00015625
110.384055,0.001078125
110.388055,6.25e-05
110.392055,-0.001046875
110.396055,-0.00033593750000000003
110.400056,-2.34375e-05
110.404055,-3.125e-05
110.408057,0.0
110.412055,-0.000390625
110.416055,6.25e-05
110.420055,0.0007421875
110.424055,6.25e-05
110.428055,-0.00140625
110.432055,7.8125e-06
110.436055,0.0005703125
110.440055,8.59375e-05
110.444055,-0.0015937500000000001
110.448055,-7.8125e-06
110.452055,0.0008046875000000001
110.456055,8.59375e-05
110.460055,-0.001984375
110.464055,7.8125e-05
110.468055,0.00096875
110.472055,6.25e-05
110.476056,-0.0018125
110.480055,-0.000125
110.484055,0.0009296875000000001
110.488055,0.0001796875
110.49207,-0.00109375
110.496058,-0.0004296875
110.500055,2.34375e-05
110.504056,-2.34375e-05
110.508067,0.000125
110.512055,-0.000390625
110.516055,7.8125e-06
110.520056,0.0006718750000000001
110.524056,0.0001328125
110.528055,-0.0018515625000000001
110.532061,6.25e-05
110.536059,0.00065625
110.540056,2.34375e-05
110.544055,-0.001703125
110.548055,-2.34375e-05
110.552055,0.0008203125
110.556055,7.8125e-05
110.560055,-0.001953125
110.564054,1.5625e-05
110.568055,0.0010703125
110.572055,4.6875e-05
110.576055,-0.0015703125
110.580056,-0.000375
110.584055,0.0005703125
110.588056,0.00015625
110.592056,-0.0011093750000000001
110.596056,-0.000359375
110.600055,3.125e-05
110.604055,0.0
110.608062,3.90625e-05
110.612055,-0.00046093750000000003
110.616055,2.34375e-05
110.620055,0.0005390625
110.624055,5.46875e-05
110.628056,-0.001640625
110.632055,2.34375e-05
110.636055,0.0005859375
110.640055,7.031250000000001e-05
110.644055,-0.0019921875
110.648055,-4.6875e-05
110.652055,0.0006796875000000001
110.656055,7.031250000000001e-05
110.660055,-0.00196875
110.664055,-2.34375e-05
110.668055,0.0011093750000000001
110.672055,1.5625e-05
110.676055,-0.0036796875000000002
110.680057,8.59375e-05
110.684056,0.00053125
110.688055,0.00014062500000000002
110.692056,-0.0009296875000000001
110.696056,-0.00025
110.700055,0.000421875
110.704055,0.0001640625
110.708061,0.0001171875
110.712055,-0.0003671875
110.716055,-2.34375e-05
110.720056,0.000390625
110.724055,9.375e-05
110.728055,-0.0017890625
110.732055,-3.90625e-05
110.736055,0.0006796875000000001
110.740055,0.0001171875
110.744055,-0.0020625
110.748055,7.8125e-06
110.752055,0.00071875
110.756055,8.59375e-05
110.760055,-0.0020703125
110.764059,2.34375e-05
110.768058,0.0011796875
110.772055,0.0001171875
110.776055,-0.003765625
110.780055,5.46875e-05
110.784055,0.0004140625
110.788054,0.0001328125
110.792055,-0.0009218750000000001
110.796054,-0.0003515625
110.800055,0.0005703125
110.804054,1.5625e-05
110.808062,7.8125e-05
110.812056,-0.0006484375
110.816056,2.34375e-05
110.820055,0.0004140625
110.824055,1.5625e-05
110.828055,-0.0017578125
110.832055,-4.6875e-05
110.836055,0.0007265625
110.840055,9.375e-05
110.844056,-0.0019765625
110.848055,3.90625e-05
110.852055,0.0008203125
110.856055,-3.90625e-05
110.860055,-0.002078125
110.864055,-3.90625e-05
110.868055,0.0012578125
110.872055,8.59375e-05
110.876055,-0.001265625
110.880055,7.8125e-06
110.884055,0.000484375
110.888055,0.00020312500000000002
110.892055,-0.000953125
110.896055,-0.0002578125
110.900055,0.0003828125
110.904055,0.0002578125
110.908058,4.6875e-05
110.912055,-0.000828125
110.916055,0.0
110.920055,0.000390625
110.924055,0.000109375
110.928055,-0.0015234375
110.932055,3.125e-05
110.936055,0.0008046875000000001
110.940055,5.46875e-05
110.944055,-0.0018437500000000001
110.948055,1.5625e-05
110.952055,0.000828125
110.956055,6.25e-05
110.960055,-0.002140625
110.964055,-1.5625e-05
110.968055,0.0010703125
110.972055,6.25e-05
110.976055,-0.0011953125
110.980055,3.90625e-05
110.984055,0.000578125
110.988056,0.0002109375
110.992055,-0.0008828125
110.996054,-0.000125
111.000054,0.0005546875000000001
111.004055,0.0003515625
111.00806,5.46875e-05
111.012055,-0.0007734375
111.016055,3.90625e-05
111.020055,0.000328125
111.024055,0.00010156250000000001
111.028055,-0.0018125
111.032055,-5.46875e-05
111.036055,0.00078125
111.040055,7.031250000000001e-05
111.044055,-0.0019296875
111.048055,2.34375e-05
111.052055,0.00078125
111.056055,7.031250000000001e-05
111.060055,-0.0017109375
111.064055,-2.34375e-05
111.068055,0.00075
111.072055,3.90625e-05
111.076055,-0.0012109375
111.080055,7.8125e-06
111.084055,0.000515625
111.088055,3.125e-05
111.092055,-0.0008359375
111.096055,-0.000453125
111.100055,0.0005
111.104055,0.000265625
111.10806,0.000125
111.112055,-0.000859375
111.116055,6.25e-05
111.120055,0.000359375
111.124055,6.25e-05
111.128055,-0.001875
111.132055,3.125e-05
111.136055,0.0007265625
111.140055,6.25e-05
111.144055,-0.002
111.148055,4.6875e-05
111.152055,0.0007734375
111.156055,0.000125
111.160055,-0.0018828125
111.164055,-4.6875e-05
111.168055,0.000546875
111.172055,-4.6875e-05
111.176055,-0.0011250000000000001
111.180055,6.25e-05
111.184055,0.00039843750000000003
111.188055,-0.0001484375
111.192055,-0.00071875
111.196055,-0.0004296875
111.200055,0.0005859375
111.204055,0.0003125
111.208059,7.8125e-06
111.212055,-0.0008828125
111.216055,-5.46875e-05
111.220055,0.000390625
111.224054,9.375e-05
111.228055,-0.0009765625
111.232055,2.34375e-05
111.236055,0.000828125
111.240055,8.59375e-05
111.244055,-0.00215625
111.248055,0.0
111.252055,0.0007890625
111.256055,0.0001171875
111.260055,-0.0018984375
111.264057,7.8125e-06
111.268055,0.0006875
111.272055,7.031250000000001e-05
111.276054,-0.0010703125
111.280056,3.90625e-05
111.284054,0.000421875
111.288054,-0.0001796875
111.292054,-0.0006328125
111.296055,-0.0003671875
111.300055,0.0005625000000000001
111.304055,0.0003125
111.30806,4.6875e-05
111.312056,-0.0007734375
111.316055,3.125e-05
111.320055,0.000375
111.324056,0.000125
111.328055,-0.0008828125
111.332055,1.5625e-05
111.336055,0.0008203125
111.340055,8.59375e-05
111.344055,-0.0018828125
111.348055,1.5625e-05
111.352055,0.0008046875000000001
111.356055,6.25e-05
111.360055,-0.001734375
111.364055,-3.90625e-05
111.368055,0.000828125
111.372055,1.5625e-05
111.376055,-0.0009921875
111.380055,0.0001484375
111.384055,0.00046093750000000003
111.388055,3.90625e-05
111.392055,-0.0008203125
111.396055,-0.00075
111.400055,0.000625
111.404055,0.00034375
111.408061,3.125e-05
111.412055,-0.0007890625
111.416055,3.90625e-05
111.420055,0.00034375
111.424055,8.59375e-05
111.428055,-0.0009375
111.432055,-1.5625e-05
111.436055,0.0007109375
111.440056,-7.8125e-06
111.444055,-0.0022500000000000003
111.448055,3.125e-05
111.452055,0.0007265625
111.456055,0.0001328125
111.460055,-0.001953125
111.464055,-2.34375e-05
111.468055,0.0008359375
111.472055,-0.000171875
111.476055,-0.0009921875
111.480055,-3.125e-05
111.484055,0.000453125
111.488055,-7.031250000000001e-05
111.492055,-0.00071875
111.496055,-0.0008203125
111.500055,0.00065625
111.504055,0.0004140625
111.50806,4.6875e-05
111.512055,-0.00075
111.516055,-2.34375e-05
111.520055,0.0003828125
111.524055,0.0001640625
111.528055,-0.00096875
111.532055,4.6875e-05
111.536055,0.000828125
111.540057,0.000125
111.544057,-0.0019296875
111.548055,0.0
111.552054,0.000828125
111.556054,3.90625e-05
111.560055,-0.0018984375
111.564054,7.031250000000001e-05
111.568055,0.0007968750000000001
111.572054,-8.59375e-05
111.576055,-0.001
111.580056,0.000109375
111.584055,0.0004140625
111.588056,-0.0001171875
111.592056,-0.000734375
111.596055,-0.000625
111.600055,0.00040625000000000004
111.604055,0.0003515625
111.608058,-1.5625e-05
111.612055,-0.0009218750000000001
111.616055,-7.8125e-06
111.620055,0.000265625
111.624055,0.00014062500000000002
111.628055,-0.000828125
111.632055,-7.8125e-06
111.636055,0.000859375
111.640055,4.6875e-05
111.644055,-0.0020078125
111.648055,-5.46875e-05
111.652055,0.0007578125
111.656055,7.031250000000001e-05
111.660055,-0.00196875
111.664055,2.34375e-05
111.668055,0.0007734375
111.672055,2.34375e-05
111.676055,-0.00084375
111.680057,0.0001171875
111.684056,0.0004921875
111.688055,-9.375e-05
111.692055,-0.0002578125
111.696056,-6.25e-05
111.700055,4.6875e-05
111.704055,0.00046093750000000003
111.708061,8.59375e-05
111.712055,-0.000828125
111.716055,-2.34375e-05
111.720055,0.0003828125
111.724055,4.6875e-05
111.728055,-0.00103125
111.732055,0.0
111.736055,0.0003515625
111.740055,2.34375e-05
111.744055,-0.0019375
111.748055,7.8125e-06
111.752055,0.0008046875000000001
111.756056,7.031250000000001e-05
111.760057,-0.0018984375
111.764055,-7.8125e-06
111.768054,0.0007734375
111.772055,-3.90625e-05
111.776055,-0.002265625
111.780054,4.6875e-05
111.784054,0.000625
111.788059,0.00020312500000000002
111.792057,7.8125e-06
111.796056,9.375e-05
111.800056,-7.8125e-06
111.804057,0.000375
111.808064,0.000109375
111.812056,-0.000875
111.816055,-1.5625e-05
111.820055,0.0004765625
111.824055,4.6875e-05
111.828055,-0.00096875
111.832055,-1.5625e-05
111.836056,0.000609375
111.840055,0.000109375
111.844055,-0.002109375
111.848055,3.125e-05
111.852055,0.0008046875000000001
111.856055,8.59375e-05
111.860055,-0.0021015625
111.864055,-3.90625e-05
111.868055,0.000828125
111.872055,-0.000125
111.876055,-0.0022500000000000003
111.880055,-1.5625e-05
111.884055,0.0005234375
111.888055,5.46875e-05
111.892055,-3.125e-05
111.896055,-7.8125e-05
111.900055,0.0
111.904055,0.0003125
111.908058,0.00010156250000000001
111.912055,-0.001078125
111.916055,-2.34375e-05
111.920056,0.000375
111.924055,0.0001171875
111.928055,-0.0010859375
111.932055,0.0
111.936055,0.0005390625
111.940055,0.000125
111.944055,-0.0019453125
111.948055,7.8125e-05
111.952055,0.0007265625
111.956055,0.00010156250000000001
111.960055,-0.0045000000000000005
111.964055,0.0001328125
111.968055,0.0009296875000000001
111.972055,3.90625e-05
111.976055,-0.0021875
111.980055,-3.125e-05
111.984055,0.0006796875000000001
111.988055,-4.6875e-05
111.992055,7.031250000000001e-05
111.996055,-0.000265625
112.000055,-4.6875e-05
112.004054,0.00033593750000000003
112.00806,3.90625e-05
112.012055,-0.0008984375
112.016055,-3.125e-05
112.020055,0.0005
112.024055,3.125e-05
112.028055,-0.0014921875
112.032055,-0.0001171875
112.036055,0.0005
112.040055,0.00010156250000000001
112.044055,-0.001875
112.048055,-5.46875e-05
112.052055,0.0008125000000000001
112.056055,9.375e-05
112.060055,-0.00234375
112.064055,9.375e-05
112.068055,0.000859375
112.072055,3.125e-05
112.076055,-0.0022109375000000002
112.080056,0.000125
112.084054,0.0006953125
112.088055,0.0001796875
112.092055,2.34375e-05
112.096055,-2.34375e-05
112.100055,1.5625e-05
112.104055,0.0004375
112.108057,3.125e-05
112.112055,-0.00103125
112.116055,1.5625e-05
112.120055,0.0004453125
112.124055,3.125e-05
112.128055,-0.0013828125
112.132055,-4.6875e-05
112.136055,0.0006015625
112.140055,6.25e-05
112.144055,-0.00190625
112.148055,-3.125e-05
112.152055,0.000828125
112.156055,6.25e-05
112.160055,-0.002109375
112.164055,-7.031250000000001e-05
112.168055,0.001015625
112.172055,-5.46875e-05
112.176055,-0.00196875
112.180055,-1.5625e-05
112.184055,0.000390625
112.188055,0.0001171875
112.192055,4.6875e-05
112.196055,-3.125e-05
112.200055,1.5625e-05
112.204055,-0.000125
112.20806,8.59375e-05
112.212055,-0.0010078125
112.216055,0.0
112.220055,0.00040625000000000004
112.224055,0.0001171875
112.228055,-0.0014140625
112.232055,-7.8125e-06
112.236055,0.0004765625
112.240056,7.031250000000001e-05
112.244054,-0.0015859375
112.248055,-3.125e-05
112.252055,0.0008125000000000001
112.256055,0.00010156250000000001
112.260055,-0.0022109375000000002
112.264055,-5.46875e-05
112.268058,0.0008984375
112.272064,3.125e-05
112.276057,-0.0022109375000000002
112.280056,-0.00010156250000000001
112.284058,0.000953125
112.288055,-3.90625e-05
112.292055,8.59375e-05
112.296055,-0.00015625
112.300057,-1.5625e-05
112.304055,-3.90625e-05
112.308065,0.00010156250000000001
112.312054,-0.0011015625000000001
112.316056,7.8125e-06
112.320057,0.00040625000000000004
112.324056,7.8125e-05
112.328056,-0.0013046875
112.332055,-7.8125e-05
112.336055,0.0004921875
112.340057,0.0001171875
112.344056,-0.0017109375
112.348056,-6.25e-05
112.352056,0.0008203125
112.356055,9.375e-05
112.360057,-0.0022500000000000003
112.364057,7.8125e-06
112.368056,0.0007890625
112.372055,0.00015625
112.376055,-0.004625
112.380057,0.0
112.384057,0.0009453125
112.388055,2.34375e-05
112.392055,4.6875e-05
112.396055,9.375e-05
112.400058,0.0
112.404056,-5.46875e-05
112.408059,9.375e-05
112.412055,-0.0011015625000000001
112.416055,-1.5625e-05
112.420058,0.0004921875
112.424057,0.00010156250000000001
112.428055,-0.00115625
112.432055,-0.0001640625
112.436055,0.0005390625
112.440058,4.6875e-05
112.444057,-0.00153125
112.448056,-7.8125e-06
112.452055,0.00084375
112.456055,8.59375e-05
112.460058,-0.0022109375000000002
112.464056,0.0
112.468055,0.00090625
112.472056,0.0001328125
112.476055,-0.0046015625
112.480058,-7.8125e-06
112.484057,0.000890625
112.488055,0.000109375
112.492055,0.00010156250000000001
112.496055,0.000109375
112.500058,7.8125e-06
112.504057,-1.5625e-05
112.508063,6.25e-05
112.512056,-0.001203125
112.516055,-2.34375e-05
112.520058,0.0005625000000000001
112.524057,9.375e-05
112.528056,-0.0013671875000000001
112.532057,-7.8125e-06
112.536055,0.0005
112.540058,-7.8125e-06
112.544055,-0.001703125
112.548055,-7.8125e-06
112.552054,0.0008984375
112.556055,9.375e-05
112.560058,-0.002046875
112.564056,2.34375e-05
112.568055,0.0007890625
112.572056,-0.00015625
112.576056,-0.0044218750000000005
112.580058,-4.6875e-05
112.584057,0.0008671875
112.588055,0.00010156250000000001
112.592056,0.0001171875
112.596055,5.46875e-05
112.600057,0.0
112.604056,-3.125e-05
112.608059,5.46875e-05
112.612056,-0.00128125
112.616055,7.8125e-06
112.620057,0.0004765625
112.624057,0.00010156250000000001
112.628055,-0.0011875
112.632055,0.0
112.636055,0.0006796875000000001
112.640058,3.125e-05
112.644057,-0.00140625
112.648055,7.8125e-06
112.652055,0.00090625
112.656055,3.125e-05
112.660058,-0.002265625
112.664057,7.8125e-06
112.668055,0.0008203125
112.672055,8.59375e-05
112.676055,-0.0021484375
112.68006,-0.0001328125
112.684058,0.00096875
112.688056,-3.125e-05
112.692056,9.375e-05
112.696059,-3.90625e-05
112.700059,-1.5625e-05
112.704056,0.00010156250000000001
112.708064,7.8125e-05
112.712055,-0.000109375
112.716055,2.34375e-05
112.720058,0.0005390625
112.724056,0.00014062500000000002
112.728055,-0.0012265625
112.732055,-3.90625e-05
112.736055,0.0006718750000000001
112.740058,3.125e-05
112.744059,-0.0015078125
112.748056,-0.00010156250000000001
112.752055,0.00059375
112.756055,5.46875e-05
112.760058,-0.0021796875
112.764057,-3.125e-05
112.768056,0.000890625
112.772055,7.031250000000001e-05
112.776055,-0.0024296875
112.780058,-2.34375e-05
112.784057,0.0008359375
112.788055,-0.000234375
112.792055,-0.0020078125
112.796054,-0.00015625
112.800058,-2.34375e-05
112.804057,-4.6875e-05
112.808064,0.0001171875
112.812055,-0.000265625
112.816055,-3.90625e-05
112.820058,0.0004921875
112.824057,0.0001328125
112.828056,-0.001375
112.832055,0.0
112.836055,0.000609375
112.840058,5.46875e-05
112.844057,-0.00178125
112.848056,-7.8125e-06
112.852055,0.0005625000000000001
112.856055,4.6875e-05
112.860058,-0.00215625
112.864057,7.8125e-06
112.868056,0.0008671875
112.872055,3.90625e-05
112.876055,-0.002265625
112.880058,-3.90625e-05
112.884057,0.000984375
112.888056,-4.6875e-05
112.892055,-0.0020078125
112.896055,3.90625e-05
112.900057,1.5625e-05
112.904056,-1.5625e-05
112.908062,9.375e-05
112.912055,-0.00025
112.916055,1.5625e-05
112.920057,0.0005390625
112.924057,5.46875e-05
112.928055,-0.001453125
112.932055,0.0
112.936055,0.0006640625
112.940057,6.25e-05
112.944057,-0.0016953125
112.948056,-8.59375e-05
112.952055,0.000640625
112.956055,7.031250000000001e-05
112.960058,-0.0047578125
112.964056,-2.34375e-05
112.968055,0.00096875
112.972055,6.25e-05
112.976055,-0.0021171875
112.980058,-0.000109375
112.984057,0.00096875
112.988056,-0.0001796875
112.992055,-0.0016953125
112.996055,-2.34375e-05
113.000058,-4.6875e-05
113.004056,1.5625e-05
113.008062,0.0001171875
113.012056,-0.0001875
113.016055,-3.90625e-05
113.020058,0.0005625000000000001
113.024057,9.375e-05
113.028056,-0.0016171875000000001
113.032055,-8.59375e-05
113.036055,0.00065625
113.040058,8.59375e-05
113.044057,-0.0014921875
113.048056,1.5625e-05
113.052057,0.0007265625
113.056055,1.5625e-05
113.060058,-0.0024375
113.064057,-5.46875e-05
113.068056,0.000875
113.072055,4.6875e-05
113.076055,-0.0022265625000000002
113.080058,-0.0002265625
113.084057,0.000890625
113.088056,-0.00020312500000000002
113.092055,-0.00196875
113.096055,-0.00034375
113.100058,0.0
113.104056,0.00010156250000000001
113.108062,9.375e-05
113.112056,-0.0005078125
113.116055,4.6875e-05
113.120058,0.000515625
113.124056,0.0001171875
113.128055,-0.001734375
113.132055,7.8125e-06
113.136055,0.0005234375
113.140057,8.59375e-05
113.144056,-0.0016093750000000001
113.148056,0.0
113.152055,0.00071875
113.156055,0.00010156250000000001
113.160057,-0.00209375
113.164057,-2.34375e-05
113.168055,0.0009453125
113.172055,4.6875e-05
113.176055,-0.0021484375
113.180057,-2.34375e-05
113.184057,0.0010390625
113.188055,1.5625e-05
113.192055,-0.0021328125
113.196055,-0.0001796875
113.200058,0.000984375
113.204056,-8.59375e-05
113.208058,9.375e-05
113.212055,-0.000484375
113.216055,9.375e-05
113.220057,-5.46875e-05
113.224057,0.0001171875
113.228056,-0.001484375
113.232055,7.8125e-05
113.236055,0.000578125
113.240057,7.031250000000001e-05
113.244056,-0.0016875
113.248055,-7.8125e-06
113.252055,0.0005859375
113.256055,2.34375e-05
113.260058,-0.00178125
113.264056,2.34375e-05
113.268055,0.0010625
113.272055,9.375e-05
113.276055,-0.0020859375
113.280058,7.8125e-06
113.284057,0.00109375
113.288055,7.8125e-05
113.292055,-0.0016171875000000001
113.296055,-0.0001484375
113.300058,0.0008671875
113.304057,9.375e-05
113.308064,-1.5625e-05
113.312055,-0.0004375
113.316055,7.8125e-06
113.320058,0.00014062500000000002
113.324056,0.00014062500000000002
113.328055,-0.0019140625
113.332055,-7.8125e-06
113.336055,0.0006640625
113.340058,2.34375e-05
113.344056,-0.001515625
113.348056,-7.8125e-05
113.352055,0.0005625000000000001
113.356055,7.031250000000001e-05
113.360058,-0.00178125
113.364055,0.0
113.368055,0.000953125
113.372056,6.25e-05
113.376055,-0.0021796875
113.380058,1.5625e-05
113.384057,0.001078125
113.388056,-1.5625e-05
113.392055,-0.0038515625
113.396055,-0.0002734375
113.400057,0.0005546875000000001
113.404056,0.0002109375
113.408062,8.59375e-05
113.412055,-0.0001484375
113.416055,1.5625e-05
113.420057,0.000125
113.424056,9.375e-05
113.428055,-0.0016796875
113.432055,1.5625e-05
113.436055,0.0007109375
113.440057,0.00014062500000000002
113.444057,-0.001671875
113.448056,-2.34375e-05
113.452055,0.0007265625
113.456055,4.6875e-05
113.460057,-0.00190625
113.464056,2.34375e-05
113.468055,0.0008984375
113.472055,5.46875e-05
113.476055,-0.001953125
113.480058,-1.5625e-05
113.484057,0.00103125
113.488055,-5.46875e-05
113.492056,-0.00365625
113.496055,-0.000359375
113.500057,0.000578125
113.504056,0.000265625
113.508061,0.000109375
113.512055,-0.0003125
113.516055,1.5625e-05
113.520058,0.0002421875
113.524056,0.00014062500000000002
113.528056,-0.001453125
113.532055,7.8125e-06
113.536056,0.0005234375
113.540058,0.00010156250000000001
113.544056,-0.001578125
113.548055,-2.34375e-05
113.552056,0.00075
113.556055,8.59375e-05
113.560058,-0.001875
113.564056,5.46875e-05
113.568055,0.000953125
113.572056,6.25e-05
113.576055,-0.0017890625
113.580058,-7.8125e-06
113.584057,0.0011093750000000001
113.588056,6.25e-05
113.592055,-0.0038203125
113.596055,-0.000265625
113.600058,0.00046093750000000003
113.604056,9.375e-05
113.608057,0.000109375
113.612055,-0.000421875
113.616055,1.5625e-05
113.620058,9.375e-05
113.624056,0.00014062500000000002
113.628056,-0.001484375
113.632055,-1.5625e-05
113.636055,0.00065625
113.640058,7.8125e-05
113.644056,-0.0017265625
113.648056,0.0
113.652055,0.000703125
113.656055,6.25e-05
113.660058,-0.0019140625
113.664057,-7.8125e-06
113.668056,0.0009375
113.672055,3.125e-05
113.676055,-0.0020234375
113.680059,-2.34375e-05
113.684058,0.0012265625
113.688056,0.000265625
113.692055,-0.001203125
113.696059,-6.25e-05
113.700058,0.0004140625
113.704056,0.0002578125
113.708064,7.031250000000001e-05
113.712055,-0.0003046875
113.716055,3.125e-05
113.720057,0.0001640625
113.724056,0.0001171875
113.728055,-0.0015703125
113.732055,3.125e-05
113.736055,0.000765625
113.740057,9.375e-05
113.744056,-0.0015078125
113.748055,1.5625e-05
113.752055,0.00065625
113.756055,1.5625e-05
113.760057,-0.002046875
113.764056,-7.8125e-06
113.768057,0.000859375
113.772055,9.375e-05
113.776055,-0.0019921875
113.780058,-6.25e-05
113.784056,0.001015625
113.788055,5.46875e-05
113.792055,-0.0011015625000000001
113.796054,-0.000328125
113.800058,0.0005703125
113.804055,0.0001171875
113.808062,-0.0008671875
113.812055,-0.0002421875
113.816055,7.8125e-06
113.820058,0.000265625
113.824056,6.25e-05
113.828055,-0.0007734375
113.832055,8.59375e-05
113.836055,0.0006328125
113.840058,6.25e-05
113.844057,-0.001578125
113.848055,7.8125e-05
113.852055,0.000734375
113.856055,9.375e-05
113.860058,-0.00203125
113.864057,7.8125e-06
113.868056,0.0009140625
113.872055,3.90625e-05
113.876055,-0.0018359375000000001
113.880058,0.0
113.884057,0.00059375
113.888056,0.00010156250000000001
113.892055,-0.0011250000000000001
113.896055,-0.000421875
113.900058,0.0004296875
113.904057,-2.34375e-05
113.908062,-0.0008203125
113.912055,-0.000546875
113.916055,3.125e-05
113.920058,0.00034375
113.924056,4.6875e-05
113.928056,-0.0008828125
113.932055,4.6875e-05
113.936055,0.00075
113.940058,8.59375e-05
113.944057,-0.001890625
113.948055,-9.375e-05
113.952055,0.0007421875
113.956055,3.90625e-05
113.960057,-0.002015625
113.964056,1.5625e-05
113.968055,0.0007265625
113.972055,6.25e-05
113.976056,-0.003828125
113.980057,6.25e-05
113.984057,0.0004375
113.988056,4.6875e-05
113.992055,-0.0010234375
113.996055,-0.0003203125
114.000058,0.000453125
114.004057,0.0001875
114.008061,-0.0006953125
114.012056,-0.0006328125
114.016055,2.34375e-05
114.020057,0.0001796875
114.024056,0.00010156250000000001
114.028056,-0.000984375
114.032055,-2.34375e-05
114.036055,0.0006171875
114.040058,0.000125
114.044057,-0.00190625
114.048056,-6.25e-05
114.052055,0.000703125
114.056055,7.8125e-05
114.060058,-0.001984375
114.064057,4.6875e-05
114.068055,0.000828125
114.072055,3.125e-05
114.076055,-0.0010703125
114.080058,2.34375e-05
114.084056,0.0004296875
114.088055,-0.000109375
114.092056,-0.0011093750000000001
114.096055,-0.0002890625
114.100058,0.000453125
114.104056,0.0001875
114.108061,-0.0008125000000000001
114.112055,-0.000546875
114.116055,-3.125e-05
114.120058,0.0004375
114.124056,0.0001328125
114.128055,-0.000875
114.132055,0.0
114.136055,0.0006875
114.140058,7.8125e-05
114.144056,-0.001703125
114.148056,-7.8125e-06
114.152055,0.000875
114.156055,0.0
114.160058,-0.002
114.164057,-7.031250000000001e-05
114.168056,0.0007109375
114.172055,9.375e-05
114.176055,-0.001265625
114.180058,-3.125e-05
114.184056,0.00046875
114.188056,9.375e-05
114.192055,-0.0010625
114.196055,-0.000515625
114.200058,0.00046093750000000003
114.204057,0.00021875
114.208058,-0.000828125
114.212055,-0.0008203125
114.216055,-4.6875e-05
114.220058,0.000375
114.224057,0.00010156250000000001
114.228056,-0.0008046875000000001
114.232055,2.34375e-05
114.236055,0.0005390625
114.240057,0.0001484375
114.244056,-0.001953125
114.248056,-8.59375e-05
114.252055,0.0008125000000000001
114.256055,0.0
114.260059,-0.00215625
114.264058,-3.125e-05
114.268055,0.0007265625
114.272055,0.0
114.276054,-0.0018046875
114.280057,-2.34375e-05
114.284056,0.000359375
114.288055,-0.00014062500000000002
114.292055,-0.0009453125
114.296055,9.375e-05
114.300057,0.0005078125
114.304056,6.25e-05
114.308063,-0.0006171875
114.312055,-0.0007734375
114.316055,0.00040625000000000004
114.320058,0.000328125
114.324056,6.25e-05
114.328056,-0.000859375
114.332055,6.25e-05
114.336055,0.00034375
114.340058,-1.5625e-05
114.344057,-0.0020625
114.348056,2.34375e-05
114.352055,0.0007968750000000001
114.356055,0.0001171875
114.360058,-0.0018125
114.364057,1.5625e-05
114.368055,0.000765625
114.372055,8.59375e-05
114.376055,-0.0021015625
114.380058,-7.8125e-06
114.384057,0.0004140625
114.388055,-9.375e-05
114.392055,-0.00078125
114.396055,-7.8125e-05
114.400058,0.0005703125
114.404057,0.000328125
114.408062,-0.00025
114.412055,-0.000765625
114.416055,3.90625e-05
114.420058,0.0003125
114.424056,0.000125
114.428055,-0.0008203125
114.432055,-2.34375e-05
114.436055,0.000328125
114.440057,5.46875e-05
114.444057,-0.0017734375
114.448056,2.34375e-05
114.452055,0.000734375
114.456055,6.25e-05
114.460057,-0.001921875
114.464057,-2.34375e-05
114.468056,0.000703125
114.472055,2.34375e-05
114.476055,-0.0020390625
114.480058,7.8125e-05
114.484056,0.00059375
114.488055,-7.031250000000001e-05
114.492055,-0.000625
114.496055,0.0001640625
114.500057,0.000578125
114.504056,0.000421875
114.508061,-7.8125e-06
114.512055,-0.0008203125
114.516055,-1.5625e-05
114.520057,0.0004140625
114.524056,0.000109375
114.528055,-0.0009765625
114.532055,4.6875e-05
114.536055,0.0004375
114.540058,4.6875e-05
114.544056,-0.0020234375
114.548055,-0.00014062500000000002
114.552055,0.00075
114.556056,8.59375e-05
114.560058,-0.0018046875
114.564056,-2.34375e-05
114.568054,0.00084375
114.572055,-0.000125
114.576056,-0.00209375
114.580057,7.8125e-06
114.584057,0.000328125
114.588056,-0.0001484375
114.592055,-0.0006328125
114.596055,2.34375e-05
114.600058,0.0007109375
114.604056,0.0003671875
114.608058,-1.5625e-05
114.612056,-0.00075
114.616055,7.8125e-06
114.620058,0.000421875
114.624057,5.46875e-05
114.628056,-0.0007890625
114.632055,3.125e-05
114.636055,0.0005703125
114.640058,9.375e-05
114.644056,-0.001828125
114.648055,6.25e-05
114.652055,0.0007734375
114.656055,5.46875e-05
114.660058,-0.0020703125
114.664057,-7.8125e-06
114.668056,0.0007734375
114.672055,-9.375e-05
114.676055,-0.00190625
114.68006,3.90625e-05
114.684058,0.0005
114.688056,-0.00014062500000000002
114.692056,-0.0009453125
114.696059,-0.00020312500000000002
114.700058,0.000609375
114.704056,0.00034375
114.708063,7.8125e-05
114.712055,-0.0008515625
114.716055,-7.8125e-06
114.720057,0.00034375
114.724056,0.00014062500000000002
114.728055,-0.0010546875
114.732055,-7.8125e-06
114.736055,0.00046875
114.740058,7.031250000000001e-05
114.744057,-0.002109375
114.748055,2.34375e-05
114.752055,0.000765625
114.756055,0.000125
114.760057,-0.002046875
114.764056,7.8125e-05
114.768056,0.0008125000000000001
114.772056,2.34375e-05
114.776055,-0.0023359375
114.780058,0.00014062500000000002
114.784056,0.0005234375
114.788054,7.8125e-05
114.792055,-0.0007421875
114.796055,-0.000109375
114.800058,0.00040625000000000004
114.804056,0.00010156250000000001
114.808063,-7.8125e-06
114.812055,-0.0007421875
114.816055,-2.34375e-05
114.820057,0.0003671875
114.824056,5.46875e-05
114.828056,-0.0011250000000000001
114.832055,3.90625e-05
114.836055,0.0004921875
114.840057,7.8125e-05
114.844057,-0.001296875
114.848055,-3.125e-05
114.852055,0.00071875
114.856055,7.8125e-05
114.860058,-0.001875
114.864057,-4.6875e-05
114.868055,0.001
114.872055,-0.00014062500000000002
114.876055,-0.002265625
114.880057,3.125e-05
114.884057,0.00090625
114.888055,7.8125e-06
114.892055,-0.000296875
114.896055,7.031250000000001e-05
114.90006,0.00015625
114.904055,0.000125
114.908061,3.125e-05
114.912055,-0.0008046875000000001
114.916055,-7.8125e-06
114.920058,0.0003671875
114.924056,8.59375e-05
114.928055,-0.0010546875
114.932055,4.6875e-05
114.936055,0.0006015625
114.940058,1.5625e-05
114.944057,-0.001234375
114.948055,-2.34375e-05
114.952055,0.00090625
114.956055,4.6875e-05
114.960058,-0.0020234375
114.964057,-3.90625e-05
114.968055,0.00084375
114.972055,-4.6875e-05
114.976055,-0.0020234375
114.980058,-4.6875e-05
114.984056,0.0009609375
114.988056,-3.125e-05
114.992055,2.34375e-05
114.996055,-0.00015625
115.000057,-3.90625e-05
115.004085,1.5625e-05
115.008061,4.6875e-05
115.012056,-0.001046875
115.016055,-7.8125e-05
115.020057,0.0004453125
115.024056,1.5625e-05
115.028056,-0.0010625
115.032055,3.125e-05
115.036055,0.0005234375
115.040057,7.031250000000001e-05
115.044056,-0.0012890625
115.048055,0.0
115.052055,0.0008046875000000001
115.056055,-2.34375e-05
115.060057,-0.00209375
115.064057,3.90625e-05
115.068056,0.0008515625
115.072055,7.031250000000001e-05
115.076055,-0.002265625
115.080057,1.5625e-05
115.084057,0.0008359375
115.088056,7.8125e-05
115.092055,0.0
115.096055,-3.125e-05
115.100057,7.8125e-06
115.104057,-7.031250000000001e-05
115.108062,7.031250000000001e-05
115.112055,-0.0008671875
115.116055,0.0
115.120057,0.0004921875
115.124056,0.00010156250000000001
115.128055,-0.0011328125
115.132055,-7.8125e-06
115.136055,0.000515625
115.140058,6.25e-05
115.144056,-0.00125
115.148056,3.125e-05
115.152055,0.0008203125
115.156055,9.375e-05
115.160057,-0.0021484375
115.164056,3.90625e-05
115.168055,0.0009296875000000001
115.172055,3.125e-05
115.176055,-0.0022421875000000003
115.180058,2.34375e-05
115.184056,0.00090625
115.188056,0.00014062500000000002
115.192055,4.6875e-05
115.196055,-8.59375e-05
115.200058,-5.46875e-05
115.204057,-7.8125e-05
115.208057,5.46875e-05
115.212056,-0.0010625
115.216055,0.0
115.220057,0.0006328125
115.224056,7.8125e-05
115.228056,-0.0012734375
115.232055,-3.90625e-05
115.236055,0.000453125
115.240057,7.8125e-05
115.244056,-0.001375
115.248055,-2.34375e-05
115.252055,0.000875
115.256055,6.25e-05
115.260057,-0.00234375
115.264058,-3.125e-05
115.268057,0.0009296875000000001
115.272055,-3.90625e-05
115.276055,-0.002171875
115.280058,-0.000171875
115.284057,0.0010234375
115.288055,7.031250000000001e-05
115.292055,1.5625e-05
115.296054,-1.5625e-05
115.300058,-3.125e-05
115.304056,-0.00010156250000000001
115.308063,5.46875e-05
115.312056,-0.0002578125
115.316055,-2.34375e-05
115.320057,0.000421875
115.324057,7.031250000000001e-05
115.328056,-0.001234375
115.332056,1.5625e-05
115.336055,0.0006171875
115.340058,0.0
115.344057,-0.0015
115.348056,-9.375e-05
115.352056,0.000609375
115.356055,7.8125e-06
115.360057,-0.002015625
115.364056,1.5625e-05
115.368056,0.0010390625
115.372055,5.46875e-05
115.376055,-0.0021875
115.380057,-7.8125e-05
115.384056,0.0008828125
115.388056,-5.46875e-05
115.392055,-0.0022031250000000002
115.396055,3.90625e-05
115.400058,-1.5625e-05
115.404057,-7.031250000000001e-05
115.408061,7.8125e-05
115.412055,7.031250000000001e-05
115.416054,-2.34375e-05
115.420058,0.000390625
115.424057,1.5625e-05
115.428056,-0.0014609375
115.432055,2.34375e-05
115.436056,0.0005703125
115.440058,0.0001171875
115.444059,-0.001546875
115.448056,-2.34375e-05
115.452055,0.000625
115.456055,4.6875e-05
115.460057,-0.0023515625
115.464056,-7.8125e-06
115.468055,0.0009375
115.472055,7.8125e-05
115.476055,-0.0046875
115.480058,-5.46875e-05
115.484056,0.0009609375
115.488055,1.5625e-05
115.492055,-0.0023515625
115.496055,-3.125e-05
115.500058,1.5625e-05
115.504056,-0.000125
115.50806,5.46875e-05
115.512056,-0.000171875
115.516055,3.90625e-05
115.520058,0.000625
115.524056,6.25e-05
115.528055,-0.0013203125
115.532056,-6.25e-05
115.536055,0.000515625
115.540058,0.0001171875
115.544056,-0.0016015625000000001
115.548057,1.5625e-05
115.552055,0.0007109375
115.556055,9.375e-05
115.560058,-0.0021796875
115.564057,-1.5625e-05
115.568055,0.0008515625
115.572055,4.6875e-05
115.576054,-0.0023046875
115.580057,-0.0001328125
115.584056,0.0010078125
115.588056,-9.375e-05
115.592055,-0.0026328125
115.596055,5.46875e-05
115.600058,7.8125e-06
115.604055,0.00010156250000000001
115.608057,4.6875e-05
115.612056,-0.00025
115.616055,2.34375e-05
115.620057,0.0004765625
115.624056,3.90625e-05
115.628055,-0.0012890625
115.632055,-1.5625e-05
115.636055,0.0006484375
115.640057,1.5625e-05
115.644057,-0.0015703125
115.648055,7.8125e-06
115.652055,0.0006718750000000001
115.656055,3.90625e-05
115.660057,-0.002296875
115.664056,1.5625e-05
115.668055,0.0009218750000000001
115.672055,6.25e-05
115.676055,-0.0021015625
115.680059,-0.00014062500000000002
115.684058,0.0009609375
115.688056,5.46875e-05
115.692055,-0.002
115.696059,0.00015625
115.700059,-7.8125e-06
115.704057,8.59375e-05
115.708063,5.46875e-05
115.712055,-0.0001328125
115.716055,7.8125e-06
115.720057,0.0005
115.724056,9.375e-05
115.728056,-0.001296875
115.732055,3.90625e-05
115.736055,0.0006640625
115.740058,6.25e-05
115.744056,-0.001734375
115.748056,-4.6875e-05
115.752055,0.0006640625
115.756055,4.6875e-05
115.760059,-0.0022031250000000002
115.764057,-0.00010156250000000001
115.768055,0.000953125
115.772055,-3.90625e-05
115.776054,-0.0021328125
115.780058,2.34375e-05
115.784055,0.0009140625
115.788055,-9.375e-05
115.792055,-0.004078125
115.796055,-0.00010156250000000001
115.800058,0.0011250000000000001
115.804057,2.34375e-05
115.808062,0.00010156250000000001
115.812055,-0.00014062500000000002
115.816056,-2.34375e-05
115.820058,0.00015625
115.824057,9.375e-05
115.828056,-0.001453125
115.832055,3.125e-05
115.836055,0.0005390625
115.840058,7.8125e-05
115.844057,-0.0015
115.848056,-3.90625e-05
115.852056,0.0006796875000000001
115.856055,3.90625e-05
115.860057,-0.0015234375
115.864056,-3.90625e-05
115.868056,0.001015625
115.872055,4.6875e-05
115.876055,-0.00228125
115.880058,-3.125e-05
115.884057,0.000890625
115.888056,-4.6875e-05
115.892056,-0.0021328125
115.896055,-6.25e-05
115.900057,0.0009296875000000001
115.904056,-1.5625e-05
115.908058,0.000125
115.912055,-0.000421875
115.916055,0.0
115.920057,0.00040625000000000004
115.924056,2.34375e-05
115.928055,-0.0014921875
115.932056,5.46875e-05
115.936055,0.0006640625
115.940058,0.0001328125
115.944057,-0.0015859375
115.948056,-4.6875e-05
115.952055,0.0006015625
115.956055,1.5625e-05
115.960058,-0.0015078125
115.964056,5.46875e-05
115.968055,0.0009609375
115.972055,7.8125e-05
115.976055,-0.0023046875
115.980058,2.34375e-05
115.984056,0.000953125
115.988056,5.46875e-05
115.992055,-0.0018046875
115.996055,-7.8125e-06
116.000057,0.0009921875
116.004057,0.0001796875
116.00806,0.000125
116.012056,-0.000375
116.016055,7.8125e-06
116.020058,7.031250000000001e-05
116.024056,8.59375e-05
116.028056,-0.0016250000000000001
116.032056,-1.5625e-05
116.036055,0.000515625
116.040058,0.000125
116.044057,-0.0014765625
116.048056,4.6875e-05
116.052055,0.000640625
116.056055,7.031250000000001e-05
116.060058,-0.0018046875
116.064056,-4.6875e-05
116.068056,0.0009765625
116.072055,7.8125e-05
116.076055,-0.00215625
116.080058,-4.6875e-05
116.084057,0.0010078125
116.088056,-7.8125e-06
116.092055,-0.003890625
116.096055,-0.00015625
116.100058,0.001296875
116.104057,0.000109375
116.108061,7.031250000000001e-05
116.112056,-0.0002421875
116.116055,-0.00014062500000000002
116.120057,0.00020312500000000002
116.124057,7.031250000000001e-05
116.128055,-0.001671875
116.132055,-4.6875e-05
116.136056,0.0006171875
116.140057,0.00010156250000000001
116.144056,-0.0016484375
116.148055,-1.5625e-05
116.152055,0.00075
116.156055,9.375e-05
116.160057,-0.0016640625
116.164057,7.8125e-06
116.168055,0.001
116.172055,4.6875e-05
116.176055,-0.0023125
116.180057,3.125e-05
116.184057,0.0008828125
116.188055,-1.5625e-05
116.192055,-0.0018359375000000001
116.196055,-0.0003515625
116.200058,0.00103125
116.204057,7.031250000000001e-05
116.208061,0.00010156250000000001
116.212055,-0.00040625000000000004
116.216055,-5.46875e-05
116.220058,0.0001640625
116.224056,4.6875e-05
116.228056,-0.001703125
116.232055,2.34375e-05
116.236055,0.000625
116.240058,0.000109375
116.244056,-0.0015937500000000001
116.248055,0.0
116.252055,0.00053125
116.256055,3.125e-05
116.260057,-0.0018671875000000001
116.264056,3.125e-05
116.268056,0.000859375
116.272055,9.375e-05
116.276055,-0.004390625
116.280058,0.0
116.284055,0.0010234375
116.288054,0.00015625
116.292055,-0.001828125
116.296055,-0.000171875
116.300058,0.0006171875
116.304056,0.0001796875
116.308062,0.0001328125
116.312056,-0.000375
116.316056,4.6875e-05
116.320058,3.125e-05
116.324057,3.125e-05
116.328056,-0.0014765625
116.332056,-4.6875e-05
116.336055,0.0006171875
116.340058,8.59375e-05
116.344057,-0.0015859375
116.348056,2.34375e-05
116.352055,0.0007109375
116.356055,6.25e-05
116.360058,-0.0017109375
116.364057,-1.5625e-05
116.368056,0.000765625
116.372055,7.8125e-06
116.376055,-0.0045234375
116.380057,3.125e-05
116.384056,0.00109375
116.388056,6.25e-05
116.392055,-0.00375
116.396055,-0.0001484375
116.400057,0.000546875
116.404056,0.0001875
116.408062,-0.00115625
116.412055,-0.0002265625
116.416055,2.34375e-05
116.420057,0.000171875
116.424056,0.00010156250000000001
116.428056,-0.00046875
116.432055,7.8125e-06
116.436054,0.00059375
116.440057,0.000109375
116.444059,-0.00153125
116.448056,2.34375e-05
116.452055,0.0007421875
116.456055,3.125e-05
116.460057,-0.001875
116.464056,4.6875e-05
116.468055,0.0008828125
116.472055,5.46875e-05
116.476055,-0.0019609375
116.480057,2.34375e-05
116.484057,0.001078125
116.488055,3.90625e-05
116.492055,-0.0012109375
116.496055,-0.0004296875
116.500058,0.0005
116.504056,0.00021875
116.508061,-0.0010859375
116.512056,-0.000171875
116.516055,5.46875e-05
116.520058,0.0001796875
116.524057,0.0001328125
116.528055,-0.0006875
116.532056,4.6875e-05
116.536055,0.000578125
116.540058,0.00010156250000000001
116.544056,-0.0016796875
116.548055,0.0
116.552056,0.0007421875
116.556055,4.6875e-05
116.560058,-0.0018671875000000001
116.564056,0.0
116.568055,0.0008515625
116.572056,3.125e-05
116.576055,-0.002078125
116.580058,0.0
116.584057,0.0011484375
116.588056,0.00014062500000000002
116.592055,-0.0011171875000000001
116.596055,-0.0004375
116.600058,0.0004765625
116.604056,7.8125e-05
116.608058,-0.000984375
116.612056,-0.00033593750000000003
116.616055,3.90625e-05
116.620058,0.00020312500000000002
116.624056,0.000109375
116.628055,-0.000765625
116.632055,7.8125e-06
116.636055,0.000703125
116.640058,0.000109375
116.644056,-0.001828125
116.648056,5.46875e-05
116.652055,0.000640625
116.656055,4.6875e-05
116.660058,-0.0020390625
116.664056,0.0
116.668056,0.00078125
116.672055,7.8125e-06
116.676055,-0.0017890625
116.680059,-1.5625e-05
116.684057,0.0013046875
116.688056,6.25e-05
116.692055,-0.001328125
116.696059,-0.000359375
116.700058,0.0005546875000000001
116.704056,0.0002265625
116.708063,-0.0009140625
116.712055,-0.0004453125
116.716055,4.6875e-05
116.720058,0.0001640625
116.724057,5.46875e-05
116.728055,-0.0008671875
116.732056,-3.90625e-05
116.736055,0.00071875
116.740059,8.59375e-05
116.744056,-0.0016484375
116.748055,-2.34375e-05
116.752054,0.000875
116.756055,4.6875e-05
116.760058,-0.002140625
116.764056,3.125e-05
116.768056,0.0007734375
116.772055,0.0
116.776055,-0.0036875000000000002
116.780058,3.125e-05
116.784057,0.000890625
116.788054,1.5625e-05
116.792055,-0.0011796875
116.796054,-0.0002421875
116.800058,0.00053125
116.804057,0.000171875
116.808063,-0.0007968750000000001
116.812055,-0.0004453125
116.816055,0.0
116.820058,0.000328125
116.824056,3.125e-05
116.828055,-0.000734375
116.832055,4.6875e-05
116.836055,0.0007421875
116.840058,6.25e-05
116.844056,-0.0018828125
116.848056,-1.5625e-05
116.852055,0.0009140625
116.856055,9.375e-05
116.860058,-0.001953125
116.864057,2.34375e-05
116.868056,0.0008671875
116.872055,6.25e-05
116.876055,-0.0018515625000000001
116.880057,-5.46875e-05
116.884056,0.000515625
116.888055,5.46875e-05
116.892055,-0.0010234375
116.896055,0.00010156250000000001
116.900058,0.00046093750000000003
116.904057,0.0001640625
116.908058,-0.000765625
116.912055,-0.0005390625
116.916055,0.0005546875000000001
116.920057,0.0003515625
116.924056,0.0001328125
116.928055,-0.0007109375
116.932055,-0.000125
116.936055,0.0004140625
116.940057,5.46875e-05
116.944056,-0.0018437500000000001
116.948055,-7.8125e-06
116.952055,0.0006953125
116.956055,0.0001328125
116.960057,-0.002109375
116.964057,3.90625e-05
116.968055,0.0007578125
116.972055,3.90625e-05
116.976055,-0.0017578125
116.980057,1.5625e-05
116.984056,0.00046093750000000003
116.988055,1.5625e-05
116.992055,-0.001140625
116.996055,0.000109375
117.000057,0.000515625
117.004057,0.000125
117.008062,-0.0007109375
117.012055,-0.0007890625
117.016055,0.0006953125
117.020057,0.000375
117.024056,0.0001328125
117.028055,-0.0008671875
117.032055,5.46875e-05
117.036055,0.00033593750000000003
117.040058,5.46875e-05
117.044056,-0.00209375
117.048055,-2.34375e-05
117.052055,0.0008203125
117.056055,9.375e-05
117.060058,-0.0020390625
117.064057,-7.8125e-06
117.068055,0.0007421875
117.072055,3.125e-05
117.076055,-0.0018828125
117.080058,0.0
117.084056,0.0005078125
117.088056,-0.000109375
117.092055,-0.001
117.096055,3.90625e-05
117.100058,0.00039843750000000003
117.104056,0.000234375
117.10806,-0.0009218750000000001
117.112055,-0.0007734375
117.116055,0.0007265625
117.120058,0.00034375
117.124056,0.000109375
117.128056,-0.0008125000000000001
117.132055,3.125e-05
117.136055,0.00028125000000000003
117.140058,7.8125e-05
117.144057,-0.002046875
117.148056,-2.34375e-05
117.152055,0.0007734375
117.156055,8.59375e-05
117.160058,-0.001953125
117.164057,0.0
117.168055,0.000828125
117.172055,0.0001171875
117.176055,-0.0021796875
117.180058,5.46875e-05
117.184057,0.0004765625
117.188056,-7.8125e-06
117.192055,-0.0008359375
117.196055,3.90625e-05
117.200058,0.000609375
117.204056,0.0001484375
117.208061,-0.0007109375
117.212055,-0.0007109375
117.216055,0.00039843750000000003
117.220057,0.0003828125
117.224056,0.00010156250000000001
117.228056,-0.00075
117.232055,3.90625e-05
117.236055,0.0004375
117.240057,0.000109375
117.244056,-0.001984375
117.248055,1.5625e-05
117.252055,0.0007734375
117.256055,0.000109375
117.260058,-0.0019453125
117.264058,-7.8125e-06
117.268055,0.0006875
117.272055,3.125e-05
117.276055,-0.0020078125
117.280057,0.000109375
117.284055,0.000484375
117.288055,0.0
117.292054,-0.0009765625
117.296055,3.125e-05
117.300058,0.0005703125
117.304055,0.0002265625
117.308063,-0.000375
117.312055,-0.0008984375
117.316055,0.0001640625
117.320058,0.0005078125
117.324057,0.0001171875
117.328056,-0.0007109375
117.332055,-5.46875e-05
117.336055,0.00039843750000000003
117.340058,0.00010156250000000001
117.344056,-0.002109375
117.348056,5.46875e-05
117.352055,0.000703125
117.356055,8.59375e-05
117.360058,-0.001875
117.364056,-7.8125e-06
117.368056,0.0007734375
117.372056,6.25e-05
117.376055,-0.002078125
117.380058,6.25e-05
117.384057,0.00084375
117.388056,-0.00010156250000000001
117.392056,-0.0007578125
117.396054,-3.125e-05
117.400058,0.0005859375
117.404056,8.59375e-05
117.408062,-3.90625e-05
117.412055,-0.00075
117.416055,1.5625e-05
117.420058,0.0003828125
117.424056,7.031250000000001e-05
117.428055,-0.0009609375
117.432055,7.031250000000001e-05
117.436055,0.000390625
117.440058,0.000109375
117.444059,-0.001078125
117.448057,-2.34375e-05
117.452055,0.00075
117.456055,0.000125
117.460057,-0.0018203125
117.464055,2.34375e-05
117.468055,0.0008203125
117.472055,-2.34375e-05
117.476055,-0.0019765625
117.480057,2.34375e-05
117.484057,0.00090625
117.488056,1.5625e-05
117.492055,-0.0006328125
117.496055,7.031250000000001e-05
117.500057,0.0006328125
117.504056,5.46875e-05
117.508061,0.0
117.512055,-0.0008046875000000001
117.516055,-1.5625e-05
117.520057,0.000359375
117.524056,-7.8125e-06
117.528056,-0.0008125000000000001
117.532055,1.5625e-05
117.536057,0.000390625
117.540058,8.59375e-05
117.544056,-0.001015625
117.548055,-6.25e-05
117.552055,0.0008125000000000001
117.556055,8.59375e-05
117.560058,-0.0020703125
117.564056,7.031250000000001e-05
117.568055,0.0008828125
117.572056,7.031250000000001e-05
117.576055,-0.0020390625
117.580058,0.00015625
117.584056,0.0009218750000000001
117.588056,7.8125e-06
117.592056,-0.0007578125
117.596056,-5.46875e-05
117.600057,0.0006875
117.604056,3.125e-05
117.608058,-2.34375e-05
117.612056,-0.000828125
117.616055,-3.125e-05
117.620058,0.0002734375
117.624057,5.46875e-05
117.628056,-0.00103125
117.632055,4.6875e-05
117.636055,0.000453125
117.640058,0.000125
117.644057,-0.0013828125
117.648055,1.5625e-05
117.652056,0.0008125000000000001
117.656055,0.000109375
117.660058,-0.0018984375
117.664057,0.0
117.668056,0.000890625
117.672055,-2.34375e-05
117.676055,-0.0021484375
117.68006,7.031250000000001e-05
117.684057,0.0009609375
117.688056,-4.6875e-05
117.692055,-0.0007734375
117.696059,7.8125e-06
117.700058,0.0005234375
117.704056,-1.5625e-05
117.708064,2.34375e-05
117.712056,-0.0006796875000000001
117.716055,-7.8125e-06
117.720058,0.000375
117.724057,5.46875e-05
117.728055,-0.00078125
117.732055,-7.031250000000001e-05
117.736055,0.0003828125
117.740058,5.46875e-05
117.744057,-0.0013437500000000001
117.748055,-1.5625e-05
117.752055,0.0008671875
117.756055,8.59375e-05
117.760057,-0.002125
117.764057,3.90625e-05
117.768056,0.000828125
117.772055,-5.46875e-05
117.776055,-0.00228125
117.780057,7.8125e-05
117.784056,0.0008984375
117.788054,0.0
117.792055,-0.0005703125
117.796054,7.8125e-06
117.800057,0.00021875
117.804056,0.00010156250000000001
117.808063,7.8125e-06
117.812056,-0.0008984375
117.816055,-3.90625e-05
117.820058,0.000375
117.824057,4.6875e-05
117.828056,-0.0008125000000000001
117.832055,7.031250000000001e-05
117.836055,0.00053125
117.840058,0.0001328125
117.844056,-0.0012890625
117.848056,7.031250000000001e-05
117.852055,0.0008125000000000001
117.856055,7.031250000000001e-05
117.860058,-0.00196875
117.864057,-1.5625e-05
117.868055,0.000859375
117.872055,7.031250000000001e-05
117.876055,-0.0021796875
117.880057,9.375e-05
117.884057,0.00096875
117.888056,0.000109375
117.892055,-0.002171875
117.896055,7.8125e-06
117.900058,1.5625e-05
117.904057,-7.8125e-06
117.908057,7.8125e-06
117.912055,0.0
117.916055,3.125e-05
117.920058,0.0003515625
117.924057,7.8125e-05
117.928055,-0.00103125
117.932055,-2.34375e-05
117.936055,0.0005078125
117.940058,0.00015625
117.944057,-0.001296875
117.948056,-1.5625e-05
117.952055,0.000640625
117.956055,7.8125e-05
117.960058,-0.0022500000000000003
117.964056,-9.375e-05
117.968055,0.0009296875000000001
117.972054,4.6875e-05
117.976055,-0.002390625
117.980058,-7.8125e-06
117.984056,0.0009140625
117.988056,-3.90625e-05
117.992055,-0.0045703125
117.996055,-0.0001328125
118.000057,-1.5625e-05
118.004057,-4.6875e-05
118.008057,3.125e-05
118.012056,0.000109375
118.016055,2.34375e-05
118.020057,0.000390625
118.024056,3.125e-05
118.028055,-0.001265625
118.032055,3.90625e-05
118.036055,0.000546875
118.040057,4.6875e-05
118.044056,-0.0013984375
118.048055,3.125e-05
118.052055,0.0006328125
118.056055,4.6875e-05
118.060057,-0.0021953125
118.064056,-1.5625e-05
118.068055,0.000890625
118.072055,8.59375e-05
118.076055,-0.0020859375
118.080057,-0.00014062500000000002
118.084057,0.00084375
118.088055,-7.8125e-06
118.092055,-0.0022265625000000002
118.096055,-0.000109375
118.100057,4.6875e-05
118.104057,-1.5625e-05
118.108061,3.90625e-05
118.112055,6.25e-05
118.116055,3.90625e-05
118.120058,0.000359375
118.124056,5.46875e-05
118.128056,-0.001140625
118.132055,2.34375e-05
118.136055,0.00046093750000000003
118.140058,9.375e-05
118.144056,-0.001390625
118.148056,7.8125e-06
118.152055,0.0006484375
118.156055,0.00010156250000000001
118.160058,-0.00203125
118.164057,2.34375e-05
118.168056,0.0008046875000000001
118.172055,0.000109375
118.176055,-0.002390625
118.180058,2.34375e-05
118.184056,0.0009765625
118.188056,1.5625e-05
118.192055,-0.002390625
118.196055,-6.25e-05
118.200058,-7.8125e-06
118.204056,-6.25e-05
118.208061,2.34375e-05
118.212055,-0.000125
118.216055,-2.34375e-05
118.220058,0.00040625000000000004
118.224056,9.375e-05
118.228056,-0.0010703125
118.232055,-3.90625e-05
118.236055,0.00046875
118.240058,7.031250000000001e-05
118.244056,-0.001515625
118.248055,-1.5625e-05
118.252055,0.000703125
118.256055,3.125e-05
118.260057,-0.0021796875
118.264057,2.34375e-05
118.268054,0.0009453125
118.272055,3.90625e-05
118.276054,-0.0023828125
118.280058,-9.375e-05
118.284056,0.0009921875
118.288055,0.0001484375
118.292054,-0.0020859375
118.296055,-9.375e-05
118.300057,2.34375e-05
118.304057,-7.031250000000001e-05
118.308063,0.0
118.312055,-5.46875e-05
118.316055,7.8125e-06
118.320058,0.00040625000000000004
118.324057,9.375e-05
118.328055,-0.0013046875
118.332055,2.34375e-05
118.336055,0.0005703125
118.340058,5.46875e-05
118.344056,-0.001546875
118.348056,-1.5625e-05
118.352055,0.0005859375
118.356055,5.46875e-05
118.360057,-0.0016484375
118.364057,-2.34375e-05
118.368055,0.0009218750000000001
118.372055,7.031250000000001e-05
118.376055,-0.002125
118.380057,7.031250000000001e-05
118.384056,0.0009453125
118.388055,8.59375e-05
118.392055,-0.002328125
118.396055,-3.125e-05
118.400058,0.0009453125
118.404056,-6.25e-05
118.408058,8.59375e-05
118.412055,-5.46875e-05
118.416055,3.125e-05
118.420058,2.34375e-05
118.424057,8.59375e-05
118.428056,-0.0013437500000000001
118.432055,-4.6875e-05
118.436055,0.0005390625
118.440057,0.000109375
118.444059,-0.001453125
118.448057,-1.5625e-05
118.452055,0.000515625
118.456055,6.25e-05
118.460058,-0.001765625
118.464056,2.34375e-05
118.468055,0.0009140625
118.472055,0.0001328125
118.476055,-0.0046015625
118.480057,2.34375e-05
118.484055,0.000984375
118.488055,7.031250000000001e-05
118.492056,-0.00209375
118.496055,0.0
118.500058,0.0009218750000000001
118.504057,-7.031250000000001e-05
118.508061,8.59375e-05
118.512055,-0.0001953125
118.516055,2.34375e-05
118.520058,3.125e-05
118.524056,0.00010156250000000001
118.528055,-0.001390625
118.532055,-1.5625e-05
118.536057,0.0005078125
118.540058,5.46875e-05
118.544056,-0.0017109375
118.548055,-7.8125e-06
118.552055,0.000625
118.556056,9.375e-05
118.560058,-0.0017265625
118.564056,-7.8125e-06
118.568055,0.00096875
118.572055,-7.8125e-06
118.576055,-0.0022109375000000002
118.580057,3.125e-05
118.584056,0.0009921875
118.588056,7.031250000000001e-05
118.592056,-0.0023671875
118.596055,7.031250000000001e-05
118.600057,0.0009296875000000001
118.604057,2.34375e-05
118.608058,7.8125e-05
118.612055,-0.000171875
118.616055,-1.5625e-05
118.620058,0.00014062500000000002
118.624056,7.8125e-06
118.628056,-0.001453125
118.632055,0.0
118.636055,0.000609375
118.640058,0.0001171875
118.644056,-0.0017265625
118.648055,-1.5625e-05
118.652055,0.0007265625
118.656055,0.0001328125
118.660058,-0.0015390625
118.664056,-2.34375e-05
118.668055,0.0009218750000000001
118.672055,2.34375e-05
118.676055,-0.0024296875
118.68006,0.0
118.684058,0.0009609375
118.688056,-7.031250000000001e-05
118.692055,-0.0021875
118.696059,4.6875e-05
118.700058,0.0009453125
118.704056,-7.031250000000001e-05
118.708064,0.000109375
118.712055,-0.00015625
118.716055,3.90625e-05
118.720058,0.000125
118.724057,0.000125
118.728056,-0.00140625
118.732055,-7.8125e-06
118.736055,0.0008203125
118.740058,0.000125
118.744056,-0.0016875
118.748056,0.0
118.752055,0.0006484375
118.756055,8.59375e-05
118.760058,-0.0014609375
118.764056,4.6875e-05
118.768056,0.0009453125
118.772056,0.00010156250000000001
118.776055,-0.0021796875
118.780058,2.34375e-05
118.784055,0.000890625
118.788055,0.000109375
118.792054,-0.0021484375
118.796056,-7.8125e-06
118.800058,0.0008671875
118.804056,7.8125e-06
118.808062,6.25e-05
118.812056,-0.0001640625
118.816055,-4.6875e-05
118.820058,0.0001953125
118.824057,0.00010156250000000001
118.828056,-0.0013437500000000001
118.832055,1.5625e-05
118.836055,0.0005625000000000001
118.840057,-3.125e-05
118.844056,-0.0016953125
118.848055,-2.34375e-05
118.852055,0.000703125
118.856055,0.000109375
118.860057,-0.001765625
118.864056,4.6875e-05
118.868055,0.0007968750000000001
118.872055,5.46875e-05
118.876055,-0.0021640625
118.880058,-2.34375e-05
118.884057,0.001046875
118.888055,7.8125e-05
118.892055,-0.002109375
118.896055,4.6875e-05
118.900057,0.0011328125
118.904057,7.031250000000001e-05
118.908058,-0.0040703125
118.912055,-0.00021875
118.916055,-5.46875e-05
118.920057,0.0001328125
118.924056,0.00015625
118.928056,-0.00034375
118.932054,-3.125e-05
118.936054,0.0006796875000000001
118.940057,7.031250000000001e-05
118.944056,-0.0015234375
118.948056,4.6875e-05
118.952056,0.00071875
118.956055,8.59375e-05
118.960057,-0.001546875
118.964056,7.8125e-06
118.968055,0.0006718750000000001
118.972055,0.0
118.976055,-0.00246875
118.980058,7.8125e-06
118.984057,0.0009609375
118.988056,0.000109375
118.992056,-0.0019765625
118.996055,-0.0001328125
119.000058,0.0011328125
119.004057,0.0001171875
119.008058,-0.003765625
119.012055,-0.0003125
119.016055,0.0
119.020058,0.0001328125
119.024056,0.00010156250000000001
119.028056,-0.00039843750000000003
119.032055,3.90625e-05
119.036055,0.000859375
119.040058,0.000171875
119.044056,-0.0014453125
119.048055,-7.8125e-06
119.052055,0.0006015625
119.056055,6.25e-05
119.060058,-0.001671875
119.064057,-1.5625e-05
119.068055,0.000703125
119.072055,-1.5625e-05
119.076055,-0.0021875
119.080058,2.34375e-05
119.084056,0.001
119.088056,-7.8125e-06
119.092055,-0.0017421875
119.096055,-3.90625e-05
119.100058,0.001140625
119.104056,6.25e-05
119.10806,-0.003765625
119.112055,-0.0004453125
119.116055,7.8125e-06
119.120057,0.0001953125
119.124056,0.0001328125
119.128055,-0.0001953125
119.132055,1.5625e-05
119.136055,0.0005546875000000001
119.140057,0.000109375
119.144056,-0.0016171875000000001
119.148055,3.90625e-05
119.152055,0.000609375
119.156055,-2.34375e-05
119.160057,-0.00178125
119.164057,-3.90625e-05
119.168055,0.0007421875
119.172055,9.375e-05
119.176055,-0.0044062500000000004
119.180057,3.90625e-05
119.184056,0.000984375
119.188055,3.125e-05
119.192055,-0.00203125
119.196055,-0.000296875
119.200058,0.0010703125
119.204056,0.0002109375
119.208061,-0.0011640625
119.212055,-0.0004296875
119.216055,3.125e-05
119.220057,0.000171875
119.224057,0.00014062500000000002
119.228056,-0.0003046875
119.232055,2.34375e-05
119.236055,0.0006328125
119.240058,8.59375e-05
119.244056,-0.0016250000000000001
119.248056,-4.6875e-05
119.252055,0.000546875
119.256055,3.125e-05
119.260058,-0.0017265625
119.264058,2.34375e-05
119.268057,0.000734375
119.272055,1.5625e-05
119.276055,-0.0022343750000000002
119.280058,-0.00010156250000000001
119.284057,0.0010078125
119.288055,9.375e-05
119.292055,-0.001953125
119.296054,-0.00021875
119.300058,0.0010625
119.304057,0.0001953125
119.308063,-0.0012734375
119.312055,-0.00033593750000000003
119.316055,7.8125e-06
119.320058,1.5625e-05
119.324057,8.59375e-05
119.328056,-0.00040625000000000004
119.332055,0.0
119.336055,0.0006875
119.340058,0.000125
119.344057,-0.001390625
119.348055,-7.8125e-06
119.352055,0.0005625000000000001
119.356055,2.34375e-05
119.360058,-0.0019609375
119.364057,3.125e-05
119.368056,0.0008203125
119.372055,4.6875e-05
119.376055,-0.0019765625
119.380057,-4.6875e-05
119.384057,0.001015625
119.388055,4.6875e-05
119.392056,-0.0019609375
119.396055,0.0
119.400057,0.00065625
119.404057,4.6875e-05
119.408062,-0.0010859375
119.412055,-0.00028125000000000003
119.416054,0.0003828125
119.420057,0.00010156250000000001
119.424056,0.0001171875
119.428055,-0.0003828125
119.432055,6.25e-05
119.436055,0.0003125
119.440057,9.375e-05
119.444058,-0.0015546875
119.448055,3.125e-05
119.452056,0.0006171875
119.456055,0.0001328125
119.460057,-0.001671875
119.464056,-6.25e-05
119.468055,0.0007421875
119.472055,6.25e-05
119.476055,-0.0019765625
119.480057,-7.031250000000001e-05
119.484056,0.0009921875
119.488055,3.90625e-05
119.492055,-0.0037031250000000003
119.496055,-3.90625e-05
119.500058,0.00053125
119.504057,0.0001171875
119.508057,-0.0011640625
119.512055,-0.00025
119.516055,0.0005
119.520058,7.8125e-05
119.524057,7.031250000000001e-05
119.528055,-0.0005859375
119.532056,2.34375e-05
119.536055,0.000390625
119.540058,3.125e-05
119.544057,-0.0015546875
119.548055,7.031250000000001e-05
119.552055,0.0006796875000000001
119.556055,0.000125
119.560058,-0.0018203125
119.564056,-4.6875e-05
119.568055,0.0008828125
119.572055,9.375e-05
119.576056,-0.002015625
119.580058,4.6875e-05
119.584057,0.0011640625
119.588056,7.031250000000001e-05
119.592055,-0.0013125
119.596056,4.6875e-05
119.600058,0.000484375
119.604057,9.375e-05
119.608063,-0.0010859375
119.612056,-0.00033593750000000003
119.616055,0.0004765625
119.620058,0.0002890625
119.624057,0.000125
119.628056,-0.0006953125
119.632055,4.6875e-05
119.636055,0.000453125
119.640058,7.8125e-05
119.644057,-0.0017890625
119.648056,2.34375e-05
119.652055,0.0006875
119.656055,0.0001171875
119.660057,-0.00196875
119.664056,-3.90625e-05
119.668056,0.00075
119.672055,9.375e-05
119.676055,-0.0020546875
119.680059,-4.6875e-05
119.684057,0.00121875
119.688056,0.000109375
119.692055,-0.0012578125
119.696059,2.34375e-05
119.700058,0.0004296875
119.704057,0.0001640625
119.708064,-0.001
119.712055,-0.0002421875
119.716055,0.0004765625
119.720057,0.00020312500000000002
119.724056,8.59375e-05
119.728056,-0.000703125
119.732055,5.46875e-05
119.736055,0.0002734375
119.740058,7.8125e-05
119.744056,-0.0017890625
119.748056,-7.8125e-05
119.752055,0.0007578125
119.756056,0.00010156250000000001
119.760059,-0.0019765625
119.764057,3.125e-05
119.768055,0.0008828125
119.772055,3.90625e-05
119.776054,-0.0019375
119.780058,1.5625e-05
119.784056,0.0011093750000000001
119.788055,9.375e-05
119.792054,-0.0010546875
119.796056,2.34375e-05
119.800058,0.00046875
119.804057,0.000109375
119.808062,-0.0009921875
119.812056,-0.0003828125
119.816055,0.000484375
119.820058,0.0001796875
119.824057,9.375e-05
119.828056,-0.0007265625
119.832055,0.000109375
119.836055,0.000375
119.840058,2.34375e-05
119.844057,-0.00165625
119.848056,1.5625e-05
119.852055,0.0006953125
119.856055,6.25e-05
119.860058,-0.001953125
119.864057,-0.000109375
119.868056,0.000765625
119.872055,0.00010156250000000001
119.876055,-0.0019765625
119.880058,1.5625e-05
119.884057,0.0008515625
119.888055,0.000109375
119.892055,-0.0012421875
119.896055,-3.90625e-05
119.900058,0.0004296875
119.904057,0.000109375
119.908058,-0.0008359375
119.912055,-0.0004140625
119.916055,0.0005078125
119.920057,0.00025
119.924056,-0.0003515625
119.928055,-0.0007421875
119.932055,7.8125e-06
119.936055,0.000328125
119.940057,0.000109375
119.944056,-0.000828125
119.948056,3.125e-05
119.952055,0.0006796875000000001
119.956054,1.5625e-05
119.960057,-0.0019921875
119.964057,1.5625e-05
119.968055,0.0007734375
119.972055,7.8125e-06
119.976055,-0.0018515625000000001
119.980057,-7.8125e-06
119.984056,0.00075
119.988055,9.375e-05
119.992055,-0.001046875
119.996055,7.031250000000001e-05
